-1,-14,IP66XhNMtaraafzaVKPb3KjPaeQ=,Lslz88jjzYLy5AgYy595JI0bMqg=
-1,-15,IP66XhNMtaraafzaVKPb3KjPaeQ=,Lslz88jjzYLy5AgYy595JI0bMqg=
-6,-14,IP66XhNMtaraafzaVKPb3KjPaeQ=,Lslz88jjzYLy5AgYy595JI0bMqg=
-2,-14,0yyBGwaOofJE9s3dv9RrAwfmJIw=,Lslz88jjzYLy5AgYy595JI0bMqg=
-3,-14,0yyBGwaOofJE9s3dv9RrAwfmJIw=,Lslz88jjzYLy5AgYy595JI0bMqg=
-5,-14,CtradzQn1IcfRQhBXC7BDnLeYSE=,Lslz88jjzYLy5AgYy595JI0bMqg=
-4,-14,CtradzQn1IcfRQhBXC7BDnLeYSE=,Lslz88jjzYLy5AgYy595JI0bMqg=
-1,-10,CtradzQn1IcfRQhBXC7BDnLeYSE=,Lslz88jjzYLy5AgYy595JI0bMqg=
-1,-13,CtradzQn1IcfRQhBXC7BDnLeYSE=,Lslz88jjzYLy5AgYy595JI0bMqg=
-2,-15,CtradzQn1IcfRQhBXC7BDnLeYSE=,Lslz88jjzYLy5AgYy595JI0bMqg=
-7,-15,CtradzQn1IcfRQhBXC7BDnLeYSE=,Lslz88jjzYLy5AgYy595JI0bMqg=
-7,-14,CtradzQn1IcfRQhBXC7BDnLeYSE=,Lslz88jjzYLy5AgYy595JI0bMqg=
-3,-15,CtradzQn1IcfRQhBXC7BDnLeYSE=,Lslz88jjzYLy5AgYy595JI0bMqg=
-1,-11,CtradzQn1IcfRQhBXC7BDnLeYSE=,Lslz88jjzYLy5AgYy595JI0bMqg=
-5,-15,CtradzQn1IcfRQhBXC7BDnLeYSE=,Lslz88jjzYLy5AgYy595JI0bMqg=
-6,-15,CtradzQn1IcfRQhBXC7BDnLeYSE=,Lslz88jjzYLy5AgYy595JI0bMqg=
-1,-12,CtradzQn1IcfRQhBXC7BDnLeYSE=,Lslz88jjzYLy5AgYy595JI0bMqg=
-7,-13,CtradzQn1IcfRQhBXC7BDnLeYSE=,Lslz88jjzYLy5AgYy595JI0bMqg=
-4,-15,CtradzQn1IcfRQhBXC7BDnLeYSE=,Lslz88jjzYLy5AgYy595JI0bMqg=
-3,-10,CtradzQn1IcfRQhBXC7BDnLeYSE=,Lslz88jjzYLy5AgYy595JI0bMqg=
-5,-10,CtradzQn1IcfRQhBXC7BDnLeYSE=,Lslz88jjzYLy5AgYy595JI0bMqg=
-2,-10,CtradzQn1IcfRQhBXC7BDnLeYSE=,Lslz88jjzYLy5AgYy595JI0bMqg=
-4,-10,CtradzQn1IcfRQhBXC7BDnLeYSE=,Lslz88jjzYLy5AgYy595JI0bMqg=
-6,-10,CtradzQn1IcfRQhBXC7BDnLeYSE=,Lslz88jjzYLy5AgYy595JI0bMqg=
-4,-11,CtradzQn1IcfRQhBXC7BDnLeYSE=,Lslz88jjzYLy5AgYy595JI0bMqg=
-6,-13,CtradzQn1IcfRQhBXC7BDnLeYSE=,Lslz88jjzYLy5AgYy595JI0bMqg=
-7,-10,CtradzQn1IcfRQhBXC7BDnLeYSE=,Lslz88jjzYLy5AgYy595JI0bMqg=
-6,-11,CtradzQn1IcfRQhBXC7BDnLeYSE=,Lslz88jjzYLy5AgYy595JI0bMqg=
-2,-11,CtradzQn1IcfRQhBXC7BDnLeYSE=,Lslz88jjzYLy5AgYy595JI0bMqg=
-5,-11,CtradzQn1IcfRQhBXC7BDnLeYSE=,Lslz88jjzYLy5AgYy595JI0bMqg=
-3,-11,CtradzQn1IcfRQhBXC7BDnLeYSE=,Lslz88jjzYLy5AgYy595JI0bMqg=
-5,-13,CtradzQn1IcfRQhBXC7BDnLeYSE=,Lslz88jjzYLy5AgYy595JI0bMqg=
-6,-12,CtradzQn1IcfRQhBXC7BDnLeYSE=,Lslz88jjzYLy5AgYy595JI0bMqg=
-2,-12,CtradzQn1IcfRQhBXC7BDnLeYSE=,Lslz88jjzYLy5AgYy595JI0bMqg=
-7,-11,CtradzQn1IcfRQhBXC7BDnLeYSE=,Lslz88jjzYLy5AgYy595JI0bMqg=
-7,-12,CtradzQn1IcfRQhBXC7BDnLeYSE=,Lslz88jjzYLy5AgYy595JI0bMqg=
-3,-12,CtradzQn1IcfRQhBXC7BDnLeYSE=,Lslz88jjzYLy5AgYy595JI0bMqg=
-4,-12,CtradzQn1IcfRQhBXC7BDnLeYSE=,Lslz88jjzYLy5AgYy595JI0bMqg=
-3,-13,CtradzQn1IcfRQhBXC7BDnLeYSE=,Lslz88jjzYLy5AgYy595JI0bMqg=
-5,-12,CtradzQn1IcfRQhBXC7BDnLeYSE=,Lslz88jjzYLy5AgYy595JI0bMqg=
-8,-13,CtradzQn1IcfRQhBXC7BDnLeYSE=,Lslz88jjzYLy5AgYy595JI0bMqg=
-2,-13,hhdHu9tgXA7yz30KaZvX3xa1PnE=,Lslz88jjzYLy5AgYy595JI0bMqg=
-8,-14,hhdHu9tgXA7yz30KaZvX3xa1PnE=,Lslz88jjzYLy5AgYy595JI0bMqg=
-4,-13,hhdHu9tgXA7yz30KaZvX3xa1PnE=,Lslz88jjzYLy5AgYy595JI0bMqg=
-8,-12,hhdHu9tgXA7yz30KaZvX3xa1PnE=,Lslz88jjzYLy5AgYy595JI0bMqg=
-8,-15,hhdHu9tgXA7yz30KaZvX3xa1PnE=,Lslz88jjzYLy5AgYy595JI0bMqg=
-8,-10,hhdHu9tgXA7yz30KaZvX3xa1PnE=,Lslz88jjzYLy5AgYy595JI0bMqg=
-8,-11,hhdHu9tgXA7yz30KaZvX3xa1PnE=,Lslz88jjzYLy5AgYy595JI0bMqg=
-3,-16,hhdHu9tgXA7yz30KaZvX3xa1PnE=,Lslz88jjzYLy5AgYy595JI0bMqg=
-5,-16,hhdHu9tgXA7yz30KaZvX3xa1PnE=,Lslz88jjzYLy5AgYy595JI0bMqg=
-2,-16,hhdHu9tgXA7yz30KaZvX3xa1PnE=,Lslz88jjzYLy5AgYy595JI0bMqg=
-4,-16,hhdHu9tgXA7yz30KaZvX3xa1PnE=,Lslz88jjzYLy5AgYy595JI0bMqg=
-7,-16,hhdHu9tgXA7yz30KaZvX3xa1PnE=,Lslz88jjzYLy5AgYy595JI0bMqg=
-6,-16,hhdHu9tgXA7yz30KaZvX3xa1PnE=,Lslz88jjzYLy5AgYy595JI0bMqg=
-8,-16,hhdHu9tgXA7yz30KaZvX3xa1PnE=,Lslz88jjzYLy5AgYy595JI0bMqg=
-1,-16,hhdHu9tgXA7yz30KaZvX3xa1PnE=,Lslz88jjzYLy5AgYy595JI0bMqg=
-5,-8,hhdHu9tgXA7yz30KaZvX3xa1PnE=,NBnzfkFoUh0mS0ktrt96csn6ZdM=
-8,-7,hhdHu9tgXA7yz30KaZvX3xa1PnE=,NBnzfkFoUh0mS0ktrt96csn6ZdM=
-2,-9,hhdHu9tgXA7yz30KaZvX3xa1PnE=,Lslz88jjzYLy5AgYy595JI0bMqg=
-4,-9,hhdHu9tgXA7yz30KaZvX3xa1PnE=,Lslz88jjzYLy5AgYy595JI0bMqg=
-2,-4,hhdHu9tgXA7yz30KaZvX3xa1PnE=,NBnzfkFoUh0mS0ktrt96csn6ZdM=
-7,-5,hhdHu9tgXA7yz30KaZvX3xa1PnE=,NBnzfkFoUh0mS0ktrt96csn6ZdM=
-1,-9,hhdHu9tgXA7yz30KaZvX3xa1PnE=,Lslz88jjzYLy5AgYy595JI0bMqg=
-3,-9,hhdHu9tgXA7yz30KaZvX3xa1PnE=,Lslz88jjzYLy5AgYy595JI0bMqg=
-1,-5,hhdHu9tgXA7yz30KaZvX3xa1PnE=,NBnzfkFoUh0mS0ktrt96csn6ZdM=
-7,-7,hhdHu9tgXA7yz30KaZvX3xa1PnE=,NBnzfkFoUh0mS0ktrt96csn6ZdM=
-6,-9,hhdHu9tgXA7yz30KaZvX3xa1PnE=,Lslz88jjzYLy5AgYy595JI0bMqg=
-7,-9,hhdHu9tgXA7yz30KaZvX3xa1PnE=,Lslz88jjzYLy5AgYy595JI0bMqg=
-1,-4,hhdHu9tgXA7yz30KaZvX3xa1PnE=,NBnzfkFoUh0mS0ktrt96csn6ZdM=
-5,-9,hhdHu9tgXA7yz30KaZvX3xa1PnE=,Lslz88jjzYLy5AgYy595JI0bMqg=
-3,-8,hhdHu9tgXA7yz30KaZvX3xa1PnE=,NBnzfkFoUh0mS0ktrt96csn6ZdM=
-2,-8,hhdHu9tgXA7yz30KaZvX3xa1PnE=,NBnzfkFoUh0mS0ktrt96csn6ZdM=
-6,-5,hhdHu9tgXA7yz30KaZvX3xa1PnE=,NBnzfkFoUh0mS0ktrt96csn6ZdM=
-8,-5,hhdHu9tgXA7yz30KaZvX3xa1PnE=,NBnzfkFoUh0mS0ktrt96csn6ZdM=
-4,-4,hhdHu9tgXA7yz30KaZvX3xa1PnE=,NBnzfkFoUh0mS0ktrt96csn6ZdM=
-8,-6,hhdHu9tgXA7yz30KaZvX3xa1PnE=,NBnzfkFoUh0mS0ktrt96csn6ZdM=
-4,-8,hhdHu9tgXA7yz30KaZvX3xa1PnE=,NBnzfkFoUh0mS0ktrt96csn6ZdM=
-1,-6,hhdHu9tgXA7yz30KaZvX3xa1PnE=,NBnzfkFoUh0mS0ktrt96csn6ZdM=
-1,-8,hhdHu9tgXA7yz30KaZvX3xa1PnE=,NBnzfkFoUh0mS0ktrt96csn6ZdM=
-7,-6,hhdHu9tgXA7yz30KaZvX3xa1PnE=,NBnzfkFoUh0mS0ktrt96csn6ZdM=
-6,-8,hhdHu9tgXA7yz30KaZvX3xa1PnE=,NBnzfkFoUh0mS0ktrt96csn6ZdM=
-8,-9,hhdHu9tgXA7yz30KaZvX3xa1PnE=,Lslz88jjzYLy5AgYy595JI0bMqg=
-3,-4,hhdHu9tgXA7yz30KaZvX3xa1PnE=,NBnzfkFoUh0mS0ktrt96csn6ZdM=
-5,-5,hhdHu9tgXA7yz30KaZvX3xa1PnE=,NBnzfkFoUh0mS0ktrt96csn6ZdM=
-6,-3,hhdHu9tgXA7yz30KaZvX3xa1PnE=,NBnzfkFoUh0mS0ktrt96csn6ZdM=
-4,-5,hhdHu9tgXA7yz30KaZvX3xa1PnE=,NBnzfkFoUh0mS0ktrt96csn6ZdM=
-8,-8,hhdHu9tgXA7yz30KaZvX3xa1PnE=,NBnzfkFoUh0mS0ktrt96csn6ZdM=
-7,-3,hhdHu9tgXA7yz30KaZvX3xa1PnE=,NBnzfkFoUh0mS0ktrt96csn6ZdM=
-6,-6,hhdHu9tgXA7yz30KaZvX3xa1PnE=,NBnzfkFoUh0mS0ktrt96csn6ZdM=
-8,-4,hhdHu9tgXA7yz30KaZvX3xa1PnE=,NBnzfkFoUh0mS0ktrt96csn6ZdM=
-8,-3,hhdHu9tgXA7yz30KaZvX3xa1PnE=,NBnzfkFoUh0mS0ktrt96csn6ZdM=
-6,-7,hhdHu9tgXA7yz30KaZvX3xa1PnE=,NBnzfkFoUh0mS0ktrt96csn6ZdM=
-5,-3,hhdHu9tgXA7yz30KaZvX3xa1PnE=,NBnzfkFoUh0mS0ktrt96csn6ZdM=
-5,-7,hhdHu9tgXA7yz30KaZvX3xa1PnE=,NBnzfkFoUh0mS0ktrt96csn6ZdM=
-4,-3,hhdHu9tgXA7yz30KaZvX3xa1PnE=,NBnzfkFoUh0mS0ktrt96csn6ZdM=
-7,-4,hhdHu9tgXA7yz30KaZvX3xa1PnE=,NBnzfkFoUh0mS0ktrt96csn6ZdM=
-1,-3,hhdHu9tgXA7yz30KaZvX3xa1PnE=,NBnzfkFoUh0mS0ktrt96csn6ZdM=
-3,-3,hhdHu9tgXA7yz30KaZvX3xa1PnE=,NBnzfkFoUh0mS0ktrt96csn6ZdM=
-4,-7,hhdHu9tgXA7yz30KaZvX3xa1PnE=,NBnzfkFoUh0mS0ktrt96csn6ZdM=
-8,-2,hhdHu9tgXA7yz30KaZvX3xa1PnE=,NBnzfkFoUh0mS0ktrt96csn6ZdM=
-7,-2,hhdHu9tgXA7yz30KaZvX3xa1PnE=,NBnzfkFoUh0mS0ktrt96csn6ZdM=
-2,-3,hhdHu9tgXA7yz30KaZvX3xa1PnE=,NBnzfkFoUh0mS0ktrt96csn6ZdM=
-5,-6,hhdHu9tgXA7yz30KaZvX3xa1PnE=,NBnzfkFoUh0mS0ktrt96csn6ZdM=
-6,-2,hhdHu9tgXA7yz30KaZvX3xa1PnE=,NBnzfkFoUh0mS0ktrt96csn6ZdM=
-3,-2,hhdHu9tgXA7yz30KaZvX3xa1PnE=,NBnzfkFoUh0mS0ktrt96csn6ZdM=
-3,-5,hhdHu9tgXA7yz30KaZvX3xa1PnE=,NBnzfkFoUh0mS0ktrt96csn6ZdM=
-5,-2,hhdHu9tgXA7yz30KaZvX3xa1PnE=,NBnzfkFoUh0mS0ktrt96csn6ZdM=
-4,-6,hhdHu9tgXA7yz30KaZvX3xa1PnE=,NBnzfkFoUh0mS0ktrt96csn6ZdM=
-7,-1,hhdHu9tgXA7yz30KaZvX3xa1PnE=,NBnzfkFoUh0mS0ktrt96csn6ZdM=
-2,-2,hhdHu9tgXA7yz30KaZvX3xa1PnE=,NBnzfkFoUh0mS0ktrt96csn6ZdM=
-4,-1,hhdHu9tgXA7yz30KaZvX3xa1PnE=,NBnzfkFoUh0mS0ktrt96csn6ZdM=
-7,-8,hhdHu9tgXA7yz30KaZvX3xa1PnE=,NBnzfkFoUh0mS0ktrt96csn6ZdM=
-4,-2,hhdHu9tgXA7yz30KaZvX3xa1PnE=,NBnzfkFoUh0mS0ktrt96csn6ZdM=
-1,-2,hhdHu9tgXA7yz30KaZvX3xa1PnE=,NBnzfkFoUh0mS0ktrt96csn6ZdM=
-3,-1,hhdHu9tgXA7yz30KaZvX3xa1PnE=,NBnzfkFoUh0mS0ktrt96csn6ZdM=
-6,-1,hhdHu9tgXA7yz30KaZvX3xa1PnE=,NBnzfkFoUh0mS0ktrt96csn6ZdM=
-5,-1,hhdHu9tgXA7yz30KaZvX3xa1PnE=,NBnzfkFoUh0mS0ktrt96csn6ZdM=
-8,-1,hhdHu9tgXA7yz30KaZvX3xa1PnE=,NBnzfkFoUh0mS0ktrt96csn6ZdM=
-2,-5,hhdHu9tgXA7yz30KaZvX3xa1PnE=,NBnzfkFoUh0mS0ktrt96csn6ZdM=
-2,-1,hhdHu9tgXA7yz30KaZvX3xa1PnE=,NBnzfkFoUh0mS0ktrt96csn6ZdM=
-3,-7,hhdHu9tgXA7yz30KaZvX3xa1PnE=,NBnzfkFoUh0mS0ktrt96csn6ZdM=
-3,-6,hhdHu9tgXA7yz30KaZvX3xa1PnE=,NBnzfkFoUh0mS0ktrt96csn6ZdM=
-6,-4,hhdHu9tgXA7yz30KaZvX3xa1PnE=,NBnzfkFoUh0mS0ktrt96csn6ZdM=
-2,-6,hhdHu9tgXA7yz30KaZvX3xa1PnE=,NBnzfkFoUh0mS0ktrt96csn6ZdM=
-2,-7,hhdHu9tgXA7yz30KaZvX3xa1PnE=,NBnzfkFoUh0mS0ktrt96csn6ZdM=
-5,-4,hhdHu9tgXA7yz30KaZvX3xa1PnE=,NBnzfkFoUh0mS0ktrt96csn6ZdM=
-1,-1,hhdHu9tgXA7yz30KaZvX3xa1PnE=,NBnzfkFoUh0mS0ktrt96csn6ZdM=
-1,-7,hhdHu9tgXA7yz30KaZvX3xa1PnE=,NBnzfkFoUh0mS0ktrt96csn6ZdM=
-5,-20,bAKLHhHcYtODIdCLNjOZIwfDi8E=,VTabhER3PhIfaqTxJC2p0BlJdeo=
-3,-21,bAKLHhHcYtODIdCLNjOZIwfDi8E=,VTabhER3PhIfaqTxJC2p0BlJdeo=
-4,-20,bAKLHhHcYtODIdCLNjOZIwfDi8E=,VTabhER3PhIfaqTxJC2p0BlJdeo=
-3,-20,bAKLHhHcYtODIdCLNjOZIwfDi8E=,VTabhER3PhIfaqTxJC2p0BlJdeo=
-6,-19,bAKLHhHcYtODIdCLNjOZIwfDi8E=,VTabhER3PhIfaqTxJC2p0BlJdeo=
-7,-22,Uog4t1RjYG3TULIdrE0V4rZ26I4=,VTabhER3PhIfaqTxJC2p0BlJdeo=
-7,-20,Uog4t1RjYG3TULIdrE0V4rZ26I4=,VTabhER3PhIfaqTxJC2p0BlJdeo=
-4,-21,Uog4t1RjYG3TULIdrE0V4rZ26I4=,VTabhER3PhIfaqTxJC2p0BlJdeo=
-6,-20,Uog4t1RjYG3TULIdrE0V4rZ26I4=,VTabhER3PhIfaqTxJC2p0BlJdeo=
-5,-21,Uog4t1RjYG3TULIdrE0V4rZ26I4=,VTabhER3PhIfaqTxJC2p0BlJdeo=
-4,-22,Uog4t1RjYG3TULIdrE0V4rZ26I4=,VTabhER3PhIfaqTxJC2p0BlJdeo=
-3,-22,qPCDiYaRzcWSMPWXjS9QrbWauFw=,VTabhER3PhIfaqTxJC2p0BlJdeo=
-5,-19,qPCDiYaRzcWSMPWXjS9QrbWauFw=,VTabhER3PhIfaqTxJC2p0BlJdeo=
-4,-19,qPCDiYaRzcWSMPWXjS9QrbWauFw=,VTabhER3PhIfaqTxJC2p0BlJdeo=
-6,-22,qPCDiYaRzcWSMPWXjS9QrbWauFw=,VTabhER3PhIfaqTxJC2p0BlJdeo=
-7,-23,qPCDiYaRzcWSMPWXjS9QrbWauFw=,VTabhER3PhIfaqTxJC2p0BlJdeo=
-5,-22,qPCDiYaRzcWSMPWXjS9QrbWauFw=,VTabhER3PhIfaqTxJC2p0BlJdeo=
-6,-21,qPCDiYaRzcWSMPWXjS9QrbWauFw=,VTabhER3PhIfaqTxJC2p0BlJdeo=
-2,-23,y8wd7BEBcsM3+X8WPOBxlE+Mxjc=,VTabhER3PhIfaqTxJC2p0BlJdeo=
-2,-22,y8wd7BEBcsM3+X8WPOBxlE+Mxjc=,VTabhER3PhIfaqTxJC2p0BlJdeo=
-7,-19,y8wd7BEBcsM3+X8WPOBxlE+Mxjc=,VTabhER3PhIfaqTxJC2p0BlJdeo=
-2,-21,y8wd7BEBcsM3+X8WPOBxlE+Mxjc=,VTabhER3PhIfaqTxJC2p0BlJdeo=
-2,-18,y8wd7BEBcsM3+X8WPOBxlE+Mxjc=,VTabhER3PhIfaqTxJC2p0BlJdeo=
-3,-23,y8wd7BEBcsM3+X8WPOBxlE+Mxjc=,VTabhER3PhIfaqTxJC2p0BlJdeo=
-3,-18,8DzESioKxcNmmaYHLkXNndrE+8U=,VTabhER3PhIfaqTxJC2p0BlJdeo=
-4,-18,8DzESioKxcNmmaYHLkXNndrE+8U=,VTabhER3PhIfaqTxJC2p0BlJdeo=
-6,-18,8DzESioKxcNmmaYHLkXNndrE+8U=,VTabhER3PhIfaqTxJC2p0BlJdeo=
-2,-20,8DzESioKxcNmmaYHLkXNndrE+8U=,VTabhER3PhIfaqTxJC2p0BlJdeo=
-4,-23,8DzESioKxcNmmaYHLkXNndrE+8U=,VTabhER3PhIfaqTxJC2p0BlJdeo=
-5,-18,8DzESioKxcNmmaYHLkXNndrE+8U=,VTabhER3PhIfaqTxJC2p0BlJdeo=
-7,-18,8DzESioKxcNmmaYHLkXNndrE+8U=,VTabhER3PhIfaqTxJC2p0BlJdeo=
-12,-27,c+lqlDMzZ/6XDo2yJH0AE/VNyow=,k238Selch/57bSpj1tMJZQxfTA0=
-3,-19,c+lqlDMzZ/6XDo2yJH0AE/VNyow=,VTabhER3PhIfaqTxJC2p0BlJdeo=
-10,-28,c+lqlDMzZ/6XDo2yJH0AE/VNyow=,k238Selch/57bSpj1tMJZQxfTA0=
-14,-27,c+lqlDMzZ/6XDo2yJH0AE/VNyow=,k238Selch/57bSpj1tMJZQxfTA0=
-13,-27,c+lqlDMzZ/6XDo2yJH0AE/VNyow=,k238Selch/57bSpj1tMJZQxfTA0=
-15,-27,c+lqlDMzZ/6XDo2yJH0AE/VNyow=,k238Selch/57bSpj1tMJZQxfTA0=
-12,-28,c+lqlDMzZ/6XDo2yJH0AE/VNyow=,k238Selch/57bSpj1tMJZQxfTA0=
-11,-28,c+lqlDMzZ/6XDo2yJH0AE/VNyow=,k238Selch/57bSpj1tMJZQxfTA0=
-11,-27,c+lqlDMzZ/6XDo2yJH0AE/VNyow=,k238Selch/57bSpj1tMJZQxfTA0=
-13,-21,c+lqlDMzZ/6XDo2yJH0AE/VNyow=,DUdtkGlZXum8z/68r0r/FUMh0uw=
-7,-21,c+lqlDMzZ/6XDo2yJH0AE/VNyow=,VTabhER3PhIfaqTxJC2p0BlJdeo=
-5,-23,c+lqlDMzZ/6XDo2yJH0AE/VNyow=,VTabhER3PhIfaqTxJC2p0BlJdeo=
-6,-23,c+lqlDMzZ/6XDo2yJH0AE/VNyow=,VTabhER3PhIfaqTxJC2p0BlJdeo=
-2,-19,c+lqlDMzZ/6XDo2yJH0AE/VNyow=,VTabhER3PhIfaqTxJC2p0BlJdeo=
-14,-28,c+lqlDMzZ/6XDo2yJH0AE/VNyow=,k238Selch/57bSpj1tMJZQxfTA0=
-13,-28,c+lqlDMzZ/6XDo2yJH0AE/VNyow=,k238Selch/57bSpj1tMJZQxfTA0=
-10,-27,c+lqlDMzZ/6XDo2yJH0AE/VNyow=,k238Selch/57bSpj1tMJZQxfTA0=
-12,-21,c+lqlDMzZ/6XDo2yJH0AE/VNyow=,DUdtkGlZXum8z/68r0r/FUMh0uw=
-15,-17,c+lqlDMzZ/6XDo2yJH0AE/VNyow=,DUdtkGlZXum8z/68r0r/FUMh0uw=
-15,-28,c+lqlDMzZ/6XDo2yJH0AE/VNyow=,k238Selch/57bSpj1tMJZQxfTA0=
-10,-29,c+lqlDMzZ/6XDo2yJH0AE/VNyow=,k238Selch/57bSpj1tMJZQxfTA0=
-12,-29,c+lqlDMzZ/6XDo2yJH0AE/VNyow=,k238Selch/57bSpj1tMJZQxfTA0=
-11,-29,c+lqlDMzZ/6XDo2yJH0AE/VNyow=,k238Selch/57bSpj1tMJZQxfTA0=
-13,-29,c+lqlDMzZ/6XDo2yJH0AE/VNyow=,k238Selch/57bSpj1tMJZQxfTA0=
-8,-18,c+lqlDMzZ/6XDo2yJH0AE/VNyow=,VTabhER3PhIfaqTxJC2p0BlJdeo=
-15,-26,c+lqlDMzZ/6XDo2yJH0AE/VNyow=,k238Selch/57bSpj1tMJZQxfTA0=
-14,-26,c+lqlDMzZ/6XDo2yJH0AE/VNyow=,k238Selch/57bSpj1tMJZQxfTA0=
-14,-17,c+lqlDMzZ/6XDo2yJH0AE/VNyow=,DUdtkGlZXum8z/68r0r/FUMh0uw=
-14,-29,c+lqlDMzZ/6XDo2yJH0AE/VNyow=,k238Selch/57bSpj1tMJZQxfTA0=
-11,-21,c+lqlDMzZ/6XDo2yJH0AE/VNyow=,DUdtkGlZXum8z/68r0r/FUMh0uw=
-10,-31,c+lqlDMzZ/6XDo2yJH0AE/VNyow=,k238Selch/57bSpj1tMJZQxfTA0=
-14,-30,c+lqlDMzZ/6XDo2yJH0AE/VNyow=,k238Selch/57bSpj1tMJZQxfTA0=
-10,-30,c+lqlDMzZ/6XDo2yJH0AE/VNyow=,k238Selch/57bSpj1tMJZQxfTA0=
-15,-29,c+lqlDMzZ/6XDo2yJH0AE/VNyow=,k238Selch/57bSpj1tMJZQxfTA0=
-11,-30,c+lqlDMzZ/6XDo2yJH0AE/VNyow=,k238Selch/57bSpj1tMJZQxfTA0=
-15,-30,c+lqlDMzZ/6XDo2yJH0AE/VNyow=,k238Selch/57bSpj1tMJZQxfTA0=
-11,-31,c+lqlDMzZ/6XDo2yJH0AE/VNyow=,k238Selch/57bSpj1tMJZQxfTA0=
-12,-30,c+lqlDMzZ/6XDo2yJH0AE/VNyow=,k238Selch/57bSpj1tMJZQxfTA0=
-14,-31,c+lqlDMzZ/6XDo2yJH0AE/VNyow=,k238Selch/57bSpj1tMJZQxfTA0=
-10,-17,c+lqlDMzZ/6XDo2yJH0AE/VNyow=,DUdtkGlZXum8z/68r0r/FUMh0uw=
-13,-30,c+lqlDMzZ/6XDo2yJH0AE/VNyow=,k238Selch/57bSpj1tMJZQxfTA0=
-13,-26,c+lqlDMzZ/6XDo2yJH0AE/VNyow=,k238Selch/57bSpj1tMJZQxfTA0=
-13,-31,c+lqlDMzZ/6XDo2yJH0AE/VNyow=,k238Selch/57bSpj1tMJZQxfTA0=
-13,-17,c+lqlDMzZ/6XDo2yJH0AE/VNyow=,DUdtkGlZXum8z/68r0r/FUMh0uw=
-10,-26,c+lqlDMzZ/6XDo2yJH0AE/VNyow=,k238Selch/57bSpj1tMJZQxfTA0=
-15,-31,c+lqlDMzZ/6XDo2yJH0AE/VNyow=,k238Selch/57bSpj1tMJZQxfTA0=
-12,-31,c+lqlDMzZ/6XDo2yJH0AE/VNyow=,k238Selch/57bSpj1tMJZQxfTA0=
-11,-26,c+lqlDMzZ/6XDo2yJH0AE/VNyow=,k238Selch/57bSpj1tMJZQxfTA0=
-14,-20,c+lqlDMzZ/6XDo2yJH0AE/VNyow=,DUdtkGlZXum8z/68r0r/FUMh0uw=
-12,-26,c+lqlDMzZ/6XDo2yJH0AE/VNyow=,k238Selch/57bSpj1tMJZQxfTA0=
-15,-20,c+lqlDMzZ/6XDo2yJH0AE/VNyow=,DUdtkGlZXum8z/68r0r/FUMh0uw=
-9,-21,c+lqlDMzZ/6XDo2yJH0AE/VNyow=,DUdtkGlZXum8z/68r0r/FUMh0uw=
-13,-20,c+lqlDMzZ/6XDo2yJH0AE/VNyow=,DUdtkGlZXum8z/68r0r/FUMh0uw=
-10,-21,c+lqlDMzZ/6XDo2yJH0AE/VNyow=,DUdtkGlZXum8z/68r0r/FUMh0uw=
-12,-20,c+lqlDMzZ/6XDo2yJH0AE/VNyow=,DUdtkGlZXum8z/68r0r/FUMh0uw=
-11,-20,c+lqlDMzZ/6XDo2yJH0AE/VNyow=,DUdtkGlZXum8z/68r0r/FUMh0uw=
-12,-17,c+lqlDMzZ/6XDo2yJH0AE/VNyow=,DUdtkGlZXum8z/68r0r/FUMh0uw=
-15,-19,c+lqlDMzZ/6XDo2yJH0AE/VNyow=,DUdtkGlZXum8z/68r0r/FUMh0uw=
-10,-20,c+lqlDMzZ/6XDo2yJH0AE/VNyow=,DUdtkGlZXum8z/68r0r/FUMh0uw=
-8,-19,c+lqlDMzZ/6XDo2yJH0AE/VNyow=,VTabhER3PhIfaqTxJC2p0BlJdeo=
-15,-25,c+lqlDMzZ/6XDo2yJH0AE/VNyow=,k238Selch/57bSpj1tMJZQxfTA0=
-9,-20,c+lqlDMzZ/6XDo2yJH0AE/VNyow=,DUdtkGlZXum8z/68r0r/FUMh0uw=
-11,-17,c+lqlDMzZ/6XDo2yJH0AE/VNyow=,DUdtkGlZXum8z/68r0r/FUMh0uw=
-14,-19,c+lqlDMzZ/6XDo2yJH0AE/VNyow=,DUdtkGlZXum8z/68r0r/FUMh0uw=
-8,-20,c+lqlDMzZ/6XDo2yJH0AE/VNyow=,VTabhER3PhIfaqTxJC2p0BlJdeo=
-13,-19,c+lqlDMzZ/6XDo2yJH0AE/VNyow=,DUdtkGlZXum8z/68r0r/FUMh0uw=
-11,-25,c+lqlDMzZ/6XDo2yJH0AE/VNyow=,k238Selch/57bSpj1tMJZQxfTA0=
-13,-25,c+lqlDMzZ/6XDo2yJH0AE/VNyow=,k238Selch/57bSpj1tMJZQxfTA0=
-12,-25,c+lqlDMzZ/6XDo2yJH0AE/VNyow=,k238Selch/57bSpj1tMJZQxfTA0=
-14,-25,c+lqlDMzZ/6XDo2yJH0AE/VNyow=,k238Selch/57bSpj1tMJZQxfTA0=
-8,-23,c+lqlDMzZ/6XDo2yJH0AE/VNyow=,VTabhER3PhIfaqTxJC2p0BlJdeo=
-10,-25,c+lqlDMzZ/6XDo2yJH0AE/VNyow=,k238Selch/57bSpj1tMJZQxfTA0=
-14,-24,c+lqlDMzZ/6XDo2yJH0AE/VNyow=,DUdtkGlZXum8z/68r0r/FUMh0uw=
-10,-19,c+lqlDMzZ/6XDo2yJH0AE/VNyow=,DUdtkGlZXum8z/68r0r/FUMh0uw=
-11,-19,c+lqlDMzZ/6XDo2yJH0AE/VNyow=,DUdtkGlZXum8z/68r0r/FUMh0uw=
-9,-19,c+lqlDMzZ/6XDo2yJH0AE/VNyow=,DUdtkGlZXum8z/68r0r/FUMh0uw=
-12,-19,c+lqlDMzZ/6XDo2yJH0AE/VNyow=,DUdtkGlZXum8z/68r0r/FUMh0uw=
-15,-24,c+lqlDMzZ/6XDo2yJH0AE/VNyow=,DUdtkGlZXum8z/68r0r/FUMh0uw=
-8,-22,c+lqlDMzZ/6XDo2yJH0AE/VNyow=,VTabhER3PhIfaqTxJC2p0BlJdeo=
-14,-18,c+lqlDMzZ/6XDo2yJH0AE/VNyow=,DUdtkGlZXum8z/68r0r/FUMh0uw=
-13,-24,c+lqlDMzZ/6XDo2yJH0AE/VNyow=,DUdtkGlZXum8z/68r0r/FUMh0uw=
-12,-24,c+lqlDMzZ/6XDo2yJH0AE/VNyow=,DUdtkGlZXum8z/68r0r/FUMh0uw=
-10,-24,c+lqlDMzZ/6XDo2yJH0AE/VNyow=,DUdtkGlZXum8z/68r0r/FUMh0uw=
-15,-23,c+lqlDMzZ/6XDo2yJH0AE/VNyow=,DUdtkGlZXum8z/68r0r/FUMh0uw=
-10,-18,c+lqlDMzZ/6XDo2yJH0AE/VNyow=,DUdtkGlZXum8z/68r0r/FUMh0uw=
-11,-23,c+lqlDMzZ/6XDo2yJH0AE/VNyow=,DUdtkGlZXum8z/68r0r/FUMh0uw=
-13,-18,c+lqlDMzZ/6XDo2yJH0AE/VNyow=,DUdtkGlZXum8z/68r0r/FUMh0uw=
-12,-18,c+lqlDMzZ/6XDo2yJH0AE/VNyow=,DUdtkGlZXum8z/68r0r/FUMh0uw=
-15,-18,c+lqlDMzZ/6XDo2yJH0AE/VNyow=,DUdtkGlZXum8z/68r0r/FUMh0uw=
-11,-18,c+lqlDMzZ/6XDo2yJH0AE/VNyow=,DUdtkGlZXum8z/68r0r/FUMh0uw=
-14,-23,c+lqlDMzZ/6XDo2yJH0AE/VNyow=,DUdtkGlZXum8z/68r0r/FUMh0uw=
-12,-23,c+lqlDMzZ/6XDo2yJH0AE/VNyow=,DUdtkGlZXum8z/68r0r/FUMh0uw=
-13,-23,c+lqlDMzZ/6XDo2yJH0AE/VNyow=,DUdtkGlZXum8z/68r0r/FUMh0uw=
-11,-24,c+lqlDMzZ/6XDo2yJH0AE/VNyow=,DUdtkGlZXum8z/68r0r/FUMh0uw=
-15,-22,c+lqlDMzZ/6XDo2yJH0AE/VNyow=,DUdtkGlZXum8z/68r0r/FUMh0uw=
-8,-21,c+lqlDMzZ/6XDo2yJH0AE/VNyow=,VTabhER3PhIfaqTxJC2p0BlJdeo=
-14,-22,c+lqlDMzZ/6XDo2yJH0AE/VNyow=,DUdtkGlZXum8z/68r0r/FUMh0uw=
-15,-21,c+lqlDMzZ/6XDo2yJH0AE/VNyow=,DUdtkGlZXum8z/68r0r/FUMh0uw=
-10,-23,c+lqlDMzZ/6XDo2yJH0AE/VNyow=,DUdtkGlZXum8z/68r0r/FUMh0uw=
-13,-22,c+lqlDMzZ/6XDo2yJH0AE/VNyow=,DUdtkGlZXum8z/68r0r/FUMh0uw=
-12,-22,c+lqlDMzZ/6XDo2yJH0AE/VNyow=,DUdtkGlZXum8z/68r0r/FUMh0uw=
-14,-21,c+lqlDMzZ/6XDo2yJH0AE/VNyow=,DUdtkGlZXum8z/68r0r/FUMh0uw=
-10,-22,c+lqlDMzZ/6XDo2yJH0AE/VNyow=,DUdtkGlZXum8z/68r0r/FUMh0uw=
-9,-18,c+lqlDMzZ/6XDo2yJH0AE/VNyow=,DUdtkGlZXum8z/68r0r/FUMh0uw=
-9,-23,c+lqlDMzZ/6XDo2yJH0AE/VNyow=,DUdtkGlZXum8z/68r0r/FUMh0uw=
-9,-22,c+lqlDMzZ/6XDo2yJH0AE/VNyow=,DUdtkGlZXum8z/68r0r/FUMh0uw=
-11,-22,c+lqlDMzZ/6XDo2yJH0AE/VNyow=,DUdtkGlZXum8z/68r0r/FUMh0uw=
-9,-28,c+lqlDMzZ/6XDo2yJH0AE/VNyow=,k238Selch/57bSpj1tMJZQxfTA0=
-3,-25,c+lqlDMzZ/6XDo2yJH0AE/VNyow=,ZUQrZYBt8oQFZZb2iljBEmoOkGI=
-4,-29,c+lqlDMzZ/6XDo2yJH0AE/VNyow=,ZUQrZYBt8oQFZZb2iljBEmoOkGI=
-3,-29,c+lqlDMzZ/6XDo2yJH0AE/VNyow=,ZUQrZYBt8oQFZZb2iljBEmoOkGI=
-6,-29,c+lqlDMzZ/6XDo2yJH0AE/VNyow=,ZUQrZYBt8oQFZZb2iljBEmoOkGI=
-5,-29,c+lqlDMzZ/6XDo2yJH0AE/VNyow=,ZUQrZYBt8oQFZZb2iljBEmoOkGI=
-2,-25,c+lqlDMzZ/6XDo2yJH0AE/VNyow=,ZUQrZYBt8oQFZZb2iljBEmoOkGI=
-2,-30,c+lqlDMzZ/6XDo2yJH0AE/VNyow=,ZUQrZYBt8oQFZZb2iljBEmoOkGI=
-8,-29,c+lqlDMzZ/6XDo2yJH0AE/VNyow=,ZUQrZYBt8oQFZZb2iljBEmoOkGI=
-2,-29,c+lqlDMzZ/6XDo2yJH0AE/VNyow=,ZUQrZYBt8oQFZZb2iljBEmoOkGI=
-3,-30,c+lqlDMzZ/6XDo2yJH0AE/VNyow=,ZUQrZYBt8oQFZZb2iljBEmoOkGI=
-7,-29,c+lqlDMzZ/6XDo2yJH0AE/VNyow=,ZUQrZYBt8oQFZZb2iljBEmoOkGI=
-4,-30,c+lqlDMzZ/6XDo2yJH0AE/VNyow=,ZUQrZYBt8oQFZZb2iljBEmoOkGI=
-8,-28,c+lqlDMzZ/6XDo2yJH0AE/VNyow=,ZUQrZYBt8oQFZZb2iljBEmoOkGI=
-4,-25,c+lqlDMzZ/6XDo2yJH0AE/VNyow=,ZUQrZYBt8oQFZZb2iljBEmoOkGI=
-5,-25,c+lqlDMzZ/6XDo2yJH0AE/VNyow=,ZUQrZYBt8oQFZZb2iljBEmoOkGI=
-6,-30,c+lqlDMzZ/6XDo2yJH0AE/VNyow=,ZUQrZYBt8oQFZZb2iljBEmoOkGI=
-7,-32,c+lqlDMzZ/6XDo2yJH0AE/VNyow=,ZUQrZYBt8oQFZZb2iljBEmoOkGI=
-7,-30,c+lqlDMzZ/6XDo2yJH0AE/VNyow=,ZUQrZYBt8oQFZZb2iljBEmoOkGI=
-5,-30,c+lqlDMzZ/6XDo2yJH0AE/VNyow=,ZUQrZYBt8oQFZZb2iljBEmoOkGI=
-9,-29,c+lqlDMzZ/6XDo2yJH0AE/VNyow=,k238Selch/57bSpj1tMJZQxfTA0=
-6,-32,c+lqlDMzZ/6XDo2yJH0AE/VNyow=,ZUQrZYBt8oQFZZb2iljBEmoOkGI=
-7,-28,c+lqlDMzZ/6XDo2yJH0AE/VNyow=,ZUQrZYBt8oQFZZb2iljBEmoOkGI=
-9,-24,c+lqlDMzZ/6XDo2yJH0AE/VNyow=,DUdtkGlZXum8z/68r0r/FUMh0uw=
-3,-31,c+lqlDMzZ/6XDo2yJH0AE/VNyow=,ZUQrZYBt8oQFZZb2iljBEmoOkGI=
-3,-32,c+lqlDMzZ/6XDo2yJH0AE/VNyow=,ZUQrZYBt8oQFZZb2iljBEmoOkGI=
-8,-30,c+lqlDMzZ/6XDo2yJH0AE/VNyow=,ZUQrZYBt8oQFZZb2iljBEmoOkGI=
-6,-25,c+lqlDMzZ/6XDo2yJH0AE/VNyow=,ZUQrZYBt8oQFZZb2iljBEmoOkGI=
-2,-32,c+lqlDMzZ/6XDo2yJH0AE/VNyow=,ZUQrZYBt8oQFZZb2iljBEmoOkGI=
-4,-31,c+lqlDMzZ/6XDo2yJH0AE/VNyow=,ZUQrZYBt8oQFZZb2iljBEmoOkGI=
-4,-32,c+lqlDMzZ/6XDo2yJH0AE/VNyow=,ZUQrZYBt8oQFZZb2iljBEmoOkGI=
-6,-28,c+lqlDMzZ/6XDo2yJH0AE/VNyow=,ZUQrZYBt8oQFZZb2iljBEmoOkGI=
-15,-32,c+lqlDMzZ/6XDo2yJH0AE/VNyow=,k238Selch/57bSpj1tMJZQxfTA0=
-5,-32,c+lqlDMzZ/6XDo2yJH0AE/VNyow=,ZUQrZYBt8oQFZZb2iljBEmoOkGI=
-2,-31,c+lqlDMzZ/6XDo2yJH0AE/VNyow=,ZUQrZYBt8oQFZZb2iljBEmoOkGI=
-1,-19,c+lqlDMzZ/6XDo2yJH0AE/VNyow=,VTabhER3PhIfaqTxJC2p0BlJdeo=
-8,-32,c+lqlDMzZ/6XDo2yJH0AE/VNyow=,ZUQrZYBt8oQFZZb2iljBEmoOkGI=
-9,-32,c+lqlDMzZ/6XDo2yJH0AE/VNyow=,k238Selch/57bSpj1tMJZQxfTA0=
-1,-22,c+lqlDMzZ/6XDo2yJH0AE/VNyow=,VTabhER3PhIfaqTxJC2p0BlJdeo=
-1,-23,c+lqlDMzZ/6XDo2yJH0AE/VNyow=,VTabhER3PhIfaqTxJC2p0BlJdeo=
-11,-32,c+lqlDMzZ/6XDo2yJH0AE/VNyow=,k238Selch/57bSpj1tMJZQxfTA0=
-7,-25,c+lqlDMzZ/6XDo2yJH0AE/VNyow=,ZUQrZYBt8oQFZZb2iljBEmoOkGI=
-2,-26,c+lqlDMzZ/6XDo2yJH0AE/VNyow=,ZUQrZYBt8oQFZZb2iljBEmoOkGI=
-1,-25,c+lqlDMzZ/6XDo2yJH0AE/VNyow=,ZUQrZYBt8oQFZZb2iljBEmoOkGI=
-8,-25,c+lqlDMzZ/6XDo2yJH0AE/VNyow=,ZUQrZYBt8oQFZZb2iljBEmoOkGI=
-9,-27,c+lqlDMzZ/6XDo2yJH0AE/VNyow=,k238Selch/57bSpj1tMJZQxfTA0=
-1,-21,c+lqlDMzZ/6XDo2yJH0AE/VNyow=,VTabhER3PhIfaqTxJC2p0BlJdeo=
-1,-20,c+lqlDMzZ/6XDo2yJH0AE/VNyow=,VTabhER3PhIfaqTxJC2p0BlJdeo=
-10,-32,c+lqlDMzZ/6XDo2yJH0AE/VNyow=,k238Selch/57bSpj1tMJZQxfTA0=
-14,-32,c+lqlDMzZ/6XDo2yJH0AE/VNyow=,k238Selch/57bSpj1tMJZQxfTA0=
-1,-29,c+lqlDMzZ/6XDo2yJH0AE/VNyow=,ZUQrZYBt8oQFZZb2iljBEmoOkGI=
-13,-32,c+lqlDMzZ/6XDo2yJH0AE/VNyow=,k238Selch/57bSpj1tMJZQxfTA0=
-1,-18,c+lqlDMzZ/6XDo2yJH0AE/VNyow=,VTabhER3PhIfaqTxJC2p0BlJdeo=
-12,-32,c+lqlDMzZ/6XDo2yJH0AE/VNyow=,k238Selch/57bSpj1tMJZQxfTA0=
-8,-17,c+lqlDMzZ/6XDo2yJH0AE/VNyow=,VTabhER3PhIfaqTxJC2p0BlJdeo=
-5,-28,c+lqlDMzZ/6XDo2yJH0AE/VNyow=,ZUQrZYBt8oQFZZb2iljBEmoOkGI=
-4,-28,c+lqlDMzZ/6XDo2yJH0AE/VNyow=,ZUQrZYBt8oQFZZb2iljBEmoOkGI=
-1,-28,c+lqlDMzZ/6XDo2yJH0AE/VNyow=,ZUQrZYBt8oQFZZb2iljBEmoOkGI=
-3,-28,c+lqlDMzZ/6XDo2yJH0AE/VNyow=,ZUQrZYBt8oQFZZb2iljBEmoOkGI=
-7,-17,c+lqlDMzZ/6XDo2yJH0AE/VNyow=,VTabhER3PhIfaqTxJC2p0BlJdeo=
-8,-27,c+lqlDMzZ/6XDo2yJH0AE/VNyow=,ZUQrZYBt8oQFZZb2iljBEmoOkGI=
-2,-28,c+lqlDMzZ/6XDo2yJH0AE/VNyow=,ZUQrZYBt8oQFZZb2iljBEmoOkGI=
-9,-26,c+lqlDMzZ/6XDo2yJH0AE/VNyow=,k238Selch/57bSpj1tMJZQxfTA0=
-7,-27,c+lqlDMzZ/6XDo2yJH0AE/VNyow=,ZUQrZYBt8oQFZZb2iljBEmoOkGI=
-9,-31,c+lqlDMzZ/6XDo2yJH0AE/VNyow=,k238Selch/57bSpj1tMJZQxfTA0=
-1,-27,c+lqlDMzZ/6XDo2yJH0AE/VNyow=,ZUQrZYBt8oQFZZb2iljBEmoOkGI=
-5,-27,c+lqlDMzZ/6XDo2yJH0AE/VNyow=,ZUQrZYBt8oQFZZb2iljBEmoOkGI=
-6,-27,c+lqlDMzZ/6XDo2yJH0AE/VNyow=,ZUQrZYBt8oQFZZb2iljBEmoOkGI=
-6,-17,c+lqlDMzZ/6XDo2yJH0AE/VNyow=,VTabhER3PhIfaqTxJC2p0BlJdeo=
-4,-27,c+lqlDMzZ/6XDo2yJH0AE/VNyow=,ZUQrZYBt8oQFZZb2iljBEmoOkGI=
-8,-24,c+lqlDMzZ/6XDo2yJH0AE/VNyow=,VTabhER3PhIfaqTxJC2p0BlJdeo=
-3,-27,c+lqlDMzZ/6XDo2yJH0AE/VNyow=,ZUQrZYBt8oQFZZb2iljBEmoOkGI=
-7,-31,c+lqlDMzZ/6XDo2yJH0AE/VNyow=,ZUQrZYBt8oQFZZb2iljBEmoOkGI=
-8,-31,c+lqlDMzZ/6XDo2yJH0AE/VNyow=,ZUQrZYBt8oQFZZb2iljBEmoOkGI=
-2,-27,c+lqlDMzZ/6XDo2yJH0AE/VNyow=,ZUQrZYBt8oQFZZb2iljBEmoOkGI=
-4,-24,c+lqlDMzZ/6XDo2yJH0AE/VNyow=,VTabhER3PhIfaqTxJC2p0BlJdeo=
-1,-24,c+lqlDMzZ/6XDo2yJH0AE/VNyow=,VTabhER3PhIfaqTxJC2p0BlJdeo=
-3,-24,c+lqlDMzZ/6XDo2yJH0AE/VNyow=,VTabhER3PhIfaqTxJC2p0BlJdeo=
-1,-26,c+lqlDMzZ/6XDo2yJH0AE/VNyow=,ZUQrZYBt8oQFZZb2iljBEmoOkGI=
-5,-24,c+lqlDMzZ/6XDo2yJH0AE/VNyow=,VTabhER3PhIfaqTxJC2p0BlJdeo=
-6,-24,c+lqlDMzZ/6XDo2yJH0AE/VNyow=,VTabhER3PhIfaqTxJC2p0BlJdeo=
-7,-26,c+lqlDMzZ/6XDo2yJH0AE/VNyow=,ZUQrZYBt8oQFZZb2iljBEmoOkGI=
-9,-30,c+lqlDMzZ/6XDo2yJH0AE/VNyow=,k238Selch/57bSpj1tMJZQxfTA0=
-9,-25,c+lqlDMzZ/6XDo2yJH0AE/VNyow=,k238Selch/57bSpj1tMJZQxfTA0=
-5,-17,c+lqlDMzZ/6XDo2yJH0AE/VNyow=,VTabhER3PhIfaqTxJC2p0BlJdeo=
-8,-26,c+lqlDMzZ/6XDo2yJH0AE/VNyow=,ZUQrZYBt8oQFZZb2iljBEmoOkGI=
-6,-26,c+lqlDMzZ/6XDo2yJH0AE/VNyow=,ZUQrZYBt8oQFZZb2iljBEmoOkGI=
-4,-26,c+lqlDMzZ/6XDo2yJH0AE/VNyow=,ZUQrZYBt8oQFZZb2iljBEmoOkGI=
-6,-31,c+lqlDMzZ/6XDo2yJH0AE/VNyow=,ZUQrZYBt8oQFZZb2iljBEmoOkGI=
-4,-17,c+lqlDMzZ/6XDo2yJH0AE/VNyow=,VTabhER3PhIfaqTxJC2p0BlJdeo=
-7,-24,c+lqlDMzZ/6XDo2yJH0AE/VNyow=,VTabhER3PhIfaqTxJC2p0BlJdeo=
-5,-26,c+lqlDMzZ/6XDo2yJH0AE/VNyow=,ZUQrZYBt8oQFZZb2iljBEmoOkGI=
-1,-31,c+lqlDMzZ/6XDo2yJH0AE/VNyow=,ZUQrZYBt8oQFZZb2iljBEmoOkGI=
-3,-26,c+lqlDMzZ/6XDo2yJH0AE/VNyow=,ZUQrZYBt8oQFZZb2iljBEmoOkGI=
-2,-24,c+lqlDMzZ/6XDo2yJH0AE/VNyow=,VTabhER3PhIfaqTxJC2p0BlJdeo=
-1,-30,c+lqlDMzZ/6XDo2yJH0AE/VNyow=,ZUQrZYBt8oQFZZb2iljBEmoOkGI=
-5,-31,c+lqlDMzZ/6XDo2yJH0AE/VNyow=,ZUQrZYBt8oQFZZb2iljBEmoOkGI=
-3,-17,c+lqlDMzZ/6XDo2yJH0AE/VNyow=,VTabhER3PhIfaqTxJC2p0BlJdeo=
-16,-23,c+lqlDMzZ/6XDo2yJH0AE/VNyow=,DUdtkGlZXum8z/68r0r/FUMh0uw=
-16,-17,c+lqlDMzZ/6XDo2yJH0AE/VNyow=,DUdtkGlZXum8z/68r0r/FUMh0uw=
-1,-32,c+lqlDMzZ/6XDo2yJH0AE/VNyow=,ZUQrZYBt8oQFZZb2iljBEmoOkGI=
-16,-20,c+lqlDMzZ/6XDo2yJH0AE/VNyow=,DUdtkGlZXum8z/68r0r/FUMh0uw=
-2,-17,c+lqlDMzZ/6XDo2yJH0AE/VNyow=,VTabhER3PhIfaqTxJC2p0BlJdeo=
-9,-17,c+lqlDMzZ/6XDo2yJH0AE/VNyow=,DUdtkGlZXum8z/68r0r/FUMh0uw=
-16,-21,c+lqlDMzZ/6XDo2yJH0AE/VNyow=,DUdtkGlZXum8z/68r0r/FUMh0uw=
-16,-26,c+lqlDMzZ/6XDo2yJH0AE/VNyow=,k238Selch/57bSpj1tMJZQxfTA0=
-16,-18,c+lqlDMzZ/6XDo2yJH0AE/VNyow=,DUdtkGlZXum8z/68r0r/FUMh0uw=
-16,-22,c+lqlDMzZ/6XDo2yJH0AE/VNyow=,DUdtkGlZXum8z/68r0r/FUMh0uw=
-16,-27,c+lqlDMzZ/6XDo2yJH0AE/VNyow=,k238Selch/57bSpj1tMJZQxfTA0=
-16,-19,c+lqlDMzZ/6XDo2yJH0AE/VNyow=,DUdtkGlZXum8z/68r0r/FUMh0uw=
-1,-17,c+lqlDMzZ/6XDo2yJH0AE/VNyow=,VTabhER3PhIfaqTxJC2p0BlJdeo=
-16,-28,c+lqlDMzZ/6XDo2yJH0AE/VNyow=,k238Selch/57bSpj1tMJZQxfTA0=
-16,-32,c+lqlDMzZ/6XDo2yJH0AE/VNyow=,k238Selch/57bSpj1tMJZQxfTA0=
-16,-29,c+lqlDMzZ/6XDo2yJH0AE/VNyow=,k238Selch/57bSpj1tMJZQxfTA0=
-16,-24,c+lqlDMzZ/6XDo2yJH0AE/VNyow=,DUdtkGlZXum8z/68r0r/FUMh0uw=
-16,-25,c+lqlDMzZ/6XDo2yJH0AE/VNyow=,k238Selch/57bSpj1tMJZQxfTA0=
-16,-31,c+lqlDMzZ/6XDo2yJH0AE/VNyow=,k238Selch/57bSpj1tMJZQxfTA0=
-16,-30,c+lqlDMzZ/6XDo2yJH0AE/VNyow=,k238Selch/57bSpj1tMJZQxfTA0=
-23,-27,vfGempTCynraZ2HhFgWIJpYr3VI=,UoFkBy1x7lCTjCeGDmRWsgkLbgU=
-19,-26,NbZSqu0zWK7hxjtTtxZNBh42W+I=,UoFkBy1x7lCTjCeGDmRWsgkLbgU=
-21,-30,NbZSqu0zWK7hxjtTtxZNBh42W+I=,UoFkBy1x7lCTjCeGDmRWsgkLbgU=
-20,-26,NbZSqu0zWK7hxjtTtxZNBh42W+I=,UoFkBy1x7lCTjCeGDmRWsgkLbgU=
-24,-27,NbZSqu0zWK7hxjtTtxZNBh42W+I=,UoFkBy1x7lCTjCeGDmRWsgkLbgU=
-21,-26,NbZSqu0zWK7hxjtTtxZNBh42W+I=,UoFkBy1x7lCTjCeGDmRWsgkLbgU=
-22,-31,NbZSqu0zWK7hxjtTtxZNBh42W+I=,UoFkBy1x7lCTjCeGDmRWsgkLbgU=
-18,-26,NbZSqu0zWK7hxjtTtxZNBh42W+I=,UoFkBy1x7lCTjCeGDmRWsgkLbgU=
-21,-25,NbZSqu0zWK7hxjtTtxZNBh42W+I=,UoFkBy1x7lCTjCeGDmRWsgkLbgU=
-22,-25,tj3VsZQHQAo3Vcfk+iHhxiMfDRE=,UoFkBy1x7lCTjCeGDmRWsgkLbgU=
-23,-28,tj3VsZQHQAo3Vcfk+iHhxiMfDRE=,UoFkBy1x7lCTjCeGDmRWsgkLbgU=
-17,-27,tj3VsZQHQAo3Vcfk+iHhxiMfDRE=,UoFkBy1x7lCTjCeGDmRWsgkLbgU=
-24,-32,tj3VsZQHQAo3Vcfk+iHhxiMfDRE=,UoFkBy1x7lCTjCeGDmRWsgkLbgU=
-22,-30,tj3VsZQHQAo3Vcfk+iHhxiMfDRE=,UoFkBy1x7lCTjCeGDmRWsgkLbgU=
-23,-30,tj3VsZQHQAo3Vcfk+iHhxiMfDRE=,UoFkBy1x7lCTjCeGDmRWsgkLbgU=
-18,-27,tj3VsZQHQAo3Vcfk+iHhxiMfDRE=,UoFkBy1x7lCTjCeGDmRWsgkLbgU=
-21,-31,tj3VsZQHQAo3Vcfk+iHhxiMfDRE=,UoFkBy1x7lCTjCeGDmRWsgkLbgU=
-23,-29,tj3VsZQHQAo3Vcfk+iHhxiMfDRE=,UoFkBy1x7lCTjCeGDmRWsgkLbgU=
-19,-27,tj3VsZQHQAo3Vcfk+iHhxiMfDRE=,UoFkBy1x7lCTjCeGDmRWsgkLbgU=
-23,-25,tj3VsZQHQAo3Vcfk+iHhxiMfDRE=,UoFkBy1x7lCTjCeGDmRWsgkLbgU=
-24,-26,tj3VsZQHQAo3Vcfk+iHhxiMfDRE=,UoFkBy1x7lCTjCeGDmRWsgkLbgU=
-20,-27,tj3VsZQHQAo3Vcfk+iHhxiMfDRE=,UoFkBy1x7lCTjCeGDmRWsgkLbgU=
-24,-28,tj3VsZQHQAo3Vcfk+iHhxiMfDRE=,UoFkBy1x7lCTjCeGDmRWsgkLbgU=
-24,-30,tj3VsZQHQAo3Vcfk+iHhxiMfDRE=,UoFkBy1x7lCTjCeGDmRWsgkLbgU=
-23,-26,tj3VsZQHQAo3Vcfk+iHhxiMfDRE=,UoFkBy1x7lCTjCeGDmRWsgkLbgU=
-22,-27,tj3VsZQHQAo3Vcfk+iHhxiMfDRE=,UoFkBy1x7lCTjCeGDmRWsgkLbgU=
-24,-29,tj3VsZQHQAo3Vcfk+iHhxiMfDRE=,UoFkBy1x7lCTjCeGDmRWsgkLbgU=
-17,-28,tj3VsZQHQAo3Vcfk+iHhxiMfDRE=,UoFkBy1x7lCTjCeGDmRWsgkLbgU=
-21,-27,tj3VsZQHQAo3Vcfk+iHhxiMfDRE=,UoFkBy1x7lCTjCeGDmRWsgkLbgU=
-23,-31,tj3VsZQHQAo3Vcfk+iHhxiMfDRE=,UoFkBy1x7lCTjCeGDmRWsgkLbgU=
-23,-32,tj3VsZQHQAo3Vcfk+iHhxiMfDRE=,UoFkBy1x7lCTjCeGDmRWsgkLbgU=
-22,-29,tj3VsZQHQAo3Vcfk+iHhxiMfDRE=,UoFkBy1x7lCTjCeGDmRWsgkLbgU=
-17,-32,tj3VsZQHQAo3Vcfk+iHhxiMfDRE=,UoFkBy1x7lCTjCeGDmRWsgkLbgU=
-24,-31,tj3VsZQHQAo3Vcfk+iHhxiMfDRE=,UoFkBy1x7lCTjCeGDmRWsgkLbgU=
-18,-32,tj3VsZQHQAo3Vcfk+iHhxiMfDRE=,UoFkBy1x7lCTjCeGDmRWsgkLbgU=
-19,-32,tj3VsZQHQAo3Vcfk+iHhxiMfDRE=,UoFkBy1x7lCTjCeGDmRWsgkLbgU=
-22,-26,tj3VsZQHQAo3Vcfk+iHhxiMfDRE=,UoFkBy1x7lCTjCeGDmRWsgkLbgU=
-18,-28,tj3VsZQHQAo3Vcfk+iHhxiMfDRE=,UoFkBy1x7lCTjCeGDmRWsgkLbgU=
-17,-31,tj3VsZQHQAo3Vcfk+iHhxiMfDRE=,UoFkBy1x7lCTjCeGDmRWsgkLbgU=
-19,-28,tj3VsZQHQAo3Vcfk+iHhxiMfDRE=,UoFkBy1x7lCTjCeGDmRWsgkLbgU=
-17,-29,tj3VsZQHQAo3Vcfk+iHhxiMfDRE=,UoFkBy1x7lCTjCeGDmRWsgkLbgU=
-20,-32,tj3VsZQHQAo3Vcfk+iHhxiMfDRE=,UoFkBy1x7lCTjCeGDmRWsgkLbgU=
-21,-32,tj3VsZQHQAo3Vcfk+iHhxiMfDRE=,UoFkBy1x7lCTjCeGDmRWsgkLbgU=
-18,-31,tj3VsZQHQAo3Vcfk+iHhxiMfDRE=,UoFkBy1x7lCTjCeGDmRWsgkLbgU=
-24,-25,tj3VsZQHQAo3Vcfk+iHhxiMfDRE=,UoFkBy1x7lCTjCeGDmRWsgkLbgU=
-22,-32,tj3VsZQHQAo3Vcfk+iHhxiMfDRE=,UoFkBy1x7lCTjCeGDmRWsgkLbgU=
-17,-30,tj3VsZQHQAo3Vcfk+iHhxiMfDRE=,UoFkBy1x7lCTjCeGDmRWsgkLbgU=
-18,-30,tj3VsZQHQAo3Vcfk+iHhxiMfDRE=,UoFkBy1x7lCTjCeGDmRWsgkLbgU=
-18,-29,tj3VsZQHQAo3Vcfk+iHhxiMfDRE=,UoFkBy1x7lCTjCeGDmRWsgkLbgU=
-20,-28,tj3VsZQHQAo3Vcfk+iHhxiMfDRE=,UoFkBy1x7lCTjCeGDmRWsgkLbgU=
-17,-26,tj3VsZQHQAo3Vcfk+iHhxiMfDRE=,UoFkBy1x7lCTjCeGDmRWsgkLbgU=
-19,-29,tj3VsZQHQAo3Vcfk+iHhxiMfDRE=,UoFkBy1x7lCTjCeGDmRWsgkLbgU=
-21,-28,tj3VsZQHQAo3Vcfk+iHhxiMfDRE=,UoFkBy1x7lCTjCeGDmRWsgkLbgU=
-20,-30,tj3VsZQHQAo3Vcfk+iHhxiMfDRE=,UoFkBy1x7lCTjCeGDmRWsgkLbgU=
-19,-30,tj3VsZQHQAo3Vcfk+iHhxiMfDRE=,UoFkBy1x7lCTjCeGDmRWsgkLbgU=
-20,-25,tj3VsZQHQAo3Vcfk+iHhxiMfDRE=,UoFkBy1x7lCTjCeGDmRWsgkLbgU=
-20,-29,tj3VsZQHQAo3Vcfk+iHhxiMfDRE=,UoFkBy1x7lCTjCeGDmRWsgkLbgU=
-19,-31,tj3VsZQHQAo3Vcfk+iHhxiMfDRE=,UoFkBy1x7lCTjCeGDmRWsgkLbgU=
-21,-29,tj3VsZQHQAo3Vcfk+iHhxiMfDRE=,UoFkBy1x7lCTjCeGDmRWsgkLbgU=
-20,-31,tj3VsZQHQAo3Vcfk+iHhxiMfDRE=,UoFkBy1x7lCTjCeGDmRWsgkLbgU=
-19,-25,tj3VsZQHQAo3Vcfk+iHhxiMfDRE=,UoFkBy1x7lCTjCeGDmRWsgkLbgU=
-22,-28,tj3VsZQHQAo3Vcfk+iHhxiMfDRE=,UoFkBy1x7lCTjCeGDmRWsgkLbgU=
-18,-25,tj3VsZQHQAo3Vcfk+iHhxiMfDRE=,UoFkBy1x7lCTjCeGDmRWsgkLbgU=
-17,-25,tj3VsZQHQAo3Vcfk+iHhxiMfDRE=,UoFkBy1x7lCTjCeGDmRWsgkLbgU=
-20,-5,tj3VsZQHQAo3Vcfk+iHhxiMfDRE=,nrkb8neooDe8xsMHV78qroYPRWo=
-21,-5,tj3VsZQHQAo3Vcfk+iHhxiMfDRE=,nrkb8neooDe8xsMHV78qroYPRWo=
-19,-6,tj3VsZQHQAo3Vcfk+iHhxiMfDRE=,nrkb8neooDe8xsMHV78qroYPRWo=
-20,-8,tj3VsZQHQAo3Vcfk+iHhxiMfDRE=,nrkb8neooDe8xsMHV78qroYPRWo=
-23,-1,tj3VsZQHQAo3Vcfk+iHhxiMfDRE=,nrkb8neooDe8xsMHV78qroYPRWo=
-20,-6,tj3VsZQHQAo3Vcfk+iHhxiMfDRE=,nrkb8neooDe8xsMHV78qroYPRWo=
-23,-8,tj3VsZQHQAo3Vcfk+iHhxiMfDRE=,nrkb8neooDe8xsMHV78qroYPRWo=
-22,-1,tj3VsZQHQAo3Vcfk+iHhxiMfDRE=,nrkb8neooDe8xsMHV78qroYPRWo=
-18,-2,tj3VsZQHQAo3Vcfk+iHhxiMfDRE=,nrkb8neooDe8xsMHV78qroYPRWo=
-22,-8,tDluJ5X4VpfA5p4rbozO3LOxS1A=,nrkb8neooDe8xsMHV78qroYPRWo=
-21,-6,tDluJ5X4VpfA5p4rbozO3LOxS1A=,nrkb8neooDe8xsMHV78qroYPRWo=
-21,-1,tDluJ5X4VpfA5p4rbozO3LOxS1A=,nrkb8neooDe8xsMHV78qroYPRWo=
-19,-8,tDluJ5X4VpfA5p4rbozO3LOxS1A=,nrkb8neooDe8xsMHV78qroYPRWo=
-19,-2,tDluJ5X4VpfA5p4rbozO3LOxS1A=,nrkb8neooDe8xsMHV78qroYPRWo=
-20,-1,tDluJ5X4VpfA5p4rbozO3LOxS1A=,nrkb8neooDe8xsMHV78qroYPRWo=
-19,-1,tDluJ5X4VpfA5p4rbozO3LOxS1A=,nrkb8neooDe8xsMHV78qroYPRWo=
-18,-8,tDluJ5X4VpfA5p4rbozO3LOxS1A=,nrkb8neooDe8xsMHV78qroYPRWo=
-18,-1,tDluJ5X4VpfA5p4rbozO3LOxS1A=,nrkb8neooDe8xsMHV78qroYPRWo=
-21,-8,tDluJ5X4VpfA5p4rbozO3LOxS1A=,nrkb8neooDe8xsMHV78qroYPRWo=
-20,-2,TFHPI+AgJn+kdIC1kTCHro+CsXY=,nrkb8neooDe8xsMHV78qroYPRWo=
-21,-2,TFHPI+AgJn+kdIC1kTCHro+CsXY=,nrkb8neooDe8xsMHV78qroYPRWo=
-17,-5,TFHPI+AgJn+kdIC1kTCHro+CsXY=,nrkb8neooDe8xsMHV78qroYPRWo=
-22,-2,TFHPI+AgJn+kdIC1kTCHro+CsXY=,nrkb8neooDe8xsMHV78qroYPRWo=
-17,-4,TFHPI+AgJn+kdIC1kTCHro+CsXY=,nrkb8neooDe8xsMHV78qroYPRWo=
-18,-7,TFHPI+AgJn+kdIC1kTCHro+CsXY=,nrkb8neooDe8xsMHV78qroYPRWo=
-22,-5,TFHPI+AgJn+kdIC1kTCHro+CsXY=,nrkb8neooDe8xsMHV78qroYPRWo=
-23,-5,TFHPI+AgJn+kdIC1kTCHro+CsXY=,nrkb8neooDe8xsMHV78qroYPRWo=
-23,-7,TFHPI+AgJn+kdIC1kTCHro+CsXY=,nrkb8neooDe8xsMHV78qroYPRWo=
-17,-3,TFHPI+AgJn+kdIC1kTCHro+CsXY=,nrkb8neooDe8xsMHV78qroYPRWo=
-20,-7,TFHPI+AgJn+kdIC1kTCHro+CsXY=,nrkb8neooDe8xsMHV78qroYPRWo=
-19,-7,DJIivdSeoNEPMYps+mKAprTuSgY=,nrkb8neooDe8xsMHV78qroYPRWo=
-23,-2,DJIivdSeoNEPMYps+mKAprTuSgY=,nrkb8neooDe8xsMHV78qroYPRWo=
-21,-7,DJIivdSeoNEPMYps+mKAprTuSgY=,nrkb8neooDe8xsMHV78qroYPRWo=
-17,-6,DJIivdSeoNEPMYps+mKAprTuSgY=,nrkb8neooDe8xsMHV78qroYPRWo=
-19,-3,DJIivdSeoNEPMYps+mKAprTuSgY=,nrkb8neooDe8xsMHV78qroYPRWo=
-17,-2,DJIivdSeoNEPMYps+mKAprTuSgY=,nrkb8neooDe8xsMHV78qroYPRWo=
-17,-7,DJIivdSeoNEPMYps+mKAprTuSgY=,nrkb8neooDe8xsMHV78qroYPRWo=
-18,-3,DJIivdSeoNEPMYps+mKAprTuSgY=,nrkb8neooDe8xsMHV78qroYPRWo=
-17,-8,DJIivdSeoNEPMYps+mKAprTuSgY=,nrkb8neooDe8xsMHV78qroYPRWo=
-20,-3,DJIivdSeoNEPMYps+mKAprTuSgY=,nrkb8neooDe8xsMHV78qroYPRWo=
-17,-1,DJIivdSeoNEPMYps+mKAprTuSgY=,nrkb8neooDe8xsMHV78qroYPRWo=
-28,-1,DJIivdSeoNEPMYps+mKAprTuSgY=,kaGRK/RCGpZErAZN3K4fT3Mb2XI=
-21,-3,DJIivdSeoNEPMYps+mKAprTuSgY=,nrkb8neooDe8xsMHV78qroYPRWo=
-22,-3,DJIivdSeoNEPMYps+mKAprTuSgY=,nrkb8neooDe8xsMHV78qroYPRWo=
-22,-7,DJIivdSeoNEPMYps+mKAprTuSgY=,nrkb8neooDe8xsMHV78qroYPRWo=
-27,-1,DJIivdSeoNEPMYps+mKAprTuSgY=,kaGRK/RCGpZErAZN3K4fT3Mb2XI=
-29,-1,DJIivdSeoNEPMYps+mKAprTuSgY=,kaGRK/RCGpZErAZN3K4fT3Mb2XI=
-26,-1,DJIivdSeoNEPMYps+mKAprTuSgY=,kaGRK/RCGpZErAZN3K4fT3Mb2XI=
-23,-3,DJIivdSeoNEPMYps+mKAprTuSgY=,nrkb8neooDe8xsMHV78qroYPRWo=
-18,-4,DJIivdSeoNEPMYps+mKAprTuSgY=,nrkb8neooDe8xsMHV78qroYPRWo=
-25,-1,DJIivdSeoNEPMYps+mKAprTuSgY=,kaGRK/RCGpZErAZN3K4fT3Mb2XI=
-19,-4,DJIivdSeoNEPMYps+mKAprTuSgY=,nrkb8neooDe8xsMHV78qroYPRWo=
-20,-4,DJIivdSeoNEPMYps+mKAprTuSgY=,nrkb8neooDe8xsMHV78qroYPRWo=
-24,-8,DJIivdSeoNEPMYps+mKAprTuSgY=,nrkb8neooDe8xsMHV78qroYPRWo=
-21,-4,DJIivdSeoNEPMYps+mKAprTuSgY=,nrkb8neooDe8xsMHV78qroYPRWo=
-22,-6,DJIivdSeoNEPMYps+mKAprTuSgY=,nrkb8neooDe8xsMHV78qroYPRWo=
-24,-4,DJIivdSeoNEPMYps+mKAprTuSgY=,nrkb8neooDe8xsMHV78qroYPRWo=
-23,-6,DJIivdSeoNEPMYps+mKAprTuSgY=,nrkb8neooDe8xsMHV78qroYPRWo=
-22,-4,DJIivdSeoNEPMYps+mKAprTuSgY=,nrkb8neooDe8xsMHV78qroYPRWo=
-30,-1,DJIivdSeoNEPMYps+mKAprTuSgY=,kaGRK/RCGpZErAZN3K4fT3Mb2XI=
-23,-4,DJIivdSeoNEPMYps+mKAprTuSgY=,nrkb8neooDe8xsMHV78qroYPRWo=
-24,-6,DJIivdSeoNEPMYps+mKAprTuSgY=,nrkb8neooDe8xsMHV78qroYPRWo=
-18,-6,DJIivdSeoNEPMYps+mKAprTuSgY=,nrkb8neooDe8xsMHV78qroYPRWo=
-32,-8,DJIivdSeoNEPMYps+mKAprTuSgY=,kaGRK/RCGpZErAZN3K4fT3Mb2XI=
-18,-5,DJIivdSeoNEPMYps+mKAprTuSgY=,nrkb8neooDe8xsMHV78qroYPRWo=
-25,-2,DJIivdSeoNEPMYps+mKAprTuSgY=,kaGRK/RCGpZErAZN3K4fT3Mb2XI=
-31,-8,DJIivdSeoNEPMYps+mKAprTuSgY=,kaGRK/RCGpZErAZN3K4fT3Mb2XI=
-27,-2,DJIivdSeoNEPMYps+mKAprTuSgY=,kaGRK/RCGpZErAZN3K4fT3Mb2XI=
-31,-1,DJIivdSeoNEPMYps+mKAprTuSgY=,kaGRK/RCGpZErAZN3K4fT3Mb2XI=
-26,-2,DJIivdSeoNEPMYps+mKAprTuSgY=,kaGRK/RCGpZErAZN3K4fT3Mb2XI=
-19,-5,DJIivdSeoNEPMYps+mKAprTuSgY=,nrkb8neooDe8xsMHV78qroYPRWo=
-28,-2,DJIivdSeoNEPMYps+mKAprTuSgY=,kaGRK/RCGpZErAZN3K4fT3Mb2XI=
-32,-1,DJIivdSeoNEPMYps+mKAprTuSgY=,kaGRK/RCGpZErAZN3K4fT3Mb2XI=
-29,-2,DJIivdSeoNEPMYps+mKAprTuSgY=,kaGRK/RCGpZErAZN3K4fT3Mb2XI=
-31,-2,DJIivdSeoNEPMYps+mKAprTuSgY=,kaGRK/RCGpZErAZN3K4fT3Mb2XI=
-30,-2,DJIivdSeoNEPMYps+mKAprTuSgY=,kaGRK/RCGpZErAZN3K4fT3Mb2XI=
-32,-2,DJIivdSeoNEPMYps+mKAprTuSgY=,kaGRK/RCGpZErAZN3K4fT3Mb2XI=
-30,-8,DJIivdSeoNEPMYps+mKAprTuSgY=,kaGRK/RCGpZErAZN3K4fT3Mb2XI=
-26,-3,DJIivdSeoNEPMYps+mKAprTuSgY=,kaGRK/RCGpZErAZN3K4fT3Mb2XI=
-25,-3,DJIivdSeoNEPMYps+mKAprTuSgY=,kaGRK/RCGpZErAZN3K4fT3Mb2XI=
-29,-8,DJIivdSeoNEPMYps+mKAprTuSgY=,kaGRK/RCGpZErAZN3K4fT3Mb2XI=
-27,-3,DJIivdSeoNEPMYps+mKAprTuSgY=,kaGRK/RCGpZErAZN3K4fT3Mb2XI=
-28,-3,DJIivdSeoNEPMYps+mKAprTuSgY=,kaGRK/RCGpZErAZN3K4fT3Mb2XI=
-29,-3,DJIivdSeoNEPMYps+mKAprTuSgY=,kaGRK/RCGpZErAZN3K4fT3Mb2XI=
-28,-8,DJIivdSeoNEPMYps+mKAprTuSgY=,kaGRK/RCGpZErAZN3K4fT3Mb2XI=
-30,-3,DJIivdSeoNEPMYps+mKAprTuSgY=,kaGRK/RCGpZErAZN3K4fT3Mb2XI=
-31,-3,DJIivdSeoNEPMYps+mKAprTuSgY=,kaGRK/RCGpZErAZN3K4fT3Mb2XI=
-32,-3,DJIivdSeoNEPMYps+mKAprTuSgY=,kaGRK/RCGpZErAZN3K4fT3Mb2XI=
-26,-4,DJIivdSeoNEPMYps+mKAprTuSgY=,kaGRK/RCGpZErAZN3K4fT3Mb2XI=
-25,-4,DJIivdSeoNEPMYps+mKAprTuSgY=,kaGRK/RCGpZErAZN3K4fT3Mb2XI=
-27,-4,DJIivdSeoNEPMYps+mKAprTuSgY=,kaGRK/RCGpZErAZN3K4fT3Mb2XI=
-24,-1,DJIivdSeoNEPMYps+mKAprTuSgY=,nrkb8neooDe8xsMHV78qroYPRWo=
-27,-8,DJIivdSeoNEPMYps+mKAprTuSgY=,kaGRK/RCGpZErAZN3K4fT3Mb2XI=
-28,-4,DJIivdSeoNEPMYps+mKAprTuSgY=,kaGRK/RCGpZErAZN3K4fT3Mb2XI=
-24,-5,DJIivdSeoNEPMYps+mKAprTuSgY=,nrkb8neooDe8xsMHV78qroYPRWo=
-29,-4,DJIivdSeoNEPMYps+mKAprTuSgY=,kaGRK/RCGpZErAZN3K4fT3Mb2XI=
-31,-4,DJIivdSeoNEPMYps+mKAprTuSgY=,kaGRK/RCGpZErAZN3K4fT3Mb2XI=
-30,-4,DJIivdSeoNEPMYps+mKAprTuSgY=,kaGRK/RCGpZErAZN3K4fT3Mb2XI=
-26,-8,DJIivdSeoNEPMYps+mKAprTuSgY=,kaGRK/RCGpZErAZN3K4fT3Mb2XI=
-32,-4,DJIivdSeoNEPMYps+mKAprTuSgY=,kaGRK/RCGpZErAZN3K4fT3Mb2XI=
-25,-8,DJIivdSeoNEPMYps+mKAprTuSgY=,kaGRK/RCGpZErAZN3K4fT3Mb2XI=
-25,-5,DJIivdSeoNEPMYps+mKAprTuSgY=,kaGRK/RCGpZErAZN3K4fT3Mb2XI=
-26,-5,DJIivdSeoNEPMYps+mKAprTuSgY=,kaGRK/RCGpZErAZN3K4fT3Mb2XI=
-32,-7,DJIivdSeoNEPMYps+mKAprTuSgY=,kaGRK/RCGpZErAZN3K4fT3Mb2XI=
-27,-5,DJIivdSeoNEPMYps+mKAprTuSgY=,kaGRK/RCGpZErAZN3K4fT3Mb2XI=
-28,-5,DJIivdSeoNEPMYps+mKAprTuSgY=,kaGRK/RCGpZErAZN3K4fT3Mb2XI=
-31,-7,DJIivdSeoNEPMYps+mKAprTuSgY=,kaGRK/RCGpZErAZN3K4fT3Mb2XI=
-24,-2,DJIivdSeoNEPMYps+mKAprTuSgY=,nrkb8neooDe8xsMHV78qroYPRWo=
-30,-7,DJIivdSeoNEPMYps+mKAprTuSgY=,kaGRK/RCGpZErAZN3K4fT3Mb2XI=
-24,-7,DJIivdSeoNEPMYps+mKAprTuSgY=,nrkb8neooDe8xsMHV78qroYPRWo=
-30,-5,DJIivdSeoNEPMYps+mKAprTuSgY=,kaGRK/RCGpZErAZN3K4fT3Mb2XI=
-29,-5,DJIivdSeoNEPMYps+mKAprTuSgY=,kaGRK/RCGpZErAZN3K4fT3Mb2XI=
-29,-7,DJIivdSeoNEPMYps+mKAprTuSgY=,kaGRK/RCGpZErAZN3K4fT3Mb2XI=
-31,-5,DJIivdSeoNEPMYps+mKAprTuSgY=,kaGRK/RCGpZErAZN3K4fT3Mb2XI=
-32,-5,DJIivdSeoNEPMYps+mKAprTuSgY=,kaGRK/RCGpZErAZN3K4fT3Mb2XI=
-28,-7,DJIivdSeoNEPMYps+mKAprTuSgY=,kaGRK/RCGpZErAZN3K4fT3Mb2XI=
-27,-7,DJIivdSeoNEPMYps+mKAprTuSgY=,kaGRK/RCGpZErAZN3K4fT3Mb2XI=
-25,-6,DJIivdSeoNEPMYps+mKAprTuSgY=,kaGRK/RCGpZErAZN3K4fT3Mb2XI=
-26,-6,DJIivdSeoNEPMYps+mKAprTuSgY=,kaGRK/RCGpZErAZN3K4fT3Mb2XI=
-24,-3,DJIivdSeoNEPMYps+mKAprTuSgY=,nrkb8neooDe8xsMHV78qroYPRWo=
-27,-6,DJIivdSeoNEPMYps+mKAprTuSgY=,kaGRK/RCGpZErAZN3K4fT3Mb2XI=
-28,-6,DJIivdSeoNEPMYps+mKAprTuSgY=,kaGRK/RCGpZErAZN3K4fT3Mb2XI=
-29,-6,DJIivdSeoNEPMYps+mKAprTuSgY=,kaGRK/RCGpZErAZN3K4fT3Mb2XI=
-26,-7,DJIivdSeoNEPMYps+mKAprTuSgY=,kaGRK/RCGpZErAZN3K4fT3Mb2XI=
-30,-6,DJIivdSeoNEPMYps+mKAprTuSgY=,kaGRK/RCGpZErAZN3K4fT3Mb2XI=
-31,-6,DJIivdSeoNEPMYps+mKAprTuSgY=,kaGRK/RCGpZErAZN3K4fT3Mb2XI=
-25,-7,DJIivdSeoNEPMYps+mKAprTuSgY=,kaGRK/RCGpZErAZN3K4fT3Mb2XI=
-32,-6,DJIivdSeoNEPMYps+mKAprTuSgY=,kaGRK/RCGpZErAZN3K4fT3Mb2XI=
