65,41,6ompqYX6DTvxaYP8xfuX5PuUJlY=,RWxsD1hBWC4Rwx/VgYMC5prrEbI=
68,46,6ompqYX6DTvxaYP8xfuX5PuUJlY=,RWxsD1hBWC4Rwx/VgYMC5prrEbI=
66,46,6ompqYX6DTvxaYP8xfuX5PuUJlY=,RWxsD1hBWC4Rwx/VgYMC5prrEbI=
69,46,6ompqYX6DTvxaYP8xfuX5PuUJlY=,RWxsD1hBWC4Rwx/VgYMC5prrEbI=
70,46,rbmJJc9Cdpb99mBBCwXccpf7J/0=,RWxsD1hBWC4Rwx/VgYMC5prrEbI=
67,46,rbmJJc9Cdpb99mBBCwXccpf7J/0=,RWxsD1hBWC4Rwx/VgYMC5prrEbI=
70,45,rbmJJc9Cdpb99mBBCwXccpf7J/0=,RWxsD1hBWC4Rwx/VgYMC5prrEbI=
65,46,rbmJJc9Cdpb99mBBCwXccpf7J/0=,RWxsD1hBWC4Rwx/VgYMC5prrEbI=
68,45,rbmJJc9Cdpb99mBBCwXccpf7J/0=,RWxsD1hBWC4Rwx/VgYMC5prrEbI=
67,45,rbmJJc9Cdpb99mBBCwXccpf7J/0=,RWxsD1hBWC4Rwx/VgYMC5prrEbI=
69,45,rbmJJc9Cdpb99mBBCwXccpf7J/0=,RWxsD1hBWC4Rwx/VgYMC5prrEbI=
66,45,rbmJJc9Cdpb99mBBCwXccpf7J/0=,RWxsD1hBWC4Rwx/VgYMC5prrEbI=
67,41,rbmJJc9Cdpb99mBBCwXccpf7J/0=,RWxsD1hBWC4Rwx/VgYMC5prrEbI=
66,41,rbmJJc9Cdpb99mBBCwXccpf7J/0=,RWxsD1hBWC4Rwx/VgYMC5prrEbI=
68,41,rbmJJc9Cdpb99mBBCwXccpf7J/0=,RWxsD1hBWC4Rwx/VgYMC5prrEbI=
69,41,rbmJJc9Cdpb99mBBCwXccpf7J/0=,RWxsD1hBWC4Rwx/VgYMC5prrEbI=
65,42,rbmJJc9Cdpb99mBBCwXccpf7J/0=,RWxsD1hBWC4Rwx/VgYMC5prrEbI=
70,41,rbmJJc9Cdpb99mBBCwXccpf7J/0=,RWxsD1hBWC4Rwx/VgYMC5prrEbI=
66,42,rbmJJc9Cdpb99mBBCwXccpf7J/0=,RWxsD1hBWC4Rwx/VgYMC5prrEbI=
67,42,rbmJJc9Cdpb99mBBCwXccpf7J/0=,RWxsD1hBWC4Rwx/VgYMC5prrEbI=
69,42,rbmJJc9Cdpb99mBBCwXccpf7J/0=,RWxsD1hBWC4Rwx/VgYMC5prrEbI=
68,42,rbmJJc9Cdpb99mBBCwXccpf7J/0=,RWxsD1hBWC4Rwx/VgYMC5prrEbI=
70,42,rbmJJc9Cdpb99mBBCwXccpf7J/0=,RWxsD1hBWC4Rwx/VgYMC5prrEbI=
65,43,rbmJJc9Cdpb99mBBCwXccpf7J/0=,RWxsD1hBWC4Rwx/VgYMC5prrEbI=
67,43,rbmJJc9Cdpb99mBBCwXccpf7J/0=,RWxsD1hBWC4Rwx/VgYMC5prrEbI=
66,43,rbmJJc9Cdpb99mBBCwXccpf7J/0=,RWxsD1hBWC4Rwx/VgYMC5prrEbI=
69,43,rbmJJc9Cdpb99mBBCwXccpf7J/0=,RWxsD1hBWC4Rwx/VgYMC5prrEbI=
68,43,rbmJJc9Cdpb99mBBCwXccpf7J/0=,RWxsD1hBWC4Rwx/VgYMC5prrEbI=
65,44,rbmJJc9Cdpb99mBBCwXccpf7J/0=,RWxsD1hBWC4Rwx/VgYMC5prrEbI=
67,44,rbmJJc9Cdpb99mBBCwXccpf7J/0=,RWxsD1hBWC4Rwx/VgYMC5prrEbI=
69,44,rbmJJc9Cdpb99mBBCwXccpf7J/0=,RWxsD1hBWC4Rwx/VgYMC5prrEbI=
66,44,rbmJJc9Cdpb99mBBCwXccpf7J/0=,RWxsD1hBWC4Rwx/VgYMC5prrEbI=
68,44,rbmJJc9Cdpb99mBBCwXccpf7J/0=,RWxsD1hBWC4Rwx/VgYMC5prrEbI=
70,43,rbmJJc9Cdpb99mBBCwXccpf7J/0=,RWxsD1hBWC4Rwx/VgYMC5prrEbI=
65,45,rbmJJc9Cdpb99mBBCwXccpf7J/0=,RWxsD1hBWC4Rwx/VgYMC5prrEbI=
70,44,rbmJJc9Cdpb99mBBCwXccpf7J/0=,RWxsD1hBWC4Rwx/VgYMC5prrEbI=
72,45,fu9CM0MqXIxYK7eu/8aM+wsahMI=,2YzJeiFTokb8YsFudSnvs7QZT+c=
76,45,fc30iALDid7VUykYXMGycCIODr8=,2YzJeiFTokb8YsFudSnvs7QZT+c=
74,45,fc30iALDid7VUykYXMGycCIODr8=,2YzJeiFTokb8YsFudSnvs7QZT+c=
73,45,fc30iALDid7VUykYXMGycCIODr8=,2YzJeiFTokb8YsFudSnvs7QZT+c=
71,46,fc30iALDid7VUykYXMGycCIODr8=,RWxsD1hBWC4Rwx/VgYMC5prrEbI=
75,45,fc30iALDid7VUykYXMGycCIODr8=,2YzJeiFTokb8YsFudSnvs7QZT+c=
78,44,gpPid8g5ODVueMkzxqo1LkisJMw=,2YzJeiFTokb8YsFudSnvs7QZT+c=
77,45,gpPid8g5ODVueMkzxqo1LkisJMw=,2YzJeiFTokb8YsFudSnvs7QZT+c=
77,44,gpPid8g5ODVueMkzxqo1LkisJMw=,2YzJeiFTokb8YsFudSnvs7QZT+c=
72,46,gpPid8g5ODVueMkzxqo1LkisJMw=,2YzJeiFTokb8YsFudSnvs7QZT+c=
76,44,gpPid8g5ODVueMkzxqo1LkisJMw=,2YzJeiFTokb8YsFudSnvs7QZT+c=
73,46,gpPid8g5ODVueMkzxqo1LkisJMw=,2YzJeiFTokb8YsFudSnvs7QZT+c=
75,44,gpPid8g5ODVueMkzxqo1LkisJMw=,2YzJeiFTokb8YsFudSnvs7QZT+c=
74,46,gpPid8g5ODVueMkzxqo1LkisJMw=,2YzJeiFTokb8YsFudSnvs7QZT+c=
74,44,gpPid8g5ODVueMkzxqo1LkisJMw=,2YzJeiFTokb8YsFudSnvs7QZT+c=
73,44,gpPid8g5ODVueMkzxqo1LkisJMw=,2YzJeiFTokb8YsFudSnvs7QZT+c=
75,46,gpPid8g5ODVueMkzxqo1LkisJMw=,2YzJeiFTokb8YsFudSnvs7QZT+c=
78,43,gpPid8g5ODVueMkzxqo1LkisJMw=,2YzJeiFTokb8YsFudSnvs7QZT+c=
77,43,gpPid8g5ODVueMkzxqo1LkisJMw=,2YzJeiFTokb8YsFudSnvs7QZT+c=
72,44,gpPid8g5ODVueMkzxqo1LkisJMw=,2YzJeiFTokb8YsFudSnvs7QZT+c=
76,43,gpPid8g5ODVueMkzxqo1LkisJMw=,2YzJeiFTokb8YsFudSnvs7QZT+c=
76,46,gpPid8g5ODVueMkzxqo1LkisJMw=,2YzJeiFTokb8YsFudSnvs7QZT+c=
71,45,gpPid8g5ODVueMkzxqo1LkisJMw=,RWxsD1hBWC4Rwx/VgYMC5prrEbI=
75,43,gpPid8g5ODVueMkzxqo1LkisJMw=,2YzJeiFTokb8YsFudSnvs7QZT+c=
74,43,gpPid8g5ODVueMkzxqo1LkisJMw=,2YzJeiFTokb8YsFudSnvs7QZT+c=
77,46,gpPid8g5ODVueMkzxqo1LkisJMw=,2YzJeiFTokb8YsFudSnvs7QZT+c=
73,43,gpPid8g5ODVueMkzxqo1LkisJMw=,2YzJeiFTokb8YsFudSnvs7QZT+c=
72,43,gpPid8g5ODVueMkzxqo1LkisJMw=,2YzJeiFTokb8YsFudSnvs7QZT+c=
78,46,gpPid8g5ODVueMkzxqo1LkisJMw=,2YzJeiFTokb8YsFudSnvs7QZT+c=
71,44,gpPid8g5ODVueMkzxqo1LkisJMw=,RWxsD1hBWC4Rwx/VgYMC5prrEbI=
77,42,gpPid8g5ODVueMkzxqo1LkisJMw=,2YzJeiFTokb8YsFudSnvs7QZT+c=
78,42,gpPid8g5ODVueMkzxqo1LkisJMw=,2YzJeiFTokb8YsFudSnvs7QZT+c=
72,41,gpPid8g5ODVueMkzxqo1LkisJMw=,2YzJeiFTokb8YsFudSnvs7QZT+c=
73,41,gpPid8g5ODVueMkzxqo1LkisJMw=,2YzJeiFTokb8YsFudSnvs7QZT+c=
74,41,gpPid8g5ODVueMkzxqo1LkisJMw=,2YzJeiFTokb8YsFudSnvs7QZT+c=
75,41,gpPid8g5ODVueMkzxqo1LkisJMw=,2YzJeiFTokb8YsFudSnvs7QZT+c=
76,41,gpPid8g5ODVueMkzxqo1LkisJMw=,2YzJeiFTokb8YsFudSnvs7QZT+c=
77,41,gpPid8g5ODVueMkzxqo1LkisJMw=,2YzJeiFTokb8YsFudSnvs7QZT+c=
78,41,gpPid8g5ODVueMkzxqo1LkisJMw=,2YzJeiFTokb8YsFudSnvs7QZT+c=
71,41,gpPid8g5ODVueMkzxqo1LkisJMw=,RWxsD1hBWC4Rwx/VgYMC5prrEbI=
72,42,gpPid8g5ODVueMkzxqo1LkisJMw=,2YzJeiFTokb8YsFudSnvs7QZT+c=
73,42,gpPid8g5ODVueMkzxqo1LkisJMw=,2YzJeiFTokb8YsFudSnvs7QZT+c=
76,42,gpPid8g5ODVueMkzxqo1LkisJMw=,2YzJeiFTokb8YsFudSnvs7QZT+c=
74,42,gpPid8g5ODVueMkzxqo1LkisJMw=,2YzJeiFTokb8YsFudSnvs7QZT+c=
75,42,gpPid8g5ODVueMkzxqo1LkisJMw=,2YzJeiFTokb8YsFudSnvs7QZT+c=
71,42,gpPid8g5ODVueMkzxqo1LkisJMw=,RWxsD1hBWC4Rwx/VgYMC5prrEbI=
71,43,gpPid8g5ODVueMkzxqo1LkisJMw=,RWxsD1hBWC4Rwx/VgYMC5prrEbI=
78,45,gpPid8g5ODVueMkzxqo1LkisJMw=,2YzJeiFTokb8YsFudSnvs7QZT+c=
76,39,icuynoYvjZq1LCfCURUJajJM518=,drOkHQ2XSPAzoUEbEKlmCbmuNUQ=
76,35,icuynoYvjZq1LCfCURUJajJM518=,drOkHQ2XSPAzoUEbEKlmCbmuNUQ=
75,35,EfZVgX/safvidlfpEhqFd6VDNuM=,drOkHQ2XSPAzoUEbEKlmCbmuNUQ=
74,35,EfZVgX/safvidlfpEhqFd6VDNuM=,drOkHQ2XSPAzoUEbEKlmCbmuNUQ=
77,39,79U/C2MqYoKsBvj64QoSao6QO54=,drOkHQ2XSPAzoUEbEKlmCbmuNUQ=
78,39,79U/C2MqYoKsBvj64QoSao6QO54=,drOkHQ2XSPAzoUEbEKlmCbmuNUQ=
77,35,79U/C2MqYoKsBvj64QoSao6QO54=,drOkHQ2XSPAzoUEbEKlmCbmuNUQ=
78,35,79U/C2MqYoKsBvj64QoSao6QO54=,drOkHQ2XSPAzoUEbEKlmCbmuNUQ=
79,35,79U/C2MqYoKsBvj64QoSao6QO54=,drOkHQ2XSPAzoUEbEKlmCbmuNUQ=
74,36,79U/C2MqYoKsBvj64QoSao6QO54=,drOkHQ2XSPAzoUEbEKlmCbmuNUQ=
73,40,79U/C2MqYoKsBvj64QoSao6QO54=,2YzJeiFTokb8YsFudSnvs7QZT+c=
74,40,79U/C2MqYoKsBvj64QoSao6QO54=,2YzJeiFTokb8YsFudSnvs7QZT+c=
75,40,79U/C2MqYoKsBvj64QoSao6QO54=,2YzJeiFTokb8YsFudSnvs7QZT+c=
77,36,79U/C2MqYoKsBvj64QoSao6QO54=,drOkHQ2XSPAzoUEbEKlmCbmuNUQ=
76,36,79U/C2MqYoKsBvj64QoSao6QO54=,drOkHQ2XSPAzoUEbEKlmCbmuNUQ=
76,40,79U/C2MqYoKsBvj64QoSao6QO54=,2YzJeiFTokb8YsFudSnvs7QZT+c=
73,36,79U/C2MqYoKsBvj64QoSao6QO54=,drOkHQ2XSPAzoUEbEKlmCbmuNUQ=
77,40,79U/C2MqYoKsBvj64QoSao6QO54=,2YzJeiFTokb8YsFudSnvs7QZT+c=
75,36,qD4PEQt+Q64/7KeHIH3jur3LvXE=,drOkHQ2XSPAzoUEbEKlmCbmuNUQ=
73,37,qD4PEQt+Q64/7KeHIH3jur3LvXE=,drOkHQ2XSPAzoUEbEKlmCbmuNUQ=
78,36,qD4PEQt+Q64/7KeHIH3jur3LvXE=,drOkHQ2XSPAzoUEbEKlmCbmuNUQ=
78,40,qD4PEQt+Q64/7KeHIH3jur3LvXE=,2YzJeiFTokb8YsFudSnvs7QZT+c=
79,36,qD4PEQt+Q64/7KeHIH3jur3LvXE=,drOkHQ2XSPAzoUEbEKlmCbmuNUQ=
77,37,qD4PEQt+Q64/7KeHIH3jur3LvXE=,drOkHQ2XSPAzoUEbEKlmCbmuNUQ=
76,37,qD4PEQt+Q64/7KeHIH3jur3LvXE=,drOkHQ2XSPAzoUEbEKlmCbmuNUQ=
74,37,qD4PEQt+Q64/7KeHIH3jur3LvXE=,drOkHQ2XSPAzoUEbEKlmCbmuNUQ=
75,37,qD4PEQt+Q64/7KeHIH3jur3LvXE=,drOkHQ2XSPAzoUEbEKlmCbmuNUQ=
73,33,qD4PEQt+Q64/7KeHIH3jur3LvXE=,drOkHQ2XSPAzoUEbEKlmCbmuNUQ=
78,37,qD4PEQt+Q64/7KeHIH3jur3LvXE=,drOkHQ2XSPAzoUEbEKlmCbmuNUQ=
74,33,HzaQF6SYGMbBuN2VqvIWNZ8pP48=,drOkHQ2XSPAzoUEbEKlmCbmuNUQ=
79,37,HzaQF6SYGMbBuN2VqvIWNZ8pP48=,drOkHQ2XSPAzoUEbEKlmCbmuNUQ=
75,38,HzaQF6SYGMbBuN2VqvIWNZ8pP48=,drOkHQ2XSPAzoUEbEKlmCbmuNUQ=
73,38,HzaQF6SYGMbBuN2VqvIWNZ8pP48=,drOkHQ2XSPAzoUEbEKlmCbmuNUQ=
74,38,HzaQF6SYGMbBuN2VqvIWNZ8pP48=,drOkHQ2XSPAzoUEbEKlmCbmuNUQ=
79,33,HzaQF6SYGMbBuN2VqvIWNZ8pP48=,drOkHQ2XSPAzoUEbEKlmCbmuNUQ=
78,33,HzaQF6SYGMbBuN2VqvIWNZ8pP48=,drOkHQ2XSPAzoUEbEKlmCbmuNUQ=
76,38,HzaQF6SYGMbBuN2VqvIWNZ8pP48=,drOkHQ2XSPAzoUEbEKlmCbmuNUQ=
75,33,HzaQF6SYGMbBuN2VqvIWNZ8pP48=,drOkHQ2XSPAzoUEbEKlmCbmuNUQ=
77,33,HzaQF6SYGMbBuN2VqvIWNZ8pP48=,drOkHQ2XSPAzoUEbEKlmCbmuNUQ=
77,38,HzaQF6SYGMbBuN2VqvIWNZ8pP48=,drOkHQ2XSPAzoUEbEKlmCbmuNUQ=
76,33,HzaQF6SYGMbBuN2VqvIWNZ8pP48=,drOkHQ2XSPAzoUEbEKlmCbmuNUQ=
74,39,HzaQF6SYGMbBuN2VqvIWNZ8pP48=,drOkHQ2XSPAzoUEbEKlmCbmuNUQ=
73,34,HzaQF6SYGMbBuN2VqvIWNZ8pP48=,drOkHQ2XSPAzoUEbEKlmCbmuNUQ=
78,38,OIMbvbvA9S3petigLLP1B/y1RaI=,drOkHQ2XSPAzoUEbEKlmCbmuNUQ=
73,39,OIMbvbvA9S3petigLLP1B/y1RaI=,drOkHQ2XSPAzoUEbEKlmCbmuNUQ=
76,34,OIMbvbvA9S3petigLLP1B/y1RaI=,drOkHQ2XSPAzoUEbEKlmCbmuNUQ=
75,34,OIMbvbvA9S3petigLLP1B/y1RaI=,drOkHQ2XSPAzoUEbEKlmCbmuNUQ=
79,38,OIMbvbvA9S3petigLLP1B/y1RaI=,drOkHQ2XSPAzoUEbEKlmCbmuNUQ=
74,34,OIMbvbvA9S3petigLLP1B/y1RaI=,drOkHQ2XSPAzoUEbEKlmCbmuNUQ=
77,34,OIMbvbvA9S3petigLLP1B/y1RaI=,drOkHQ2XSPAzoUEbEKlmCbmuNUQ=
79,34,OIMbvbvA9S3petigLLP1B/y1RaI=,drOkHQ2XSPAzoUEbEKlmCbmuNUQ=
73,35,OIMbvbvA9S3petigLLP1B/y1RaI=,drOkHQ2XSPAzoUEbEKlmCbmuNUQ=
79,44,OIMbvbvA9S3petigLLP1B/y1RaI=,2YzJeiFTokb8YsFudSnvs7QZT+c=
75,39,OIMbvbvA9S3petigLLP1B/y1RaI=,drOkHQ2XSPAzoUEbEKlmCbmuNUQ=
79,41,OIMbvbvA9S3petigLLP1B/y1RaI=,2YzJeiFTokb8YsFudSnvs7QZT+c=
79,42,OIMbvbvA9S3petigLLP1B/y1RaI=,2YzJeiFTokb8YsFudSnvs7QZT+c=
79,43,OIMbvbvA9S3petigLLP1B/y1RaI=,2YzJeiFTokb8YsFudSnvs7QZT+c=
79,39,OIMbvbvA9S3petigLLP1B/y1RaI=,drOkHQ2XSPAzoUEbEKlmCbmuNUQ=
79,45,OIMbvbvA9S3petigLLP1B/y1RaI=,2YzJeiFTokb8YsFudSnvs7QZT+c=
79,46,OIMbvbvA9S3petigLLP1B/y1RaI=,2YzJeiFTokb8YsFudSnvs7QZT+c=
79,40,OIMbvbvA9S3petigLLP1B/y1RaI=,2YzJeiFTokb8YsFudSnvs7QZT+c=
68,39,OIMbvbvA9S3petigLLP1B/y1RaI=,LsfXk6//+oxsMPP7YeRNVv3EdTk=
78,34,OIMbvbvA9S3petigLLP1B/y1RaI=,drOkHQ2XSPAzoUEbEKlmCbmuNUQ=
65,35,OIMbvbvA9S3petigLLP1B/y1RaI=,LsfXk6//+oxsMPP7YeRNVv3EdTk=
70,38,OIMbvbvA9S3petigLLP1B/y1RaI=,LsfXk6//+oxsMPP7YeRNVv3EdTk=
72,35,OIMbvbvA9S3petigLLP1B/y1RaI=,drOkHQ2XSPAzoUEbEKlmCbmuNUQ=
72,34,OIMbvbvA9S3petigLLP1B/y1RaI=,drOkHQ2XSPAzoUEbEKlmCbmuNUQ=
72,39,OIMbvbvA9S3petigLLP1B/y1RaI=,drOkHQ2XSPAzoUEbEKlmCbmuNUQ=
67,39,OIMbvbvA9S3petigLLP1B/y1RaI=,LsfXk6//+oxsMPP7YeRNVv3EdTk=
69,38,OIMbvbvA9S3petigLLP1B/y1RaI=,LsfXk6//+oxsMPP7YeRNVv3EdTk=
65,34,OIMbvbvA9S3petigLLP1B/y1RaI=,LsfXk6//+oxsMPP7YeRNVv3EdTk=
66,34,OIMbvbvA9S3petigLLP1B/y1RaI=,LsfXk6//+oxsMPP7YeRNVv3EdTk=
71,37,OIMbvbvA9S3petigLLP1B/y1RaI=,LsfXk6//+oxsMPP7YeRNVv3EdTk=
71,36,OIMbvbvA9S3petigLLP1B/y1RaI=,LsfXk6//+oxsMPP7YeRNVv3EdTk=
70,36,OIMbvbvA9S3petigLLP1B/y1RaI=,LsfXk6//+oxsMPP7YeRNVv3EdTk=
68,36,OIMbvbvA9S3petigLLP1B/y1RaI=,LsfXk6//+oxsMPP7YeRNVv3EdTk=
69,36,OIMbvbvA9S3petigLLP1B/y1RaI=,LsfXk6//+oxsMPP7YeRNVv3EdTk=
69,39,OIMbvbvA9S3petigLLP1B/y1RaI=,LsfXk6//+oxsMPP7YeRNVv3EdTk=
70,39,OIMbvbvA9S3petigLLP1B/y1RaI=,LsfXk6//+oxsMPP7YeRNVv3EdTk=
66,36,OIMbvbvA9S3petigLLP1B/y1RaI=,LsfXk6//+oxsMPP7YeRNVv3EdTk=
67,36,OIMbvbvA9S3petigLLP1B/y1RaI=,LsfXk6//+oxsMPP7YeRNVv3EdTk=
66,39,OIMbvbvA9S3petigLLP1B/y1RaI=,LsfXk6//+oxsMPP7YeRNVv3EdTk=
72,40,OIMbvbvA9S3petigLLP1B/y1RaI=,2YzJeiFTokb8YsFudSnvs7QZT+c=
65,36,OIMbvbvA9S3petigLLP1B/y1RaI=,LsfXk6//+oxsMPP7YeRNVv3EdTk=
71,39,OIMbvbvA9S3petigLLP1B/y1RaI=,LsfXk6//+oxsMPP7YeRNVv3EdTk=
71,34,OIMbvbvA9S3petigLLP1B/y1RaI=,LsfXk6//+oxsMPP7YeRNVv3EdTk=
72,36,OIMbvbvA9S3petigLLP1B/y1RaI=,drOkHQ2XSPAzoUEbEKlmCbmuNUQ=
71,33,OIMbvbvA9S3petigLLP1B/y1RaI=,LsfXk6//+oxsMPP7YeRNVv3EdTk=
70,37,OIMbvbvA9S3petigLLP1B/y1RaI=,LsfXk6//+oxsMPP7YeRNVv3EdTk=
71,38,OIMbvbvA9S3petigLLP1B/y1RaI=,LsfXk6//+oxsMPP7YeRNVv3EdTk=
72,38,OIMbvbvA9S3petigLLP1B/y1RaI=,drOkHQ2XSPAzoUEbEKlmCbmuNUQ=
66,35,OIMbvbvA9S3petigLLP1B/y1RaI=,LsfXk6//+oxsMPP7YeRNVv3EdTk=
70,33,OIMbvbvA9S3petigLLP1B/y1RaI=,LsfXk6//+oxsMPP7YeRNVv3EdTk=
69,33,OIMbvbvA9S3petigLLP1B/y1RaI=,LsfXk6//+oxsMPP7YeRNVv3EdTk=
65,40,OIMbvbvA9S3petigLLP1B/y1RaI=,RWxsD1hBWC4Rwx/VgYMC5prrEbI=
66,40,OIMbvbvA9S3petigLLP1B/y1RaI=,RWxsD1hBWC4Rwx/VgYMC5prrEbI=
68,33,OIMbvbvA9S3petigLLP1B/y1RaI=,LsfXk6//+oxsMPP7YeRNVv3EdTk=
67,34,OIMbvbvA9S3petigLLP1B/y1RaI=,LsfXk6//+oxsMPP7YeRNVv3EdTk=
67,33,OIMbvbvA9S3petigLLP1B/y1RaI=,LsfXk6//+oxsMPP7YeRNVv3EdTk=
66,33,OIMbvbvA9S3petigLLP1B/y1RaI=,LsfXk6//+oxsMPP7YeRNVv3EdTk=
65,33,OIMbvbvA9S3petigLLP1B/y1RaI=,LsfXk6//+oxsMPP7YeRNVv3EdTk=
65,39,OIMbvbvA9S3petigLLP1B/y1RaI=,LsfXk6//+oxsMPP7YeRNVv3EdTk=
67,40,OIMbvbvA9S3petigLLP1B/y1RaI=,RWxsD1hBWC4Rwx/VgYMC5prrEbI=
70,34,OIMbvbvA9S3petigLLP1B/y1RaI=,LsfXk6//+oxsMPP7YeRNVv3EdTk=
72,33,OIMbvbvA9S3petigLLP1B/y1RaI=,drOkHQ2XSPAzoUEbEKlmCbmuNUQ=
69,37,OIMbvbvA9S3petigLLP1B/y1RaI=,LsfXk6//+oxsMPP7YeRNVv3EdTk=
68,40,OIMbvbvA9S3petigLLP1B/y1RaI=,RWxsD1hBWC4Rwx/VgYMC5prrEbI=
68,37,OIMbvbvA9S3petigLLP1B/y1RaI=,LsfXk6//+oxsMPP7YeRNVv3EdTk=
68,38,OIMbvbvA9S3petigLLP1B/y1RaI=,LsfXk6//+oxsMPP7YeRNVv3EdTk=
71,35,OIMbvbvA9S3petigLLP1B/y1RaI=,LsfXk6//+oxsMPP7YeRNVv3EdTk=
70,35,OIMbvbvA9S3petigLLP1B/y1RaI=,LsfXk6//+oxsMPP7YeRNVv3EdTk=
67,38,OIMbvbvA9S3petigLLP1B/y1RaI=,LsfXk6//+oxsMPP7YeRNVv3EdTk=
69,35,OIMbvbvA9S3petigLLP1B/y1RaI=,LsfXk6//+oxsMPP7YeRNVv3EdTk=
69,40,OIMbvbvA9S3petigLLP1B/y1RaI=,RWxsD1hBWC4Rwx/VgYMC5prrEbI=
68,35,OIMbvbvA9S3petigLLP1B/y1RaI=,LsfXk6//+oxsMPP7YeRNVv3EdTk=
66,38,OIMbvbvA9S3petigLLP1B/y1RaI=,LsfXk6//+oxsMPP7YeRNVv3EdTk=
69,34,OIMbvbvA9S3petigLLP1B/y1RaI=,LsfXk6//+oxsMPP7YeRNVv3EdTk=
67,35,OIMbvbvA9S3petigLLP1B/y1RaI=,LsfXk6//+oxsMPP7YeRNVv3EdTk=
68,34,OIMbvbvA9S3petigLLP1B/y1RaI=,LsfXk6//+oxsMPP7YeRNVv3EdTk=
67,37,OIMbvbvA9S3petigLLP1B/y1RaI=,LsfXk6//+oxsMPP7YeRNVv3EdTk=
70,40,OIMbvbvA9S3petigLLP1B/y1RaI=,RWxsD1hBWC4Rwx/VgYMC5prrEbI=
66,37,OIMbvbvA9S3petigLLP1B/y1RaI=,LsfXk6//+oxsMPP7YeRNVv3EdTk=
71,40,OIMbvbvA9S3petigLLP1B/y1RaI=,RWxsD1hBWC4Rwx/VgYMC5prrEbI=
72,37,OIMbvbvA9S3petigLLP1B/y1RaI=,drOkHQ2XSPAzoUEbEKlmCbmuNUQ=
65,37,OIMbvbvA9S3petigLLP1B/y1RaI=,LsfXk6//+oxsMPP7YeRNVv3EdTk=
65,38,OIMbvbvA9S3petigLLP1B/y1RaI=,LsfXk6//+oxsMPP7YeRNVv3EdTk=
64,34,OIMbvbvA9S3petigLLP1B/y1RaI=,LsfXk6//+oxsMPP7YeRNVv3EdTk=
64,37,OIMbvbvA9S3petigLLP1B/y1RaI=,LsfXk6//+oxsMPP7YeRNVv3EdTk=
64,36,OIMbvbvA9S3petigLLP1B/y1RaI=,LsfXk6//+oxsMPP7YeRNVv3EdTk=
64,33,OIMbvbvA9S3petigLLP1B/y1RaI=,LsfXk6//+oxsMPP7YeRNVv3EdTk=
64,38,OIMbvbvA9S3petigLLP1B/y1RaI=,LsfXk6//+oxsMPP7YeRNVv3EdTk=
65,32,OIMbvbvA9S3petigLLP1B/y1RaI=,LsfXk6//+oxsMPP7YeRNVv3EdTk=
67,32,OIMbvbvA9S3petigLLP1B/y1RaI=,LsfXk6//+oxsMPP7YeRNVv3EdTk=
68,32,OIMbvbvA9S3petigLLP1B/y1RaI=,LsfXk6//+oxsMPP7YeRNVv3EdTk=
69,32,OIMbvbvA9S3petigLLP1B/y1RaI=,LsfXk6//+oxsMPP7YeRNVv3EdTk=
70,32,OIMbvbvA9S3petigLLP1B/y1RaI=,LsfXk6//+oxsMPP7YeRNVv3EdTk=
78,32,OIMbvbvA9S3petigLLP1B/y1RaI=,drOkHQ2XSPAzoUEbEKlmCbmuNUQ=
72,32,OIMbvbvA9S3petigLLP1B/y1RaI=,drOkHQ2XSPAzoUEbEKlmCbmuNUQ=
77,32,OIMbvbvA9S3petigLLP1B/y1RaI=,drOkHQ2XSPAzoUEbEKlmCbmuNUQ=
71,32,OIMbvbvA9S3petigLLP1B/y1RaI=,LsfXk6//+oxsMPP7YeRNVv3EdTk=
73,32,OIMbvbvA9S3petigLLP1B/y1RaI=,drOkHQ2XSPAzoUEbEKlmCbmuNUQ=
76,32,OIMbvbvA9S3petigLLP1B/y1RaI=,drOkHQ2XSPAzoUEbEKlmCbmuNUQ=
74,32,OIMbvbvA9S3petigLLP1B/y1RaI=,drOkHQ2XSPAzoUEbEKlmCbmuNUQ=
75,32,OIMbvbvA9S3petigLLP1B/y1RaI=,drOkHQ2XSPAzoUEbEKlmCbmuNUQ=
64,40,OIMbvbvA9S3petigLLP1B/y1RaI=,RWxsD1hBWC4Rwx/VgYMC5prrEbI=
64,46,OIMbvbvA9S3petigLLP1B/y1RaI=,RWxsD1hBWC4Rwx/VgYMC5prrEbI=
64,45,OIMbvbvA9S3petigLLP1B/y1RaI=,RWxsD1hBWC4Rwx/VgYMC5prrEbI=
64,41,OIMbvbvA9S3petigLLP1B/y1RaI=,RWxsD1hBWC4Rwx/VgYMC5prrEbI=
64,44,OIMbvbvA9S3petigLLP1B/y1RaI=,RWxsD1hBWC4Rwx/VgYMC5prrEbI=
64,43,OIMbvbvA9S3petigLLP1B/y1RaI=,RWxsD1hBWC4Rwx/VgYMC5prrEbI=
64,39,OIMbvbvA9S3petigLLP1B/y1RaI=,LsfXk6//+oxsMPP7YeRNVv3EdTk=
64,42,OIMbvbvA9S3petigLLP1B/y1RaI=,RWxsD1hBWC4Rwx/VgYMC5prrEbI=
79,32,OIMbvbvA9S3petigLLP1B/y1RaI=,drOkHQ2XSPAzoUEbEKlmCbmuNUQ=
65,47,OIMbvbvA9S3petigLLP1B/y1RaI=,RWxsD1hBWC4Rwx/VgYMC5prrEbI=
66,47,OIMbvbvA9S3petigLLP1B/y1RaI=,RWxsD1hBWC4Rwx/VgYMC5prrEbI=
64,32,OIMbvbvA9S3petigLLP1B/y1RaI=,LsfXk6//+oxsMPP7YeRNVv3EdTk=
64,47,OIMbvbvA9S3petigLLP1B/y1RaI=,RWxsD1hBWC4Rwx/VgYMC5prrEbI=
70,47,OIMbvbvA9S3petigLLP1B/y1RaI=,RWxsD1hBWC4Rwx/VgYMC5prrEbI=
67,47,OIMbvbvA9S3petigLLP1B/y1RaI=,RWxsD1hBWC4Rwx/VgYMC5prrEbI=
68,47,OIMbvbvA9S3petigLLP1B/y1RaI=,RWxsD1hBWC4Rwx/VgYMC5prrEbI=
78,47,OIMbvbvA9S3petigLLP1B/y1RaI=,2YzJeiFTokb8YsFudSnvs7QZT+c=
69,47,OIMbvbvA9S3petigLLP1B/y1RaI=,RWxsD1hBWC4Rwx/VgYMC5prrEbI=
74,47,OIMbvbvA9S3petigLLP1B/y1RaI=,2YzJeiFTokb8YsFudSnvs7QZT+c=
77,47,OIMbvbvA9S3petigLLP1B/y1RaI=,2YzJeiFTokb8YsFudSnvs7QZT+c=
75,47,OIMbvbvA9S3petigLLP1B/y1RaI=,2YzJeiFTokb8YsFudSnvs7QZT+c=
71,47,OIMbvbvA9S3petigLLP1B/y1RaI=,RWxsD1hBWC4Rwx/VgYMC5prrEbI=
79,47,OIMbvbvA9S3petigLLP1B/y1RaI=,2YzJeiFTokb8YsFudSnvs7QZT+c=
76,47,OIMbvbvA9S3petigLLP1B/y1RaI=,2YzJeiFTokb8YsFudSnvs7QZT+c=
72,47,OIMbvbvA9S3petigLLP1B/y1RaI=,2YzJeiFTokb8YsFudSnvs7QZT+c=
73,47,OIMbvbvA9S3petigLLP1B/y1RaI=,2YzJeiFTokb8YsFudSnvs7QZT+c=
66,32,OIMbvbvA9S3petigLLP1B/y1RaI=,LsfXk6//+oxsMPP7YeRNVv3EdTk=
64,35,OIMbvbvA9S3petigLLP1B/y1RaI=,LsfXk6//+oxsMPP7YeRNVv3EdTk=
76,61,lPmPiSxVJFWGg00f0WYp8Agxa0w=,rC0HRyZt7I9A8xXH3mCg+SOwxcM=
75,61,JVU9UY6WP91Tn1+z+WxjdPUatkE=,rC0HRyZt7I9A8xXH3mCg+SOwxcM=
73,61,JVU9UY6WP91Tn1+z+WxjdPUatkE=,rC0HRyZt7I9A8xXH3mCg+SOwxcM=
74,61,JVU9UY6WP91Tn1+z+WxjdPUatkE=,rC0HRyZt7I9A8xXH3mCg+SOwxcM=
78,60,JVU9UY6WP91Tn1+z+WxjdPUatkE=,rC0HRyZt7I9A8xXH3mCg+SOwxcM=
76,60,JVU9UY6WP91Tn1+z+WxjdPUatkE=,rC0HRyZt7I9A8xXH3mCg+SOwxcM=
75,60,gXd1W/+vAEhyoh1bhEREVRSAHjM=,rC0HRyZt7I9A8xXH3mCg+SOwxcM=
78,59,gXd1W/+vAEhyoh1bhEREVRSAHjM=,rC0HRyZt7I9A8xXH3mCg+SOwxcM=
76,59,gXd1W/+vAEhyoh1bhEREVRSAHjM=,rC0HRyZt7I9A8xXH3mCg+SOwxcM=
74,60,gXd1W/+vAEhyoh1bhEREVRSAHjM=,rC0HRyZt7I9A8xXH3mCg+SOwxcM=
75,59,gXd1W/+vAEhyoh1bhEREVRSAHjM=,rC0HRyZt7I9A8xXH3mCg+SOwxcM=
78,58,gXd1W/+vAEhyoh1bhEREVRSAHjM=,rC0HRyZt7I9A8xXH3mCg+SOwxcM=
77,59,gXd1W/+vAEhyoh1bhEREVRSAHjM=,rC0HRyZt7I9A8xXH3mCg+SOwxcM=
73,59,gXd1W/+vAEhyoh1bhEREVRSAHjM=,rC0HRyZt7I9A8xXH3mCg+SOwxcM=
74,59,gXd1W/+vAEhyoh1bhEREVRSAHjM=,rC0HRyZt7I9A8xXH3mCg+SOwxcM=
77,58,gXd1W/+vAEhyoh1bhEREVRSAHjM=,rC0HRyZt7I9A8xXH3mCg+SOwxcM=
76,58,gXd1W/+vAEhyoh1bhEREVRSAHjM=,rC0HRyZt7I9A8xXH3mCg+SOwxcM=
75,58,gXd1W/+vAEhyoh1bhEREVRSAHjM=,rC0HRyZt7I9A8xXH3mCg+SOwxcM=
74,58,gXd1W/+vAEhyoh1bhEREVRSAHjM=,rC0HRyZt7I9A8xXH3mCg+SOwxcM=
78,57,gXd1W/+vAEhyoh1bhEREVRSAHjM=,rC0HRyZt7I9A8xXH3mCg+SOwxcM=
73,58,gXd1W/+vAEhyoh1bhEREVRSAHjM=,rC0HRyZt7I9A8xXH3mCg+SOwxcM=
76,57,gXd1W/+vAEhyoh1bhEREVRSAHjM=,rC0HRyZt7I9A8xXH3mCg+SOwxcM=
74,57,gXd1W/+vAEhyoh1bhEREVRSAHjM=,rC0HRyZt7I9A8xXH3mCg+SOwxcM=
77,57,gXd1W/+vAEhyoh1bhEREVRSAHjM=,rC0HRyZt7I9A8xXH3mCg+SOwxcM=
75,57,gXd1W/+vAEhyoh1bhEREVRSAHjM=,rC0HRyZt7I9A8xXH3mCg+SOwxcM=
73,57,gXd1W/+vAEhyoh1bhEREVRSAHjM=,rC0HRyZt7I9A8xXH3mCg+SOwxcM=
78,62,gXd1W/+vAEhyoh1bhEREVRSAHjM=,rC0HRyZt7I9A8xXH3mCg+SOwxcM=
75,62,gXd1W/+vAEhyoh1bhEREVRSAHjM=,rC0HRyZt7I9A8xXH3mCg+SOwxcM=
74,62,gXd1W/+vAEhyoh1bhEREVRSAHjM=,rC0HRyZt7I9A8xXH3mCg+SOwxcM=
76,62,gXd1W/+vAEhyoh1bhEREVRSAHjM=,rC0HRyZt7I9A8xXH3mCg+SOwxcM=
77,62,gXd1W/+vAEhyoh1bhEREVRSAHjM=,rC0HRyZt7I9A8xXH3mCg+SOwxcM=
73,62,gXd1W/+vAEhyoh1bhEREVRSAHjM=,rC0HRyZt7I9A8xXH3mCg+SOwxcM=
78,61,gXd1W/+vAEhyoh1bhEREVRSAHjM=,rC0HRyZt7I9A8xXH3mCg+SOwxcM=
77,61,gXd1W/+vAEhyoh1bhEREVRSAHjM=,rC0HRyZt7I9A8xXH3mCg+SOwxcM=
77,60,gXd1W/+vAEhyoh1bhEREVRSAHjM=,rC0HRyZt7I9A8xXH3mCg+SOwxcM=
73,60,gXd1W/+vAEhyoh1bhEREVRSAHjM=,rC0HRyZt7I9A8xXH3mCg+SOwxcM=
65,50,Y9XnxgKvdRlTrLmjHNGt9PjWrRw=,LAS/HHOn0ndL1fn7gyP26Wlf7eQ=
69,53,Y9XnxgKvdRlTrLmjHNGt9PjWrRw=,LAS/HHOn0ndL1fn7gyP26Wlf7eQ=
69,54,Y9XnxgKvdRlTrLmjHNGt9PjWrRw=,LAS/HHOn0ndL1fn7gyP26Wlf7eQ=
65,52,Y9XnxgKvdRlTrLmjHNGt9PjWrRw=,LAS/HHOn0ndL1fn7gyP26Wlf7eQ=
68,54,Y9XnxgKvdRlTrLmjHNGt9PjWrRw=,LAS/HHOn0ndL1fn7gyP26Wlf7eQ=
68,49,Y9XnxgKvdRlTrLmjHNGt9PjWrRw=,LAS/HHOn0ndL1fn7gyP26Wlf7eQ=
66,54,Y9XnxgKvdRlTrLmjHNGt9PjWrRw=,LAS/HHOn0ndL1fn7gyP26Wlf7eQ=
65,51,Y9XnxgKvdRlTrLmjHNGt9PjWrRw=,LAS/HHOn0ndL1fn7gyP26Wlf7eQ=
67,54,aGd3M7w2rDLUH862sXJdwUedaV4=,LAS/HHOn0ndL1fn7gyP26Wlf7eQ=
69,49,aGd3M7w2rDLUH862sXJdwUedaV4=,LAS/HHOn0ndL1fn7gyP26Wlf7eQ=
70,51,aGd3M7w2rDLUH862sXJdwUedaV4=,LAS/HHOn0ndL1fn7gyP26Wlf7eQ=
70,49,aGd3M7w2rDLUH862sXJdwUedaV4=,LAS/HHOn0ndL1fn7gyP26Wlf7eQ=
70,50,aGd3M7w2rDLUH862sXJdwUedaV4=,LAS/HHOn0ndL1fn7gyP26Wlf7eQ=
69,51,aGd3M7w2rDLUH862sXJdwUedaV4=,LAS/HHOn0ndL1fn7gyP26Wlf7eQ=
70,54,aGd3M7w2rDLUH862sXJdwUedaV4=,LAS/HHOn0ndL1fn7gyP26Wlf7eQ=
65,53,aGd3M7w2rDLUH862sXJdwUedaV4=,LAS/HHOn0ndL1fn7gyP26Wlf7eQ=
68,50,aGd3M7w2rDLUH862sXJdwUedaV4=,LAS/HHOn0ndL1fn7gyP26Wlf7eQ=
69,50,aGd3M7w2rDLUH862sXJdwUedaV4=,LAS/HHOn0ndL1fn7gyP26Wlf7eQ=
66,52,aGd3M7w2rDLUH862sXJdwUedaV4=,LAS/HHOn0ndL1fn7gyP26Wlf7eQ=
67,50,aGd3M7w2rDLUH862sXJdwUedaV4=,LAS/HHOn0ndL1fn7gyP26Wlf7eQ=
65,54,aGd3M7w2rDLUH862sXJdwUedaV4=,LAS/HHOn0ndL1fn7gyP26Wlf7eQ=
66,51,aGd3M7w2rDLUH862sXJdwUedaV4=,LAS/HHOn0ndL1fn7gyP26Wlf7eQ=
67,49,aGd3M7w2rDLUH862sXJdwUedaV4=,LAS/HHOn0ndL1fn7gyP26Wlf7eQ=
68,51,aGd3M7w2rDLUH862sXJdwUedaV4=,LAS/HHOn0ndL1fn7gyP26Wlf7eQ=
65,49,aGd3M7w2rDLUH862sXJdwUedaV4=,LAS/HHOn0ndL1fn7gyP26Wlf7eQ=
67,52,aGd3M7w2rDLUH862sXJdwUedaV4=,LAS/HHOn0ndL1fn7gyP26Wlf7eQ=
68,52,aGd3M7w2rDLUH862sXJdwUedaV4=,LAS/HHOn0ndL1fn7gyP26Wlf7eQ=
66,49,aGd3M7w2rDLUH862sXJdwUedaV4=,LAS/HHOn0ndL1fn7gyP26Wlf7eQ=
67,51,aGd3M7w2rDLUH862sXJdwUedaV4=,LAS/HHOn0ndL1fn7gyP26Wlf7eQ=
70,52,aGd3M7w2rDLUH862sXJdwUedaV4=,LAS/HHOn0ndL1fn7gyP26Wlf7eQ=
66,50,aGd3M7w2rDLUH862sXJdwUedaV4=,LAS/HHOn0ndL1fn7gyP26Wlf7eQ=
67,53,aGd3M7w2rDLUH862sXJdwUedaV4=,LAS/HHOn0ndL1fn7gyP26Wlf7eQ=
66,53,aGd3M7w2rDLUH862sXJdwUedaV4=,LAS/HHOn0ndL1fn7gyP26Wlf7eQ=
70,53,aGd3M7w2rDLUH862sXJdwUedaV4=,LAS/HHOn0ndL1fn7gyP26Wlf7eQ=
68,53,aGd3M7w2rDLUH862sXJdwUedaV4=,LAS/HHOn0ndL1fn7gyP26Wlf7eQ=
69,52,aGd3M7w2rDLUH862sXJdwUedaV4=,LAS/HHOn0ndL1fn7gyP26Wlf7eQ=
64,52,aGd3M7w2rDLUH862sXJdwUedaV4=,LAS/HHOn0ndL1fn7gyP26Wlf7eQ=
64,51,aGd3M7w2rDLUH862sXJdwUedaV4=,LAS/HHOn0ndL1fn7gyP26Wlf7eQ=
64,53,aGd3M7w2rDLUH862sXJdwUedaV4=,LAS/HHOn0ndL1fn7gyP26Wlf7eQ=
64,54,aGd3M7w2rDLUH862sXJdwUedaV4=,LAS/HHOn0ndL1fn7gyP26Wlf7eQ=
64,49,rOQH4O8txcDekqrS3tttWmkuClY=,LAS/HHOn0ndL1fn7gyP26Wlf7eQ=
64,50,rOQH4O8txcDekqrS3tttWmkuClY=,LAS/HHOn0ndL1fn7gyP26Wlf7eQ=
76,51,rOQH4O8txcDekqrS3tttWmkuClY=,zqXFKVVunxQpRqWdxsMyGXf+qfo=
75,51,nr/6EgGAtAd+DFOisEHMPM1cork=,zqXFKVVunxQpRqWdxsMyGXf+qfo=
74,51,nr/6EgGAtAd+DFOisEHMPM1cork=,zqXFKVVunxQpRqWdxsMyGXf+qfo=
77,51,nr/6EgGAtAd+DFOisEHMPM1cork=,zqXFKVVunxQpRqWdxsMyGXf+qfo=
72,51,nr/6EgGAtAd+DFOisEHMPM1cork=,zqXFKVVunxQpRqWdxsMyGXf+qfo=
77,50,nr/6EgGAtAd+DFOisEHMPM1cork=,zqXFKVVunxQpRqWdxsMyGXf+qfo=
79,50,nr/6EgGAtAd+DFOisEHMPM1cork=,zqXFKVVunxQpRqWdxsMyGXf+qfo=
78,50,nr/6EgGAtAd+DFOisEHMPM1cork=,zqXFKVVunxQpRqWdxsMyGXf+qfo=
78,51,UAOOetzShRYjPlhjhB8aYagjE5E=,zqXFKVVunxQpRqWdxsMyGXf+qfo=
73,51,UAOOetzShRYjPlhjhB8aYagjE5E=,zqXFKVVunxQpRqWdxsMyGXf+qfo=
76,50,UAOOetzShRYjPlhjhB8aYagjE5E=,zqXFKVVunxQpRqWdxsMyGXf+qfo=
75,50,UAOOetzShRYjPlhjhB8aYagjE5E=,zqXFKVVunxQpRqWdxsMyGXf+qfo=
71,49,UAOOetzShRYjPlhjhB8aYagjE5E=,LAS/HHOn0ndL1fn7gyP26Wlf7eQ=
74,50,UAOOetzShRYjPlhjhB8aYagjE5E=,zqXFKVVunxQpRqWdxsMyGXf+qfo=
73,56,UAOOetzShRYjPlhjhB8aYagjE5E=,rC0HRyZt7I9A8xXH3mCg+SOwxcM=
78,55,UAOOetzShRYjPlhjhB8aYagjE5E=,zqXFKVVunxQpRqWdxsMyGXf+qfo=
72,50,UAOOetzShRYjPlhjhB8aYagjE5E=,zqXFKVVunxQpRqWdxsMyGXf+qfo=
79,49,UAOOetzShRYjPlhjhB8aYagjE5E=,zqXFKVVunxQpRqWdxsMyGXf+qfo=
73,50,UAOOetzShRYjPlhjhB8aYagjE5E=,zqXFKVVunxQpRqWdxsMyGXf+qfo=
76,49,UAOOetzShRYjPlhjhB8aYagjE5E=,zqXFKVVunxQpRqWdxsMyGXf+qfo=
77,49,UAOOetzShRYjPlhjhB8aYagjE5E=,zqXFKVVunxQpRqWdxsMyGXf+qfo=
75,49,UAOOetzShRYjPlhjhB8aYagjE5E=,zqXFKVVunxQpRqWdxsMyGXf+qfo=
78,49,UAOOetzShRYjPlhjhB8aYagjE5E=,zqXFKVVunxQpRqWdxsMyGXf+qfo=
77,55,UAOOetzShRYjPlhjhB8aYagjE5E=,zqXFKVVunxQpRqWdxsMyGXf+qfo=
74,49,UAOOetzShRYjPlhjhB8aYagjE5E=,zqXFKVVunxQpRqWdxsMyGXf+qfo=
76,55,UAOOetzShRYjPlhjhB8aYagjE5E=,zqXFKVVunxQpRqWdxsMyGXf+qfo=
74,56,UAOOetzShRYjPlhjhB8aYagjE5E=,rC0HRyZt7I9A8xXH3mCg+SOwxcM=
73,49,UAOOetzShRYjPlhjhB8aYagjE5E=,zqXFKVVunxQpRqWdxsMyGXf+qfo=
75,55,UAOOetzShRYjPlhjhB8aYagjE5E=,zqXFKVVunxQpRqWdxsMyGXf+qfo=
75,56,UAOOetzShRYjPlhjhB8aYagjE5E=,rC0HRyZt7I9A8xXH3mCg+SOwxcM=
74,55,UAOOetzShRYjPlhjhB8aYagjE5E=,zqXFKVVunxQpRqWdxsMyGXf+qfo=
76,56,UAOOetzShRYjPlhjhB8aYagjE5E=,rC0HRyZt7I9A8xXH3mCg+SOwxcM=
73,55,UAOOetzShRYjPlhjhB8aYagjE5E=,zqXFKVVunxQpRqWdxsMyGXf+qfo=
77,56,UAOOetzShRYjPlhjhB8aYagjE5E=,rC0HRyZt7I9A8xXH3mCg+SOwxcM=
72,49,UAOOetzShRYjPlhjhB8aYagjE5E=,zqXFKVVunxQpRqWdxsMyGXf+qfo=
71,52,UAOOetzShRYjPlhjhB8aYagjE5E=,LAS/HHOn0ndL1fn7gyP26Wlf7eQ=
78,56,UAOOetzShRYjPlhjhB8aYagjE5E=,rC0HRyZt7I9A8xXH3mCg+SOwxcM=
79,54,UAOOetzShRYjPlhjhB8aYagjE5E=,zqXFKVVunxQpRqWdxsMyGXf+qfo=
78,54,UAOOetzShRYjPlhjhB8aYagjE5E=,zqXFKVVunxQpRqWdxsMyGXf+qfo=
77,54,UAOOetzShRYjPlhjhB8aYagjE5E=,zqXFKVVunxQpRqWdxsMyGXf+qfo=
76,54,UAOOetzShRYjPlhjhB8aYagjE5E=,zqXFKVVunxQpRqWdxsMyGXf+qfo=
75,54,UAOOetzShRYjPlhjhB8aYagjE5E=,zqXFKVVunxQpRqWdxsMyGXf+qfo=
73,54,UAOOetzShRYjPlhjhB8aYagjE5E=,zqXFKVVunxQpRqWdxsMyGXf+qfo=
79,51,UAOOetzShRYjPlhjhB8aYagjE5E=,zqXFKVVunxQpRqWdxsMyGXf+qfo=
74,54,UAOOetzShRYjPlhjhB8aYagjE5E=,zqXFKVVunxQpRqWdxsMyGXf+qfo=
72,54,UAOOetzShRYjPlhjhB8aYagjE5E=,zqXFKVVunxQpRqWdxsMyGXf+qfo=
79,53,UAOOetzShRYjPlhjhB8aYagjE5E=,zqXFKVVunxQpRqWdxsMyGXf+qfo=
71,54,UAOOetzShRYjPlhjhB8aYagjE5E=,LAS/HHOn0ndL1fn7gyP26Wlf7eQ=
72,52,UAOOetzShRYjPlhjhB8aYagjE5E=,zqXFKVVunxQpRqWdxsMyGXf+qfo=
73,52,UAOOetzShRYjPlhjhB8aYagjE5E=,zqXFKVVunxQpRqWdxsMyGXf+qfo=
71,53,UAOOetzShRYjPlhjhB8aYagjE5E=,LAS/HHOn0ndL1fn7gyP26Wlf7eQ=
74,52,UAOOetzShRYjPlhjhB8aYagjE5E=,zqXFKVVunxQpRqWdxsMyGXf+qfo=
75,52,UAOOetzShRYjPlhjhB8aYagjE5E=,zqXFKVVunxQpRqWdxsMyGXf+qfo=
76,52,UAOOetzShRYjPlhjhB8aYagjE5E=,zqXFKVVunxQpRqWdxsMyGXf+qfo=
71,50,UAOOetzShRYjPlhjhB8aYagjE5E=,LAS/HHOn0ndL1fn7gyP26Wlf7eQ=
79,52,UAOOetzShRYjPlhjhB8aYagjE5E=,zqXFKVVunxQpRqWdxsMyGXf+qfo=
78,52,UAOOetzShRYjPlhjhB8aYagjE5E=,zqXFKVVunxQpRqWdxsMyGXf+qfo=
77,52,UAOOetzShRYjPlhjhB8aYagjE5E=,zqXFKVVunxQpRqWdxsMyGXf+qfo=
72,53,UAOOetzShRYjPlhjhB8aYagjE5E=,zqXFKVVunxQpRqWdxsMyGXf+qfo=
75,53,UAOOetzShRYjPlhjhB8aYagjE5E=,zqXFKVVunxQpRqWdxsMyGXf+qfo=
73,53,UAOOetzShRYjPlhjhB8aYagjE5E=,zqXFKVVunxQpRqWdxsMyGXf+qfo=
76,53,UAOOetzShRYjPlhjhB8aYagjE5E=,zqXFKVVunxQpRqWdxsMyGXf+qfo=
74,53,UAOOetzShRYjPlhjhB8aYagjE5E=,zqXFKVVunxQpRqWdxsMyGXf+qfo=
77,53,UAOOetzShRYjPlhjhB8aYagjE5E=,zqXFKVVunxQpRqWdxsMyGXf+qfo=
78,53,UAOOetzShRYjPlhjhB8aYagjE5E=,zqXFKVVunxQpRqWdxsMyGXf+qfo=
71,51,UAOOetzShRYjPlhjhB8aYagjE5E=,LAS/HHOn0ndL1fn7gyP26Wlf7eQ=
68,48,UAOOetzShRYjPlhjhB8aYagjE5E=,LAS/HHOn0ndL1fn7gyP26Wlf7eQ=
67,48,UAOOetzShRYjPlhjhB8aYagjE5E=,LAS/HHOn0ndL1fn7gyP26Wlf7eQ=
65,48,UAOOetzShRYjPlhjhB8aYagjE5E=,LAS/HHOn0ndL1fn7gyP26Wlf7eQ=
70,48,UAOOetzShRYjPlhjhB8aYagjE5E=,LAS/HHOn0ndL1fn7gyP26Wlf7eQ=
66,48,UAOOetzShRYjPlhjhB8aYagjE5E=,LAS/HHOn0ndL1fn7gyP26Wlf7eQ=
69,48,UAOOetzShRYjPlhjhB8aYagjE5E=,LAS/HHOn0ndL1fn7gyP26Wlf7eQ=
71,48,dfx63WVXYgHmvhejvL34gx2UF3A=,LAS/HHOn0ndL1fn7gyP26Wlf7eQ=
78,48,dfx63WVXYgHmvhejvL34gx2UF3A=,zqXFKVVunxQpRqWdxsMyGXf+qfo=
73,48,dfx63WVXYgHmvhejvL34gx2UF3A=,zqXFKVVunxQpRqWdxsMyGXf+qfo=
76,48,dfx63WVXYgHmvhejvL34gx2UF3A=,zqXFKVVunxQpRqWdxsMyGXf+qfo=
72,48,dfx63WVXYgHmvhejvL34gx2UF3A=,zqXFKVVunxQpRqWdxsMyGXf+qfo=
77,48,dfx63WVXYgHmvhejvL34gx2UF3A=,zqXFKVVunxQpRqWdxsMyGXf+qfo=
74,48,dfx63WVXYgHmvhejvL34gx2UF3A=,zqXFKVVunxQpRqWdxsMyGXf+qfo=
75,48,dfx63WVXYgHmvhejvL34gx2UF3A=,zqXFKVVunxQpRqWdxsMyGXf+qfo=
73,63,dfx63WVXYgHmvhejvL34gx2UF3A=,rC0HRyZt7I9A8xXH3mCg+SOwxcM=
77,63,dfx63WVXYgHmvhejvL34gx2UF3A=,rC0HRyZt7I9A8xXH3mCg+SOwxcM=
78,63,dfx63WVXYgHmvhejvL34gx2UF3A=,rC0HRyZt7I9A8xXH3mCg+SOwxcM=
75,63,dfx63WVXYgHmvhejvL34gx2UF3A=,rC0HRyZt7I9A8xXH3mCg+SOwxcM=
74,63,dfx63WVXYgHmvhejvL34gx2UF3A=,rC0HRyZt7I9A8xXH3mCg+SOwxcM=
76,63,dfx63WVXYgHmvhejvL34gx2UF3A=,rC0HRyZt7I9A8xXH3mCg+SOwxcM=
79,48,dfx63WVXYgHmvhejvL34gx2UF3A=,zqXFKVVunxQpRqWdxsMyGXf+qfo=
64,48,dfx63WVXYgHmvhejvL34gx2UF3A=,LAS/HHOn0ndL1fn7gyP26Wlf7eQ=
79,55,dfx63WVXYgHmvhejvL34gx2UF3A=,zqXFKVVunxQpRqWdxsMyGXf+qfo=
79,61,dfx63WVXYgHmvhejvL34gx2UF3A=,rC0HRyZt7I9A8xXH3mCg+SOwxcM=
79,60,dfx63WVXYgHmvhejvL34gx2UF3A=,rC0HRyZt7I9A8xXH3mCg+SOwxcM=
79,63,dfx63WVXYgHmvhejvL34gx2UF3A=,rC0HRyZt7I9A8xXH3mCg+SOwxcM=
79,59,dfx63WVXYgHmvhejvL34gx2UF3A=,rC0HRyZt7I9A8xXH3mCg+SOwxcM=
79,58,dfx63WVXYgHmvhejvL34gx2UF3A=,rC0HRyZt7I9A8xXH3mCg+SOwxcM=
79,56,dfx63WVXYgHmvhejvL34gx2UF3A=,rC0HRyZt7I9A8xXH3mCg+SOwxcM=
79,57,dfx63WVXYgHmvhejvL34gx2UF3A=,rC0HRyZt7I9A8xXH3mCg+SOwxcM=
79,62,dfx63WVXYgHmvhejvL34gx2UF3A=,rC0HRyZt7I9A8xXH3mCg+SOwxcM=
67,55,sg7dn2u0aB4JnF3Ws2S0Mtrcyg4=,LAS/HHOn0ndL1fn7gyP26Wlf7eQ=
65,63,qCTrk2mvIktbIhQSMQMABX0crI8=,pWdkreFHJOUf2VTCyqzEOjFrnXA=
67,63,qCTrk2mvIktbIhQSMQMABX0crI8=,pWdkreFHJOUf2VTCyqzEOjFrnXA=
72,61,qCTrk2mvIktbIhQSMQMABX0crI8=,rC0HRyZt7I9A8xXH3mCg+SOwxcM=
68,55,qCTrk2mvIktbIhQSMQMABX0crI8=,LAS/HHOn0ndL1fn7gyP26Wlf7eQ=
72,60,ecX8jTtY7kCiT/vO+lePv1VLuKY=,rC0HRyZt7I9A8xXH3mCg+SOwxcM=
71,62,ecX8jTtY7kCiT/vO+lePv1VLuKY=,pWdkreFHJOUf2VTCyqzEOjFrnXA=
68,63,ecX8jTtY7kCiT/vO+lePv1VLuKY=,pWdkreFHJOUf2VTCyqzEOjFrnXA=
66,63,ecX8jTtY7kCiT/vO+lePv1VLuKY=,pWdkreFHJOUf2VTCyqzEOjFrnXA=
66,55,ecX8jTtY7kCiT/vO+lePv1VLuKY=,LAS/HHOn0ndL1fn7gyP26Wlf7eQ=
65,55,ecX8jTtY7kCiT/vO+lePv1VLuKY=,LAS/HHOn0ndL1fn7gyP26Wlf7eQ=
64,63,ecX8jTtY7kCiT/vO+lePv1VLuKY=,pWdkreFHJOUf2VTCyqzEOjFrnXA=
69,62,ecX8jTtY7kCiT/vO+lePv1VLuKY=,pWdkreFHJOUf2VTCyqzEOjFrnXA=
72,55,ecX8jTtY7kCiT/vO+lePv1VLuKY=,zqXFKVVunxQpRqWdxsMyGXf+qfo=
69,55,ecX8jTtY7kCiT/vO+lePv1VLuKY=,LAS/HHOn0ndL1fn7gyP26Wlf7eQ=
64,62,ecX8jTtY7kCiT/vO+lePv1VLuKY=,pWdkreFHJOUf2VTCyqzEOjFrnXA=
68,62,ecX8jTtY7kCiT/vO+lePv1VLuKY=,pWdkreFHJOUf2VTCyqzEOjFrnXA=
66,62,ecX8jTtY7kCiT/vO+lePv1VLuKY=,pWdkreFHJOUf2VTCyqzEOjFrnXA=
65,62,ecX8jTtY7kCiT/vO+lePv1VLuKY=,pWdkreFHJOUf2VTCyqzEOjFrnXA=
71,61,ecX8jTtY7kCiT/vO+lePv1VLuKY=,pWdkreFHJOUf2VTCyqzEOjFrnXA=
67,62,ecX8jTtY7kCiT/vO+lePv1VLuKY=,pWdkreFHJOUf2VTCyqzEOjFrnXA=
70,61,ecX8jTtY7kCiT/vO+lePv1VLuKY=,pWdkreFHJOUf2VTCyqzEOjFrnXA=
70,62,ecX8jTtY7kCiT/vO+lePv1VLuKY=,pWdkreFHJOUf2VTCyqzEOjFrnXA=
69,61,ecX8jTtY7kCiT/vO+lePv1VLuKY=,pWdkreFHJOUf2VTCyqzEOjFrnXA=
70,55,ecX8jTtY7kCiT/vO+lePv1VLuKY=,LAS/HHOn0ndL1fn7gyP26Wlf7eQ=
64,55,ecX8jTtY7kCiT/vO+lePv1VLuKY=,LAS/HHOn0ndL1fn7gyP26Wlf7eQ=
68,61,ecX8jTtY7kCiT/vO+lePv1VLuKY=,pWdkreFHJOUf2VTCyqzEOjFrnXA=
72,59,ecX8jTtY7kCiT/vO+lePv1VLuKY=,rC0HRyZt7I9A8xXH3mCg+SOwxcM=
66,61,ecX8jTtY7kCiT/vO+lePv1VLuKY=,pWdkreFHJOUf2VTCyqzEOjFrnXA=
69,63,ecX8jTtY7kCiT/vO+lePv1VLuKY=,pWdkreFHJOUf2VTCyqzEOjFrnXA=
67,61,ecX8jTtY7kCiT/vO+lePv1VLuKY=,pWdkreFHJOUf2VTCyqzEOjFrnXA=
65,61,ecX8jTtY7kCiT/vO+lePv1VLuKY=,pWdkreFHJOUf2VTCyqzEOjFrnXA=
69,60,ecX8jTtY7kCiT/vO+lePv1VLuKY=,pWdkreFHJOUf2VTCyqzEOjFrnXA=
66,60,ecX8jTtY7kCiT/vO+lePv1VLuKY=,pWdkreFHJOUf2VTCyqzEOjFrnXA=
70,60,ecX8jTtY7kCiT/vO+lePv1VLuKY=,pWdkreFHJOUf2VTCyqzEOjFrnXA=
71,55,ecX8jTtY7kCiT/vO+lePv1VLuKY=,LAS/HHOn0ndL1fn7gyP26Wlf7eQ=
68,60,ecX8jTtY7kCiT/vO+lePv1VLuKY=,pWdkreFHJOUf2VTCyqzEOjFrnXA=
71,60,ecX8jTtY7kCiT/vO+lePv1VLuKY=,pWdkreFHJOUf2VTCyqzEOjFrnXA=
64,61,ecX8jTtY7kCiT/vO+lePv1VLuKY=,pWdkreFHJOUf2VTCyqzEOjFrnXA=
65,60,ecX8jTtY7kCiT/vO+lePv1VLuKY=,pWdkreFHJOUf2VTCyqzEOjFrnXA=
67,60,ecX8jTtY7kCiT/vO+lePv1VLuKY=,pWdkreFHJOUf2VTCyqzEOjFrnXA=
71,59,ecX8jTtY7kCiT/vO+lePv1VLuKY=,pWdkreFHJOUf2VTCyqzEOjFrnXA=
69,59,ecX8jTtY7kCiT/vO+lePv1VLuKY=,pWdkreFHJOUf2VTCyqzEOjFrnXA=
64,60,ecX8jTtY7kCiT/vO+lePv1VLuKY=,pWdkreFHJOUf2VTCyqzEOjFrnXA=
70,59,ecX8jTtY7kCiT/vO+lePv1VLuKY=,pWdkreFHJOUf2VTCyqzEOjFrnXA=
68,59,ecX8jTtY7kCiT/vO+lePv1VLuKY=,pWdkreFHJOUf2VTCyqzEOjFrnXA=
65,59,ecX8jTtY7kCiT/vO+lePv1VLuKY=,pWdkreFHJOUf2VTCyqzEOjFrnXA=
67,59,ecX8jTtY7kCiT/vO+lePv1VLuKY=,pWdkreFHJOUf2VTCyqzEOjFrnXA=
64,56,ecX8jTtY7kCiT/vO+lePv1VLuKY=,pWdkreFHJOUf2VTCyqzEOjFrnXA=
66,59,ecX8jTtY7kCiT/vO+lePv1VLuKY=,pWdkreFHJOUf2VTCyqzEOjFrnXA=
67,58,ecX8jTtY7kCiT/vO+lePv1VLuKY=,pWdkreFHJOUf2VTCyqzEOjFrnXA=
64,59,ecX8jTtY7kCiT/vO+lePv1VLuKY=,pWdkreFHJOUf2VTCyqzEOjFrnXA=
68,58,ecX8jTtY7kCiT/vO+lePv1VLuKY=,pWdkreFHJOUf2VTCyqzEOjFrnXA=
71,58,ecX8jTtY7kCiT/vO+lePv1VLuKY=,pWdkreFHJOUf2VTCyqzEOjFrnXA=
70,58,ecX8jTtY7kCiT/vO+lePv1VLuKY=,pWdkreFHJOUf2VTCyqzEOjFrnXA=
72,62,ecX8jTtY7kCiT/vO+lePv1VLuKY=,rC0HRyZt7I9A8xXH3mCg+SOwxcM=
69,58,ecX8jTtY7kCiT/vO+lePv1VLuKY=,pWdkreFHJOUf2VTCyqzEOjFrnXA=
72,63,ecX8jTtY7kCiT/vO+lePv1VLuKY=,rC0HRyZt7I9A8xXH3mCg+SOwxcM=
65,58,ecX8jTtY7kCiT/vO+lePv1VLuKY=,pWdkreFHJOUf2VTCyqzEOjFrnXA=
66,58,ecX8jTtY7kCiT/vO+lePv1VLuKY=,pWdkreFHJOUf2VTCyqzEOjFrnXA=
71,57,ecX8jTtY7kCiT/vO+lePv1VLuKY=,pWdkreFHJOUf2VTCyqzEOjFrnXA=
64,58,ecX8jTtY7kCiT/vO+lePv1VLuKY=,pWdkreFHJOUf2VTCyqzEOjFrnXA=
70,57,ecX8jTtY7kCiT/vO+lePv1VLuKY=,pWdkreFHJOUf2VTCyqzEOjFrnXA=
70,63,ecX8jTtY7kCiT/vO+lePv1VLuKY=,pWdkreFHJOUf2VTCyqzEOjFrnXA=
66,57,ecX8jTtY7kCiT/vO+lePv1VLuKY=,pWdkreFHJOUf2VTCyqzEOjFrnXA=
69,57,ecX8jTtY7kCiT/vO+lePv1VLuKY=,pWdkreFHJOUf2VTCyqzEOjFrnXA=
72,58,ecX8jTtY7kCiT/vO+lePv1VLuKY=,rC0HRyZt7I9A8xXH3mCg+SOwxcM=
68,57,ecX8jTtY7kCiT/vO+lePv1VLuKY=,pWdkreFHJOUf2VTCyqzEOjFrnXA=
71,63,ecX8jTtY7kCiT/vO+lePv1VLuKY=,pWdkreFHJOUf2VTCyqzEOjFrnXA=
71,56,ecX8jTtY7kCiT/vO+lePv1VLuKY=,pWdkreFHJOUf2VTCyqzEOjFrnXA=
67,57,ecX8jTtY7kCiT/vO+lePv1VLuKY=,pWdkreFHJOUf2VTCyqzEOjFrnXA=
72,56,ecX8jTtY7kCiT/vO+lePv1VLuKY=,rC0HRyZt7I9A8xXH3mCg+SOwxcM=
70,56,ecX8jTtY7kCiT/vO+lePv1VLuKY=,pWdkreFHJOUf2VTCyqzEOjFrnXA=
65,57,ecX8jTtY7kCiT/vO+lePv1VLuKY=,pWdkreFHJOUf2VTCyqzEOjFrnXA=
68,56,ecX8jTtY7kCiT/vO+lePv1VLuKY=,pWdkreFHJOUf2VTCyqzEOjFrnXA=
69,56,ecX8jTtY7kCiT/vO+lePv1VLuKY=,pWdkreFHJOUf2VTCyqzEOjFrnXA=
64,57,ecX8jTtY7kCiT/vO+lePv1VLuKY=,pWdkreFHJOUf2VTCyqzEOjFrnXA=
67,56,ecX8jTtY7kCiT/vO+lePv1VLuKY=,pWdkreFHJOUf2VTCyqzEOjFrnXA=
65,56,ecX8jTtY7kCiT/vO+lePv1VLuKY=,pWdkreFHJOUf2VTCyqzEOjFrnXA=
72,57,ecX8jTtY7kCiT/vO+lePv1VLuKY=,rC0HRyZt7I9A8xXH3mCg+SOwxcM=
66,56,ecX8jTtY7kCiT/vO+lePv1VLuKY=,pWdkreFHJOUf2VTCyqzEOjFrnXA=
92,51,Hpz7RT3UZh+3w8SOvjV5DyAu2KA=,QzM0R6lPUnVnHaMZxE4swq6quZc=
92,61,Hpz7RT3UZh+3w8SOvjV5DyAu2KA=,3WRlg7yq5SSdqQfrzez4CU/wHTo=
92,50,Hpz7RT3UZh+3w8SOvjV5DyAu2KA=,QzM0R6lPUnVnHaMZxE4swq6quZc=
91,51,yhD2/wx0ykm1UA2czR19vUXs9tg=,QzM0R6lPUnVnHaMZxE4swq6quZc=
93,50,yhD2/wx0ykm1UA2czR19vUXs9tg=,QzM0R6lPUnVnHaMZxE4swq6quZc=
94,55,yhD2/wx0ykm1UA2czR19vUXs9tg=,QzM0R6lPUnVnHaMZxE4swq6quZc=
89,51,mjhZOqN7tULGgi077DVd8xkE0Q0=,QzM0R6lPUnVnHaMZxE4swq6quZc=
90,51,mjhZOqN7tULGgi077DVd8xkE0Q0=,QzM0R6lPUnVnHaMZxE4swq6quZc=
94,50,mjhZOqN7tULGgi077DVd8xkE0Q0=,QzM0R6lPUnVnHaMZxE4swq6quZc=
93,61,mjhZOqN7tULGgi077DVd8xkE0Q0=,3WRlg7yq5SSdqQfrzez4CU/wHTo=
90,50,mjhZOqN7tULGgi077DVd8xkE0Q0=,QzM0R6lPUnVnHaMZxE4swq6quZc=
93,55,mkkVRJDM70ScYFzf6F5rZI8+u/I=,QzM0R6lPUnVnHaMZxE4swq6quZc=
91,50,mkkVRJDM70ScYFzf6F5rZI8+u/I=,QzM0R6lPUnVnHaMZxE4swq6quZc=
89,50,mkkVRJDM70ScYFzf6F5rZI8+u/I=,QzM0R6lPUnVnHaMZxE4swq6quZc=
93,49,mkkVRJDM70ScYFzf6F5rZI8+u/I=,QzM0R6lPUnVnHaMZxE4swq6quZc=
94,49,mkkVRJDM70ScYFzf6F5rZI8+u/I=,QzM0R6lPUnVnHaMZxE4swq6quZc=
94,61,mkkVRJDM70ScYFzf6F5rZI8+u/I=,3WRlg7yq5SSdqQfrzez4CU/wHTo=
92,55,mkkVRJDM70ScYFzf6F5rZI8+u/I=,QzM0R6lPUnVnHaMZxE4swq6quZc=
92,49,mkkVRJDM70ScYFzf6F5rZI8+u/I=,QzM0R6lPUnVnHaMZxE4swq6quZc=
89,49,eIF0YLNsycxSY5tw/pI+xTWsIYA=,QzM0R6lPUnVnHaMZxE4swq6quZc=
91,49,eIF0YLNsycxSY5tw/pI+xTWsIYA=,QzM0R6lPUnVnHaMZxE4swq6quZc=
91,55,eIF0YLNsycxSY5tw/pI+xTWsIYA=,QzM0R6lPUnVnHaMZxE4swq6quZc=
90,49,Cijk+ZjHcsyViC9zscWFHexhufQ=,QzM0R6lPUnVnHaMZxE4swq6quZc=
90,55,Cijk+ZjHcsyViC9zscWFHexhufQ=,QzM0R6lPUnVnHaMZxE4swq6quZc=
89,56,Cijk+ZjHcsyViC9zscWFHexhufQ=,3WRlg7yq5SSdqQfrzez4CU/wHTo=
90,56,Cijk+ZjHcsyViC9zscWFHexhufQ=,3WRlg7yq5SSdqQfrzez4CU/wHTo=
89,61,Cijk+ZjHcsyViC9zscWFHexhufQ=,3WRlg7yq5SSdqQfrzez4CU/wHTo=
94,54,Cijk+ZjHcsyViC9zscWFHexhufQ=,QzM0R6lPUnVnHaMZxE4swq6quZc=
91,54,Cijk+ZjHcsyViC9zscWFHexhufQ=,QzM0R6lPUnVnHaMZxE4swq6quZc=
94,53,Cijk+ZjHcsyViC9zscWFHexhufQ=,QzM0R6lPUnVnHaMZxE4swq6quZc=
90,54,Cijk+ZjHcsyViC9zscWFHexhufQ=,QzM0R6lPUnVnHaMZxE4swq6quZc=
93,54,Cijk+ZjHcsyViC9zscWFHexhufQ=,QzM0R6lPUnVnHaMZxE4swq6quZc=
90,60,Cijk+ZjHcsyViC9zscWFHexhufQ=,3WRlg7yq5SSdqQfrzez4CU/wHTo=
94,60,Cijk+ZjHcsyViC9zscWFHexhufQ=,3WRlg7yq5SSdqQfrzez4CU/wHTo=
90,61,Cijk+ZjHcsyViC9zscWFHexhufQ=,3WRlg7yq5SSdqQfrzez4CU/wHTo=
91,56,Cijk+ZjHcsyViC9zscWFHexhufQ=,3WRlg7yq5SSdqQfrzez4CU/wHTo=
93,60,Cijk+ZjHcsyViC9zscWFHexhufQ=,3WRlg7yq5SSdqQfrzez4CU/wHTo=
94,59,Cijk+ZjHcsyViC9zscWFHexhufQ=,3WRlg7yq5SSdqQfrzez4CU/wHTo=
93,53,Cijk+ZjHcsyViC9zscWFHexhufQ=,QzM0R6lPUnVnHaMZxE4swq6quZc=
91,53,Cijk+ZjHcsyViC9zscWFHexhufQ=,QzM0R6lPUnVnHaMZxE4swq6quZc=
89,54,Cijk+ZjHcsyViC9zscWFHexhufQ=,QzM0R6lPUnVnHaMZxE4swq6quZc=
91,61,Cijk+ZjHcsyViC9zscWFHexhufQ=,3WRlg7yq5SSdqQfrzez4CU/wHTo=
92,53,Cijk+ZjHcsyViC9zscWFHexhufQ=,QzM0R6lPUnVnHaMZxE4swq6quZc=
89,55,Cijk+ZjHcsyViC9zscWFHexhufQ=,QzM0R6lPUnVnHaMZxE4swq6quZc=
92,60,Cijk+ZjHcsyViC9zscWFHexhufQ=,3WRlg7yq5SSdqQfrzez4CU/wHTo=
92,59,Cijk+ZjHcsyViC9zscWFHexhufQ=,3WRlg7yq5SSdqQfrzez4CU/wHTo=
92,54,Cijk+ZjHcsyViC9zscWFHexhufQ=,QzM0R6lPUnVnHaMZxE4swq6quZc=
91,60,Cijk+ZjHcsyViC9zscWFHexhufQ=,3WRlg7yq5SSdqQfrzez4CU/wHTo=
89,60,Cijk+ZjHcsyViC9zscWFHexhufQ=,3WRlg7yq5SSdqQfrzez4CU/wHTo=
90,59,Cijk+ZjHcsyViC9zscWFHexhufQ=,3WRlg7yq5SSdqQfrzez4CU/wHTo=
90,53,Cijk+ZjHcsyViC9zscWFHexhufQ=,QzM0R6lPUnVnHaMZxE4swq6quZc=
91,59,Cijk+ZjHcsyViC9zscWFHexhufQ=,3WRlg7yq5SSdqQfrzez4CU/wHTo=
89,58,Cijk+ZjHcsyViC9zscWFHexhufQ=,3WRlg7yq5SSdqQfrzez4CU/wHTo=
93,58,Cijk+ZjHcsyViC9zscWFHexhufQ=,3WRlg7yq5SSdqQfrzez4CU/wHTo=
89,59,Cijk+ZjHcsyViC9zscWFHexhufQ=,3WRlg7yq5SSdqQfrzez4CU/wHTo=
92,56,Cijk+ZjHcsyViC9zscWFHexhufQ=,3WRlg7yq5SSdqQfrzez4CU/wHTo=
91,58,Cijk+ZjHcsyViC9zscWFHexhufQ=,3WRlg7yq5SSdqQfrzez4CU/wHTo=
93,59,Cijk+ZjHcsyViC9zscWFHexhufQ=,3WRlg7yq5SSdqQfrzez4CU/wHTo=
90,58,Cijk+ZjHcsyViC9zscWFHexhufQ=,3WRlg7yq5SSdqQfrzez4CU/wHTo=
90,57,Cijk+ZjHcsyViC9zscWFHexhufQ=,3WRlg7yq5SSdqQfrzez4CU/wHTo=
92,52,Cijk+ZjHcsyViC9zscWFHexhufQ=,QzM0R6lPUnVnHaMZxE4swq6quZc=
94,58,Cijk+ZjHcsyViC9zscWFHexhufQ=,3WRlg7yq5SSdqQfrzez4CU/wHTo=
90,52,Cijk+ZjHcsyViC9zscWFHexhufQ=,QzM0R6lPUnVnHaMZxE4swq6quZc=
89,52,Cijk+ZjHcsyViC9zscWFHexhufQ=,QzM0R6lPUnVnHaMZxE4swq6quZc=
89,53,Cijk+ZjHcsyViC9zscWFHexhufQ=,QzM0R6lPUnVnHaMZxE4swq6quZc=
93,57,Cijk+ZjHcsyViC9zscWFHexhufQ=,3WRlg7yq5SSdqQfrzez4CU/wHTo=
91,52,Cijk+ZjHcsyViC9zscWFHexhufQ=,QzM0R6lPUnVnHaMZxE4swq6quZc=
93,52,Cijk+ZjHcsyViC9zscWFHexhufQ=,QzM0R6lPUnVnHaMZxE4swq6quZc=
94,52,Cijk+ZjHcsyViC9zscWFHexhufQ=,QzM0R6lPUnVnHaMZxE4swq6quZc=
92,58,Cijk+ZjHcsyViC9zscWFHexhufQ=,3WRlg7yq5SSdqQfrzez4CU/wHTo=
94,57,Cijk+ZjHcsyViC9zscWFHexhufQ=,3WRlg7yq5SSdqQfrzez4CU/wHTo=
91,57,Cijk+ZjHcsyViC9zscWFHexhufQ=,3WRlg7yq5SSdqQfrzez4CU/wHTo=
93,56,Cijk+ZjHcsyViC9zscWFHexhufQ=,3WRlg7yq5SSdqQfrzez4CU/wHTo=
92,57,Cijk+ZjHcsyViC9zscWFHexhufQ=,3WRlg7yq5SSdqQfrzez4CU/wHTo=
89,57,Cijk+ZjHcsyViC9zscWFHexhufQ=,3WRlg7yq5SSdqQfrzez4CU/wHTo=
94,56,Cijk+ZjHcsyViC9zscWFHexhufQ=,3WRlg7yq5SSdqQfrzez4CU/wHTo=
94,62,Cijk+ZjHcsyViC9zscWFHexhufQ=,3WRlg7yq5SSdqQfrzez4CU/wHTo=
92,62,Cijk+ZjHcsyViC9zscWFHexhufQ=,3WRlg7yq5SSdqQfrzez4CU/wHTo=
94,51,Cijk+ZjHcsyViC9zscWFHexhufQ=,QzM0R6lPUnVnHaMZxE4swq6quZc=
89,62,Cijk+ZjHcsyViC9zscWFHexhufQ=,3WRlg7yq5SSdqQfrzez4CU/wHTo=
93,51,Cijk+ZjHcsyViC9zscWFHexhufQ=,QzM0R6lPUnVnHaMZxE4swq6quZc=
91,62,Cijk+ZjHcsyViC9zscWFHexhufQ=,3WRlg7yq5SSdqQfrzez4CU/wHTo=
93,62,Cijk+ZjHcsyViC9zscWFHexhufQ=,3WRlg7yq5SSdqQfrzez4CU/wHTo=
90,62,Cijk+ZjHcsyViC9zscWFHexhufQ=,3WRlg7yq5SSdqQfrzez4CU/wHTo=
95,51,Cijk+ZjHcsyViC9zscWFHexhufQ=,QzM0R6lPUnVnHaMZxE4swq6quZc=
95,53,Cijk+ZjHcsyViC9zscWFHexhufQ=,QzM0R6lPUnVnHaMZxE4swq6quZc=
95,52,Cijk+ZjHcsyViC9zscWFHexhufQ=,QzM0R6lPUnVnHaMZxE4swq6quZc=
95,50,Cijk+ZjHcsyViC9zscWFHexhufQ=,QzM0R6lPUnVnHaMZxE4swq6quZc=
95,54,Cijk+ZjHcsyViC9zscWFHexhufQ=,QzM0R6lPUnVnHaMZxE4swq6quZc=
95,49,Cijk+ZjHcsyViC9zscWFHexhufQ=,QzM0R6lPUnVnHaMZxE4swq6quZc=
84,62,Cijk+ZjHcsyViC9zscWFHexhufQ=,gJ7skpWaJ/lnbWpR1xUS981R5Dg=
85,62,Cijk+ZjHcsyViC9zscWFHexhufQ=,gJ7skpWaJ/lnbWpR1xUS981R5Dg=
86,62,Cijk+ZjHcsyViC9zscWFHexhufQ=,gJ7skpWaJ/lnbWpR1xUS981R5Dg=
87,62,Cijk+ZjHcsyViC9zscWFHexhufQ=,gJ7skpWaJ/lnbWpR1xUS981R5Dg=
84,63,Cijk+ZjHcsyViC9zscWFHexhufQ=,gJ7skpWaJ/lnbWpR1xUS981R5Dg=
82,63,Cijk+ZjHcsyViC9zscWFHexhufQ=,gJ7skpWaJ/lnbWpR1xUS981R5Dg=
83,62,Cijk+ZjHcsyViC9zscWFHexhufQ=,gJ7skpWaJ/lnbWpR1xUS981R5Dg=
82,62,Cijk+ZjHcsyViC9zscWFHexhufQ=,gJ7skpWaJ/lnbWpR1xUS981R5Dg=
87,61,Cijk+ZjHcsyViC9zscWFHexhufQ=,gJ7skpWaJ/lnbWpR1xUS981R5Dg=
81,62,Cijk+ZjHcsyViC9zscWFHexhufQ=,gJ7skpWaJ/lnbWpR1xUS981R5Dg=
88,61,Cijk+ZjHcsyViC9zscWFHexhufQ=,3WRlg7yq5SSdqQfrzez4CU/wHTo=
83,63,Cijk+ZjHcsyViC9zscWFHexhufQ=,gJ7skpWaJ/lnbWpR1xUS981R5Dg=
81,63,Cijk+ZjHcsyViC9zscWFHexhufQ=,gJ7skpWaJ/lnbWpR1xUS981R5Dg=
85,61,Cijk+ZjHcsyViC9zscWFHexhufQ=,gJ7skpWaJ/lnbWpR1xUS981R5Dg=
86,61,Cijk+ZjHcsyViC9zscWFHexhufQ=,gJ7skpWaJ/lnbWpR1xUS981R5Dg=
84,61,Cijk+ZjHcsyViC9zscWFHexhufQ=,gJ7skpWaJ/lnbWpR1xUS981R5Dg=
83,61,Cijk+ZjHcsyViC9zscWFHexhufQ=,gJ7skpWaJ/lnbWpR1xUS981R5Dg=
81,61,Cijk+ZjHcsyViC9zscWFHexhufQ=,gJ7skpWaJ/lnbWpR1xUS981R5Dg=
85,63,Cijk+ZjHcsyViC9zscWFHexhufQ=,gJ7skpWaJ/lnbWpR1xUS981R5Dg=
82,61,Cijk+ZjHcsyViC9zscWFHexhufQ=,gJ7skpWaJ/lnbWpR1xUS981R5Dg=
87,60,Cijk+ZjHcsyViC9zscWFHexhufQ=,gJ7skpWaJ/lnbWpR1xUS981R5Dg=
85,60,Cijk+ZjHcsyViC9zscWFHexhufQ=,gJ7skpWaJ/lnbWpR1xUS981R5Dg=
84,60,Cijk+ZjHcsyViC9zscWFHexhufQ=,gJ7skpWaJ/lnbWpR1xUS981R5Dg=
86,60,Cijk+ZjHcsyViC9zscWFHexhufQ=,gJ7skpWaJ/lnbWpR1xUS981R5Dg=
86,63,Cijk+ZjHcsyViC9zscWFHexhufQ=,gJ7skpWaJ/lnbWpR1xUS981R5Dg=
83,60,Cijk+ZjHcsyViC9zscWFHexhufQ=,gJ7skpWaJ/lnbWpR1xUS981R5Dg=
81,60,Cijk+ZjHcsyViC9zscWFHexhufQ=,gJ7skpWaJ/lnbWpR1xUS981R5Dg=
88,60,Cijk+ZjHcsyViC9zscWFHexhufQ=,3WRlg7yq5SSdqQfrzez4CU/wHTo=
86,59,Cijk+ZjHcsyViC9zscWFHexhufQ=,gJ7skpWaJ/lnbWpR1xUS981R5Dg=
81,57,Cijk+ZjHcsyViC9zscWFHexhufQ=,gJ7skpWaJ/lnbWpR1xUS981R5Dg=
82,60,Cijk+ZjHcsyViC9zscWFHexhufQ=,gJ7skpWaJ/lnbWpR1xUS981R5Dg=
87,59,Cijk+ZjHcsyViC9zscWFHexhufQ=,gJ7skpWaJ/lnbWpR1xUS981R5Dg=
85,59,Cijk+ZjHcsyViC9zscWFHexhufQ=,gJ7skpWaJ/lnbWpR1xUS981R5Dg=
83,59,Cijk+ZjHcsyViC9zscWFHexhufQ=,gJ7skpWaJ/lnbWpR1xUS981R5Dg=
84,59,Cijk+ZjHcsyViC9zscWFHexhufQ=,gJ7skpWaJ/lnbWpR1xUS981R5Dg=
82,59,Cijk+ZjHcsyViC9zscWFHexhufQ=,gJ7skpWaJ/lnbWpR1xUS981R5Dg=
82,57,Cijk+ZjHcsyViC9zscWFHexhufQ=,gJ7skpWaJ/lnbWpR1xUS981R5Dg=
88,59,Cijk+ZjHcsyViC9zscWFHexhufQ=,3WRlg7yq5SSdqQfrzez4CU/wHTo=
88,58,Cijk+ZjHcsyViC9zscWFHexhufQ=,3WRlg7yq5SSdqQfrzez4CU/wHTo=
81,59,Cijk+ZjHcsyViC9zscWFHexhufQ=,gJ7skpWaJ/lnbWpR1xUS981R5Dg=
87,58,Cijk+ZjHcsyViC9zscWFHexhufQ=,gJ7skpWaJ/lnbWpR1xUS981R5Dg=
85,58,Cijk+ZjHcsyViC9zscWFHexhufQ=,gJ7skpWaJ/lnbWpR1xUS981R5Dg=
86,58,Cijk+ZjHcsyViC9zscWFHexhufQ=,gJ7skpWaJ/lnbWpR1xUS981R5Dg=
88,62,Cijk+ZjHcsyViC9zscWFHexhufQ=,3WRlg7yq5SSdqQfrzez4CU/wHTo=
83,57,Cijk+ZjHcsyViC9zscWFHexhufQ=,gJ7skpWaJ/lnbWpR1xUS981R5Dg=
83,58,Cijk+ZjHcsyViC9zscWFHexhufQ=,gJ7skpWaJ/lnbWpR1xUS981R5Dg=
84,58,Cijk+ZjHcsyViC9zscWFHexhufQ=,gJ7skpWaJ/lnbWpR1xUS981R5Dg=
88,57,Cijk+ZjHcsyViC9zscWFHexhufQ=,3WRlg7yq5SSdqQfrzez4CU/wHTo=
84,57,Cijk+ZjHcsyViC9zscWFHexhufQ=,gJ7skpWaJ/lnbWpR1xUS981R5Dg=
87,57,Cijk+ZjHcsyViC9zscWFHexhufQ=,gJ7skpWaJ/lnbWpR1xUS981R5Dg=
81,58,Cijk+ZjHcsyViC9zscWFHexhufQ=,gJ7skpWaJ/lnbWpR1xUS981R5Dg=
86,57,Cijk+ZjHcsyViC9zscWFHexhufQ=,gJ7skpWaJ/lnbWpR1xUS981R5Dg=
85,57,Cijk+ZjHcsyViC9zscWFHexhufQ=,gJ7skpWaJ/lnbWpR1xUS981R5Dg=
82,58,Cijk+ZjHcsyViC9zscWFHexhufQ=,gJ7skpWaJ/lnbWpR1xUS981R5Dg=
89,48,Cijk+ZjHcsyViC9zscWFHexhufQ=,QzM0R6lPUnVnHaMZxE4swq6quZc=
91,48,Cijk+ZjHcsyViC9zscWFHexhufQ=,QzM0R6lPUnVnHaMZxE4swq6quZc=
92,48,Cijk+ZjHcsyViC9zscWFHexhufQ=,QzM0R6lPUnVnHaMZxE4swq6quZc=
80,62,UdU/Q2PV0v25VCfy5RKf9brSwto=,gJ7skpWaJ/lnbWpR1xUS981R5Dg=
90,48,UdU/Q2PV0v25VCfy5RKf9brSwto=,QzM0R6lPUnVnHaMZxE4swq6quZc=
94,48,UdU/Q2PV0v25VCfy5RKf9brSwto=,QzM0R6lPUnVnHaMZxE4swq6quZc=
80,57,UdU/Q2PV0v25VCfy5RKf9brSwto=,gJ7skpWaJ/lnbWpR1xUS981R5Dg=
93,48,O+7rndZr8b+8XQq1rnkjCb9pIxY=,QzM0R6lPUnVnHaMZxE4swq6quZc=
80,59,O+7rndZr8b+8XQq1rnkjCb9pIxY=,gJ7skpWaJ/lnbWpR1xUS981R5Dg=
80,61,O+7rndZr8b+8XQq1rnkjCb9pIxY=,gJ7skpWaJ/lnbWpR1xUS981R5Dg=
80,60,O+7rndZr8b+8XQq1rnkjCb9pIxY=,gJ7skpWaJ/lnbWpR1xUS981R5Dg=
80,58,O+7rndZr8b+8XQq1rnkjCb9pIxY=,gJ7skpWaJ/lnbWpR1xUS981R5Dg=
95,59,O+7rndZr8b+8XQq1rnkjCb9pIxY=,3WRlg7yq5SSdqQfrzez4CU/wHTo=
95,62,O+7rndZr8b+8XQq1rnkjCb9pIxY=,3WRlg7yq5SSdqQfrzez4CU/wHTo=
95,58,O+7rndZr8b+8XQq1rnkjCb9pIxY=,3WRlg7yq5SSdqQfrzez4CU/wHTo=
95,55,O+7rndZr8b+8XQq1rnkjCb9pIxY=,QzM0R6lPUnVnHaMZxE4swq6quZc=
95,60,O+7rndZr8b+8XQq1rnkjCb9pIxY=,3WRlg7yq5SSdqQfrzez4CU/wHTo=
80,63,O+7rndZr8b+8XQq1rnkjCb9pIxY=,gJ7skpWaJ/lnbWpR1xUS981R5Dg=
95,56,O+7rndZr8b+8XQq1rnkjCb9pIxY=,3WRlg7yq5SSdqQfrzez4CU/wHTo=
95,61,O+7rndZr8b+8XQq1rnkjCb9pIxY=,3WRlg7yq5SSdqQfrzez4CU/wHTo=
95,63,O+7rndZr8b+8XQq1rnkjCb9pIxY=,3WRlg7yq5SSdqQfrzez4CU/wHTo=
95,57,O+7rndZr8b+8XQq1rnkjCb9pIxY=,3WRlg7yq5SSdqQfrzez4CU/wHTo=
95,48,O+7rndZr8b+8XQq1rnkjCb9pIxY=,QzM0R6lPUnVnHaMZxE4swq6quZc=
87,63,O+7rndZr8b+8XQq1rnkjCb9pIxY=,gJ7skpWaJ/lnbWpR1xUS981R5Dg=
92,63,O+7rndZr8b+8XQq1rnkjCb9pIxY=,3WRlg7yq5SSdqQfrzez4CU/wHTo=
94,63,O+7rndZr8b+8XQq1rnkjCb9pIxY=,3WRlg7yq5SSdqQfrzez4CU/wHTo=
93,63,O+7rndZr8b+8XQq1rnkjCb9pIxY=,3WRlg7yq5SSdqQfrzez4CU/wHTo=
89,63,O+7rndZr8b+8XQq1rnkjCb9pIxY=,3WRlg7yq5SSdqQfrzez4CU/wHTo=
90,63,O+7rndZr8b+8XQq1rnkjCb9pIxY=,3WRlg7yq5SSdqQfrzez4CU/wHTo=
88,63,O+7rndZr8b+8XQq1rnkjCb9pIxY=,3WRlg7yq5SSdqQfrzez4CU/wHTo=
91,63,O+7rndZr8b+8XQq1rnkjCb9pIxY=,3WRlg7yq5SSdqQfrzez4CU/wHTo=
84,55,O+7rndZr8b+8XQq1rnkjCb9pIxY=,GjYdZNe8fWJC0tG5iTHlER6Fgv8=
83,54,O+7rndZr8b+8XQq1rnkjCb9pIxY=,GjYdZNe8fWJC0tG5iTHlER6Fgv8=
83,55,O+7rndZr8b+8XQq1rnkjCb9pIxY=,GjYdZNe8fWJC0tG5iTHlER6Fgv8=
88,51,O+7rndZr8b+8XQq1rnkjCb9pIxY=,QzM0R6lPUnVnHaMZxE4swq6quZc=
87,49,O+7rndZr8b+8XQq1rnkjCb9pIxY=,GjYdZNe8fWJC0tG5iTHlER6Fgv8=
88,50,O+7rndZr8b+8XQq1rnkjCb9pIxY=,QzM0R6lPUnVnHaMZxE4swq6quZc=
80,54,O+7rndZr8b+8XQq1rnkjCb9pIxY=,GjYdZNe8fWJC0tG5iTHlER6Fgv8=
85,54,O+7rndZr8b+8XQq1rnkjCb9pIxY=,GjYdZNe8fWJC0tG5iTHlER6Fgv8=
87,52,O+7rndZr8b+8XQq1rnkjCb9pIxY=,GjYdZNe8fWJC0tG5iTHlER6Fgv8=
84,54,O+7rndZr8b+8XQq1rnkjCb9pIxY=,GjYdZNe8fWJC0tG5iTHlER6Fgv8=
87,50,O+7rndZr8b+8XQq1rnkjCb9pIxY=,GjYdZNe8fWJC0tG5iTHlER6Fgv8=
85,55,O+7rndZr8b+8XQq1rnkjCb9pIxY=,GjYdZNe8fWJC0tG5iTHlER6Fgv8=
88,55,O+7rndZr8b+8XQq1rnkjCb9pIxY=,QzM0R6lPUnVnHaMZxE4swq6quZc=
80,50,O+7rndZr8b+8XQq1rnkjCb9pIxY=,GjYdZNe8fWJC0tG5iTHlER6Fgv8=
85,50,O+7rndZr8b+8XQq1rnkjCb9pIxY=,GjYdZNe8fWJC0tG5iTHlER6Fgv8=
86,55,O+7rndZr8b+8XQq1rnkjCb9pIxY=,GjYdZNe8fWJC0tG5iTHlER6Fgv8=
80,55,O+7rndZr8b+8XQq1rnkjCb9pIxY=,GjYdZNe8fWJC0tG5iTHlER6Fgv8=
82,55,O+7rndZr8b+8XQq1rnkjCb9pIxY=,GjYdZNe8fWJC0tG5iTHlER6Fgv8=
86,49,O+7rndZr8b+8XQq1rnkjCb9pIxY=,GjYdZNe8fWJC0tG5iTHlER6Fgv8=
87,53,O+7rndZr8b+8XQq1rnkjCb9pIxY=,GjYdZNe8fWJC0tG5iTHlER6Fgv8=
88,49,O+7rndZr8b+8XQq1rnkjCb9pIxY=,QzM0R6lPUnVnHaMZxE4swq6quZc=
81,55,O+7rndZr8b+8XQq1rnkjCb9pIxY=,GjYdZNe8fWJC0tG5iTHlER6Fgv8=
86,50,O+7rndZr8b+8XQq1rnkjCb9pIxY=,GjYdZNe8fWJC0tG5iTHlER6Fgv8=
86,53,O+7rndZr8b+8XQq1rnkjCb9pIxY=,GjYdZNe8fWJC0tG5iTHlER6Fgv8=
86,48,O+7rndZr8b+8XQq1rnkjCb9pIxY=,GjYdZNe8fWJC0tG5iTHlER6Fgv8=
80,49,O+7rndZr8b+8XQq1rnkjCb9pIxY=,GjYdZNe8fWJC0tG5iTHlER6Fgv8=
88,48,O+7rndZr8b+8XQq1rnkjCb9pIxY=,QzM0R6lPUnVnHaMZxE4swq6quZc=
80,51,O+7rndZr8b+8XQq1rnkjCb9pIxY=,GjYdZNe8fWJC0tG5iTHlER6Fgv8=
85,53,O+7rndZr8b+8XQq1rnkjCb9pIxY=,GjYdZNe8fWJC0tG5iTHlER6Fgv8=
87,48,O+7rndZr8b+8XQq1rnkjCb9pIxY=,GjYdZNe8fWJC0tG5iTHlER6Fgv8=
85,49,O+7rndZr8b+8XQq1rnkjCb9pIxY=,GjYdZNe8fWJC0tG5iTHlER6Fgv8=
81,50,O+7rndZr8b+8XQq1rnkjCb9pIxY=,GjYdZNe8fWJC0tG5iTHlER6Fgv8=
84,53,O+7rndZr8b+8XQq1rnkjCb9pIxY=,GjYdZNe8fWJC0tG5iTHlER6Fgv8=
88,54,O+7rndZr8b+8XQq1rnkjCb9pIxY=,QzM0R6lPUnVnHaMZxE4swq6quZc=
80,48,O+7rndZr8b+8XQq1rnkjCb9pIxY=,GjYdZNe8fWJC0tG5iTHlER6Fgv8=
84,48,O+7rndZr8b+8XQq1rnkjCb9pIxY=,GjYdZNe8fWJC0tG5iTHlER6Fgv8=
84,49,O+7rndZr8b+8XQq1rnkjCb9pIxY=,GjYdZNe8fWJC0tG5iTHlER6Fgv8=
86,52,O+7rndZr8b+8XQq1rnkjCb9pIxY=,GjYdZNe8fWJC0tG5iTHlER6Fgv8=
81,54,O+7rndZr8b+8XQq1rnkjCb9pIxY=,GjYdZNe8fWJC0tG5iTHlER6Fgv8=
84,50,O+7rndZr8b+8XQq1rnkjCb9pIxY=,GjYdZNe8fWJC0tG5iTHlER6Fgv8=
85,52,O+7rndZr8b+8XQq1rnkjCb9pIxY=,GjYdZNe8fWJC0tG5iTHlER6Fgv8=
83,48,O+7rndZr8b+8XQq1rnkjCb9pIxY=,GjYdZNe8fWJC0tG5iTHlER6Fgv8=
84,52,O+7rndZr8b+8XQq1rnkjCb9pIxY=,GjYdZNe8fWJC0tG5iTHlER6Fgv8=
85,48,O+7rndZr8b+8XQq1rnkjCb9pIxY=,GjYdZNe8fWJC0tG5iTHlER6Fgv8=
83,49,O+7rndZr8b+8XQq1rnkjCb9pIxY=,GjYdZNe8fWJC0tG5iTHlER6Fgv8=
82,49,O+7rndZr8b+8XQq1rnkjCb9pIxY=,GjYdZNe8fWJC0tG5iTHlER6Fgv8=
82,54,O+7rndZr8b+8XQq1rnkjCb9pIxY=,GjYdZNe8fWJC0tG5iTHlER6Fgv8=
82,48,O+7rndZr8b+8XQq1rnkjCb9pIxY=,GjYdZNe8fWJC0tG5iTHlER6Fgv8=
83,50,O+7rndZr8b+8XQq1rnkjCb9pIxY=,GjYdZNe8fWJC0tG5iTHlER6Fgv8=
81,52,O+7rndZr8b+8XQq1rnkjCb9pIxY=,GjYdZNe8fWJC0tG5iTHlER6Fgv8=
81,48,O+7rndZr8b+8XQq1rnkjCb9pIxY=,GjYdZNe8fWJC0tG5iTHlER6Fgv8=
83,53,O+7rndZr8b+8XQq1rnkjCb9pIxY=,GjYdZNe8fWJC0tG5iTHlER6Fgv8=
87,54,O+7rndZr8b+8XQq1rnkjCb9pIxY=,GjYdZNe8fWJC0tG5iTHlER6Fgv8=
82,51,O+7rndZr8b+8XQq1rnkjCb9pIxY=,GjYdZNe8fWJC0tG5iTHlER6Fgv8=
81,51,O+7rndZr8b+8XQq1rnkjCb9pIxY=,GjYdZNe8fWJC0tG5iTHlER6Fgv8=
80,52,O+7rndZr8b+8XQq1rnkjCb9pIxY=,GjYdZNe8fWJC0tG5iTHlER6Fgv8=
87,51,O+7rndZr8b+8XQq1rnkjCb9pIxY=,GjYdZNe8fWJC0tG5iTHlER6Fgv8=
88,53,O+7rndZr8b+8XQq1rnkjCb9pIxY=,QzM0R6lPUnVnHaMZxE4swq6quZc=
83,52,O+7rndZr8b+8XQq1rnkjCb9pIxY=,GjYdZNe8fWJC0tG5iTHlER6Fgv8=
86,51,O+7rndZr8b+8XQq1rnkjCb9pIxY=,GjYdZNe8fWJC0tG5iTHlER6Fgv8=
81,49,O+7rndZr8b+8XQq1rnkjCb9pIxY=,GjYdZNe8fWJC0tG5iTHlER6Fgv8=
85,51,O+7rndZr8b+8XQq1rnkjCb9pIxY=,GjYdZNe8fWJC0tG5iTHlER6Fgv8=
82,50,O+7rndZr8b+8XQq1rnkjCb9pIxY=,GjYdZNe8fWJC0tG5iTHlER6Fgv8=
82,52,O+7rndZr8b+8XQq1rnkjCb9pIxY=,GjYdZNe8fWJC0tG5iTHlER6Fgv8=
87,56,O+7rndZr8b+8XQq1rnkjCb9pIxY=,gJ7skpWaJ/lnbWpR1xUS981R5Dg=
80,53,O+7rndZr8b+8XQq1rnkjCb9pIxY=,GjYdZNe8fWJC0tG5iTHlER6Fgv8=
83,51,O+7rndZr8b+8XQq1rnkjCb9pIxY=,GjYdZNe8fWJC0tG5iTHlER6Fgv8=
82,53,O+7rndZr8b+8XQq1rnkjCb9pIxY=,GjYdZNe8fWJC0tG5iTHlER6Fgv8=
87,55,O+7rndZr8b+8XQq1rnkjCb9pIxY=,GjYdZNe8fWJC0tG5iTHlER6Fgv8=
86,54,O+7rndZr8b+8XQq1rnkjCb9pIxY=,GjYdZNe8fWJC0tG5iTHlER6Fgv8=
88,56,O+7rndZr8b+8XQq1rnkjCb9pIxY=,3WRlg7yq5SSdqQfrzez4CU/wHTo=
83,56,O+7rndZr8b+8XQq1rnkjCb9pIxY=,gJ7skpWaJ/lnbWpR1xUS981R5Dg=
85,56,O+7rndZr8b+8XQq1rnkjCb9pIxY=,gJ7skpWaJ/lnbWpR1xUS981R5Dg=
81,53,O+7rndZr8b+8XQq1rnkjCb9pIxY=,GjYdZNe8fWJC0tG5iTHlER6Fgv8=
86,56,O+7rndZr8b+8XQq1rnkjCb9pIxY=,gJ7skpWaJ/lnbWpR1xUS981R5Dg=
82,56,O+7rndZr8b+8XQq1rnkjCb9pIxY=,gJ7skpWaJ/lnbWpR1xUS981R5Dg=
88,52,O+7rndZr8b+8XQq1rnkjCb9pIxY=,QzM0R6lPUnVnHaMZxE4swq6quZc=
84,51,O+7rndZr8b+8XQq1rnkjCb9pIxY=,GjYdZNe8fWJC0tG5iTHlER6Fgv8=
84,56,O+7rndZr8b+8XQq1rnkjCb9pIxY=,gJ7skpWaJ/lnbWpR1xUS981R5Dg=
80,56,O+7rndZr8b+8XQq1rnkjCb9pIxY=,gJ7skpWaJ/lnbWpR1xUS981R5Dg=
81,56,O+7rndZr8b+8XQq1rnkjCb9pIxY=,gJ7skpWaJ/lnbWpR1xUS981R5Dg=
92,45,083djY4O6gfRCbS9U105tcDhvX4=,krgPa/4wQ5KyiOsCoCPySwd0vpk=
90,45,083djY4O6gfRCbS9U105tcDhvX4=,krgPa/4wQ5KyiOsCoCPySwd0vpk=
92,44,Z2Q7NQovnTuzBmxP1Eglx9uIJvY=,krgPa/4wQ5KyiOsCoCPySwd0vpk=
93,44,Z2Q7NQovnTuzBmxP1Eglx9uIJvY=,krgPa/4wQ5KyiOsCoCPySwd0vpk=
94,44,Z2Q7NQovnTuzBmxP1Eglx9uIJvY=,krgPa/4wQ5KyiOsCoCPySwd0vpk=
89,45,Z2Q7NQovnTuzBmxP1Eglx9uIJvY=,krgPa/4wQ5KyiOsCoCPySwd0vpk=
91,45,Z2Q7NQovnTuzBmxP1Eglx9uIJvY=,krgPa/4wQ5KyiOsCoCPySwd0vpk=
93,43,Z2Q7NQovnTuzBmxP1Eglx9uIJvY=,krgPa/4wQ5KyiOsCoCPySwd0vpk=
89,44,Z2Q7NQovnTuzBmxP1Eglx9uIJvY=,krgPa/4wQ5KyiOsCoCPySwd0vpk=
90,42,Z2Q7NQovnTuzBmxP1Eglx9uIJvY=,krgPa/4wQ5KyiOsCoCPySwd0vpk=
91,44,Z2Q7NQovnTuzBmxP1Eglx9uIJvY=,krgPa/4wQ5KyiOsCoCPySwd0vpk=
94,46,Z2Q7NQovnTuzBmxP1Eglx9uIJvY=,krgPa/4wQ5KyiOsCoCPySwd0vpk=
94,43,Z2Q7NQovnTuzBmxP1Eglx9uIJvY=,krgPa/4wQ5KyiOsCoCPySwd0vpk=
92,46,Z2Q7NQovnTuzBmxP1Eglx9uIJvY=,krgPa/4wQ5KyiOsCoCPySwd0vpk=
93,41,Z2Q7NQovnTuzBmxP1Eglx9uIJvY=,krgPa/4wQ5KyiOsCoCPySwd0vpk=
90,44,Z2Q7NQovnTuzBmxP1Eglx9uIJvY=,krgPa/4wQ5KyiOsCoCPySwd0vpk=
89,43,Z2Q7NQovnTuzBmxP1Eglx9uIJvY=,krgPa/4wQ5KyiOsCoCPySwd0vpk=
90,43,Z2Q7NQovnTuzBmxP1Eglx9uIJvY=,krgPa/4wQ5KyiOsCoCPySwd0vpk=
91,42,Z2Q7NQovnTuzBmxP1Eglx9uIJvY=,krgPa/4wQ5KyiOsCoCPySwd0vpk=
93,46,Z2Q7NQovnTuzBmxP1Eglx9uIJvY=,krgPa/4wQ5KyiOsCoCPySwd0vpk=
94,41,Z2Q7NQovnTuzBmxP1Eglx9uIJvY=,krgPa/4wQ5KyiOsCoCPySwd0vpk=
92,43,Z2Q7NQovnTuzBmxP1Eglx9uIJvY=,krgPa/4wQ5KyiOsCoCPySwd0vpk=
92,41,Z2Q7NQovnTuzBmxP1Eglx9uIJvY=,krgPa/4wQ5KyiOsCoCPySwd0vpk=
92,42,Z2Q7NQovnTuzBmxP1Eglx9uIJvY=,krgPa/4wQ5KyiOsCoCPySwd0vpk=
94,42,Z2Q7NQovnTuzBmxP1Eglx9uIJvY=,krgPa/4wQ5KyiOsCoCPySwd0vpk=
91,43,Z2Q7NQovnTuzBmxP1Eglx9uIJvY=,krgPa/4wQ5KyiOsCoCPySwd0vpk=
93,42,Z2Q7NQovnTuzBmxP1Eglx9uIJvY=,krgPa/4wQ5KyiOsCoCPySwd0vpk=
89,42,Z2Q7NQovnTuzBmxP1Eglx9uIJvY=,krgPa/4wQ5KyiOsCoCPySwd0vpk=
90,46,Z2Q7NQovnTuzBmxP1Eglx9uIJvY=,krgPa/4wQ5KyiOsCoCPySwd0vpk=
91,41,Z2Q7NQovnTuzBmxP1Eglx9uIJvY=,krgPa/4wQ5KyiOsCoCPySwd0vpk=
91,46,Z2Q7NQovnTuzBmxP1Eglx9uIJvY=,krgPa/4wQ5KyiOsCoCPySwd0vpk=
89,41,Z2Q7NQovnTuzBmxP1Eglx9uIJvY=,krgPa/4wQ5KyiOsCoCPySwd0vpk=
93,45,Z2Q7NQovnTuzBmxP1Eglx9uIJvY=,krgPa/4wQ5KyiOsCoCPySwd0vpk=
90,41,Z2Q7NQovnTuzBmxP1Eglx9uIJvY=,krgPa/4wQ5KyiOsCoCPySwd0vpk=
94,45,Z2Q7NQovnTuzBmxP1Eglx9uIJvY=,krgPa/4wQ5KyiOsCoCPySwd0vpk=
89,46,Z2Q7NQovnTuzBmxP1Eglx9uIJvY=,krgPa/4wQ5KyiOsCoCPySwd0vpk=
88,45,fl6lHHGxV9Ngr+UD135MhPtficY=,krgPa/4wQ5KyiOsCoCPySwd0vpk=
81,47,Jlyo3lcXkNwt7aRfU1QHtdDub7A=,xR6vqn/VG2M3ocHO+sp5Le2IK1I=
87,46,Jlyo3lcXkNwt7aRfU1QHtdDub7A=,xR6vqn/VG2M3ocHO+sp5Le2IK1I=
84,47,Jlyo3lcXkNwt7aRfU1QHtdDub7A=,xR6vqn/VG2M3ocHO+sp5Le2IK1I=
83,47,UqOeEDdkj9fH+VWi7PtgdeggmfE=,xR6vqn/VG2M3ocHO+sp5Le2IK1I=
86,46,UqOeEDdkj9fH+VWi7PtgdeggmfE=,xR6vqn/VG2M3ocHO+sp5Le2IK1I=
88,44,UqOeEDdkj9fH+VWi7PtgdeggmfE=,krgPa/4wQ5KyiOsCoCPySwd0vpk=
85,46,UqOeEDdkj9fH+VWi7PtgdeggmfE=,xR6vqn/VG2M3ocHO+sp5Le2IK1I=
82,46,UqOeEDdkj9fH+VWi7PtgdeggmfE=,xR6vqn/VG2M3ocHO+sp5Le2IK1I=
82,47,UqOeEDdkj9fH+VWi7PtgdeggmfE=,xR6vqn/VG2M3ocHO+sp5Le2IK1I=
85,47,UqOeEDdkj9fH+VWi7PtgdeggmfE=,xR6vqn/VG2M3ocHO+sp5Le2IK1I=
83,46,UqOeEDdkj9fH+VWi7PtgdeggmfE=,xR6vqn/VG2M3ocHO+sp5Le2IK1I=
84,46,UqOeEDdkj9fH+VWi7PtgdeggmfE=,xR6vqn/VG2M3ocHO+sp5Le2IK1I=
81,46,UqOeEDdkj9fH+VWi7PtgdeggmfE=,xR6vqn/VG2M3ocHO+sp5Le2IK1I=
84,45,UqOeEDdkj9fH+VWi7PtgdeggmfE=,xR6vqn/VG2M3ocHO+sp5Le2IK1I=
83,45,UqOeEDdkj9fH+VWi7PtgdeggmfE=,xR6vqn/VG2M3ocHO+sp5Le2IK1I=
86,45,UqOeEDdkj9fH+VWi7PtgdeggmfE=,xR6vqn/VG2M3ocHO+sp5Le2IK1I=
87,45,UqOeEDdkj9fH+VWi7PtgdeggmfE=,xR6vqn/VG2M3ocHO+sp5Le2IK1I=
82,45,UqOeEDdkj9fH+VWi7PtgdeggmfE=,xR6vqn/VG2M3ocHO+sp5Le2IK1I=
85,45,UqOeEDdkj9fH+VWi7PtgdeggmfE=,xR6vqn/VG2M3ocHO+sp5Le2IK1I=
87,44,UqOeEDdkj9fH+VWi7PtgdeggmfE=,xR6vqn/VG2M3ocHO+sp5Le2IK1I=
86,47,UqOeEDdkj9fH+VWi7PtgdeggmfE=,xR6vqn/VG2M3ocHO+sp5Le2IK1I=
81,45,UqOeEDdkj9fH+VWi7PtgdeggmfE=,xR6vqn/VG2M3ocHO+sp5Le2IK1I=
82,44,UqOeEDdkj9fH+VWi7PtgdeggmfE=,xR6vqn/VG2M3ocHO+sp5Le2IK1I=
86,44,UqOeEDdkj9fH+VWi7PtgdeggmfE=,xR6vqn/VG2M3ocHO+sp5Le2IK1I=
85,44,UqOeEDdkj9fH+VWi7PtgdeggmfE=,xR6vqn/VG2M3ocHO+sp5Le2IK1I=
84,44,UqOeEDdkj9fH+VWi7PtgdeggmfE=,xR6vqn/VG2M3ocHO+sp5Le2IK1I=
83,44,UqOeEDdkj9fH+VWi7PtgdeggmfE=,xR6vqn/VG2M3ocHO+sp5Le2IK1I=
88,43,UqOeEDdkj9fH+VWi7PtgdeggmfE=,krgPa/4wQ5KyiOsCoCPySwd0vpk=
81,44,UqOeEDdkj9fH+VWi7PtgdeggmfE=,xR6vqn/VG2M3ocHO+sp5Le2IK1I=
85,43,UqOeEDdkj9fH+VWi7PtgdeggmfE=,xR6vqn/VG2M3ocHO+sp5Le2IK1I=
81,41,UqOeEDdkj9fH+VWi7PtgdeggmfE=,xR6vqn/VG2M3ocHO+sp5Le2IK1I=
86,43,UqOeEDdkj9fH+VWi7PtgdeggmfE=,xR6vqn/VG2M3ocHO+sp5Le2IK1I=
87,43,UqOeEDdkj9fH+VWi7PtgdeggmfE=,xR6vqn/VG2M3ocHO+sp5Le2IK1I=
83,43,UqOeEDdkj9fH+VWi7PtgdeggmfE=,xR6vqn/VG2M3ocHO+sp5Le2IK1I=
85,42,UqOeEDdkj9fH+VWi7PtgdeggmfE=,xR6vqn/VG2M3ocHO+sp5Le2IK1I=
87,42,UqOeEDdkj9fH+VWi7PtgdeggmfE=,xR6vqn/VG2M3ocHO+sp5Le2IK1I=
88,42,UqOeEDdkj9fH+VWi7PtgdeggmfE=,krgPa/4wQ5KyiOsCoCPySwd0vpk=
82,41,UqOeEDdkj9fH+VWi7PtgdeggmfE=,xR6vqn/VG2M3ocHO+sp5Le2IK1I=
81,43,UqOeEDdkj9fH+VWi7PtgdeggmfE=,xR6vqn/VG2M3ocHO+sp5Le2IK1I=
84,42,UqOeEDdkj9fH+VWi7PtgdeggmfE=,xR6vqn/VG2M3ocHO+sp5Le2IK1I=
84,43,UqOeEDdkj9fH+VWi7PtgdeggmfE=,xR6vqn/VG2M3ocHO+sp5Le2IK1I=
82,43,UqOeEDdkj9fH+VWi7PtgdeggmfE=,xR6vqn/VG2M3ocHO+sp5Le2IK1I=
83,42,UqOeEDdkj9fH+VWi7PtgdeggmfE=,xR6vqn/VG2M3ocHO+sp5Le2IK1I=
86,42,UqOeEDdkj9fH+VWi7PtgdeggmfE=,xR6vqn/VG2M3ocHO+sp5Le2IK1I=
81,42,UqOeEDdkj9fH+VWi7PtgdeggmfE=,xR6vqn/VG2M3ocHO+sp5Le2IK1I=
86,41,UqOeEDdkj9fH+VWi7PtgdeggmfE=,xR6vqn/VG2M3ocHO+sp5Le2IK1I=
87,41,UqOeEDdkj9fH+VWi7PtgdeggmfE=,xR6vqn/VG2M3ocHO+sp5Le2IK1I=
84,41,UqOeEDdkj9fH+VWi7PtgdeggmfE=,xR6vqn/VG2M3ocHO+sp5Le2IK1I=
82,42,UqOeEDdkj9fH+VWi7PtgdeggmfE=,xR6vqn/VG2M3ocHO+sp5Le2IK1I=
85,41,UqOeEDdkj9fH+VWi7PtgdeggmfE=,xR6vqn/VG2M3ocHO+sp5Le2IK1I=
88,41,UqOeEDdkj9fH+VWi7PtgdeggmfE=,krgPa/4wQ5KyiOsCoCPySwd0vpk=
83,41,UqOeEDdkj9fH+VWi7PtgdeggmfE=,xR6vqn/VG2M3ocHO+sp5Le2IK1I=
88,46,UqOeEDdkj9fH+VWi7PtgdeggmfE=,krgPa/4wQ5KyiOsCoCPySwd0vpk=
80,41,hzycQ9IyvOt6RqK5m7qlCMZp/A8=,xR6vqn/VG2M3ocHO+sp5Le2IK1I=
80,43,hzycQ9IyvOt6RqK5m7qlCMZp/A8=,xR6vqn/VG2M3ocHO+sp5Le2IK1I=
80,46,hzycQ9IyvOt6RqK5m7qlCMZp/A8=,xR6vqn/VG2M3ocHO+sp5Le2IK1I=
80,44,hzycQ9IyvOt6RqK5m7qlCMZp/A8=,xR6vqn/VG2M3ocHO+sp5Le2IK1I=
80,42,hzycQ9IyvOt6RqK5m7qlCMZp/A8=,xR6vqn/VG2M3ocHO+sp5Le2IK1I=
80,45,hzycQ9IyvOt6RqK5m7qlCMZp/A8=,xR6vqn/VG2M3ocHO+sp5Le2IK1I=
95,41,FOujb8PG6i/0TGUq6+8iCFai1Ls=,krgPa/4wQ5KyiOsCoCPySwd0vpk=
95,42,FOujb8PG6i/0TGUq6+8iCFai1Ls=,krgPa/4wQ5KyiOsCoCPySwd0vpk=
95,44,FOujb8PG6i/0TGUq6+8iCFai1Ls=,krgPa/4wQ5KyiOsCoCPySwd0vpk=
95,45,FOujb8PG6i/0TGUq6+8iCFai1Ls=,krgPa/4wQ5KyiOsCoCPySwd0vpk=
95,43,FOujb8PG6i/0TGUq6+8iCFai1Ls=,krgPa/4wQ5KyiOsCoCPySwd0vpk=
95,46,FOujb8PG6i/0TGUq6+8iCFai1Ls=,krgPa/4wQ5KyiOsCoCPySwd0vpk=
94,47,FOujb8PG6i/0TGUq6+8iCFai1Ls=,krgPa/4wQ5KyiOsCoCPySwd0vpk=
88,47,FOujb8PG6i/0TGUq6+8iCFai1Ls=,krgPa/4wQ5KyiOsCoCPySwd0vpk=
91,47,FOujb8PG6i/0TGUq6+8iCFai1Ls=,krgPa/4wQ5KyiOsCoCPySwd0vpk=
92,47,FOujb8PG6i/0TGUq6+8iCFai1Ls=,krgPa/4wQ5KyiOsCoCPySwd0vpk=
90,47,FOujb8PG6i/0TGUq6+8iCFai1Ls=,krgPa/4wQ5KyiOsCoCPySwd0vpk=
89,47,FOujb8PG6i/0TGUq6+8iCFai1Ls=,krgPa/4wQ5KyiOsCoCPySwd0vpk=
95,47,FOujb8PG6i/0TGUq6+8iCFai1Ls=,krgPa/4wQ5KyiOsCoCPySwd0vpk=
87,47,FOujb8PG6i/0TGUq6+8iCFai1Ls=,xR6vqn/VG2M3ocHO+sp5Le2IK1I=
80,47,FOujb8PG6i/0TGUq6+8iCFai1Ls=,xR6vqn/VG2M3ocHO+sp5Le2IK1I=
93,47,FOujb8PG6i/0TGUq6+8iCFai1Ls=,krgPa/4wQ5KyiOsCoCPySwd0vpk=
92,35,65rlFACodVqLvOCm05s3DlXeIrw=,nbriTolPD9Du4Z9fJeT7ve+N8OM=
95,34,9nSWj1N+wwCfr6Kbd/ci6/5ndX4=,nbriTolPD9Du4Z9fJeT7ve+N8OM=
90,35,xiDG5rgIiuG/EkbRtuvJqoW3MvE=,nbriTolPD9Du4Z9fJeT7ve+N8OM=
95,39,xiDG5rgIiuG/EkbRtuvJqoW3MvE=,nbriTolPD9Du4Z9fJeT7ve+N8OM=
89,35,xiDG5rgIiuG/EkbRtuvJqoW3MvE=,nbriTolPD9Du4Z9fJeT7ve+N8OM=
91,35,ul72GQKIWbRs/jD0oFnliOvOtW0=,nbriTolPD9Du4Z9fJeT7ve+N8OM=
94,39,ul72GQKIWbRs/jD0oFnliOvOtW0=,nbriTolPD9Du4Z9fJeT7ve+N8OM=
92,39,ul72GQKIWbRs/jD0oFnliOvOtW0=,nbriTolPD9Du4Z9fJeT7ve+N8OM=
94,34,ul72GQKIWbRs/jD0oFnliOvOtW0=,nbriTolPD9Du4Z9fJeT7ve+N8OM=
91,39,ul72GQKIWbRs/jD0oFnliOvOtW0=,nbriTolPD9Du4Z9fJeT7ve+N8OM=
93,34,ul72GQKIWbRs/jD0oFnliOvOtW0=,nbriTolPD9Du4Z9fJeT7ve+N8OM=
92,34,ul72GQKIWbRs/jD0oFnliOvOtW0=,nbriTolPD9Du4Z9fJeT7ve+N8OM=
90,39,ul72GQKIWbRs/jD0oFnliOvOtW0=,nbriTolPD9Du4Z9fJeT7ve+N8OM=
91,34,ul72GQKIWbRs/jD0oFnliOvOtW0=,nbriTolPD9Du4Z9fJeT7ve+N8OM=
89,34,ul72GQKIWbRs/jD0oFnliOvOtW0=,nbriTolPD9Du4Z9fJeT7ve+N8OM=
94,33,ul72GQKIWbRs/jD0oFnliOvOtW0=,nbriTolPD9Du4Z9fJeT7ve+N8OM=
91,33,ul72GQKIWbRs/jD0oFnliOvOtW0=,nbriTolPD9Du4Z9fJeT7ve+N8OM=
95,33,ul72GQKIWbRs/jD0oFnliOvOtW0=,nbriTolPD9Du4Z9fJeT7ve+N8OM=
90,34,ul72GQKIWbRs/jD0oFnliOvOtW0=,nbriTolPD9Du4Z9fJeT7ve+N8OM=
90,33,ul72GQKIWbRs/jD0oFnliOvOtW0=,nbriTolPD9Du4Z9fJeT7ve+N8OM=
93,33,ul72GQKIWbRs/jD0oFnliOvOtW0=,nbriTolPD9Du4Z9fJeT7ve+N8OM=
89,39,ul72GQKIWbRs/jD0oFnliOvOtW0=,nbriTolPD9Du4Z9fJeT7ve+N8OM=
93,32,ul72GQKIWbRs/jD0oFnliOvOtW0=,nbriTolPD9Du4Z9fJeT7ve+N8OM=
92,33,ul72GQKIWbRs/jD0oFnliOvOtW0=,nbriTolPD9Du4Z9fJeT7ve+N8OM=
92,32,ul72GQKIWbRs/jD0oFnliOvOtW0=,nbriTolPD9Du4Z9fJeT7ve+N8OM=
95,32,ul72GQKIWbRs/jD0oFnliOvOtW0=,nbriTolPD9Du4Z9fJeT7ve+N8OM=
90,32,ul72GQKIWbRs/jD0oFnliOvOtW0=,nbriTolPD9Du4Z9fJeT7ve+N8OM=
91,32,ul72GQKIWbRs/jD0oFnliOvOtW0=,nbriTolPD9Du4Z9fJeT7ve+N8OM=
95,38,ul72GQKIWbRs/jD0oFnliOvOtW0=,nbriTolPD9Du4Z9fJeT7ve+N8OM=
94,32,ul72GQKIWbRs/jD0oFnliOvOtW0=,nbriTolPD9Du4Z9fJeT7ve+N8OM=
89,33,ul72GQKIWbRs/jD0oFnliOvOtW0=,nbriTolPD9Du4Z9fJeT7ve+N8OM=
94,38,ul72GQKIWbRs/jD0oFnliOvOtW0=,nbriTolPD9Du4Z9fJeT7ve+N8OM=
90,38,ul72GQKIWbRs/jD0oFnliOvOtW0=,nbriTolPD9Du4Z9fJeT7ve+N8OM=
93,38,ul72GQKIWbRs/jD0oFnliOvOtW0=,nbriTolPD9Du4Z9fJeT7ve+N8OM=
89,38,ul72GQKIWbRs/jD0oFnliOvOtW0=,nbriTolPD9Du4Z9fJeT7ve+N8OM=
95,37,ul72GQKIWbRs/jD0oFnliOvOtW0=,nbriTolPD9Du4Z9fJeT7ve+N8OM=
91,38,ul72GQKIWbRs/jD0oFnliOvOtW0=,nbriTolPD9Du4Z9fJeT7ve+N8OM=
92,38,ul72GQKIWbRs/jD0oFnliOvOtW0=,nbriTolPD9Du4Z9fJeT7ve+N8OM=
89,32,ul72GQKIWbRs/jD0oFnliOvOtW0=,nbriTolPD9Du4Z9fJeT7ve+N8OM=
93,37,ul72GQKIWbRs/jD0oFnliOvOtW0=,nbriTolPD9Du4Z9fJeT7ve+N8OM=
94,37,ul72GQKIWbRs/jD0oFnliOvOtW0=,nbriTolPD9Du4Z9fJeT7ve+N8OM=
92,37,ul72GQKIWbRs/jD0oFnliOvOtW0=,nbriTolPD9Du4Z9fJeT7ve+N8OM=
91,37,ul72GQKIWbRs/jD0oFnliOvOtW0=,nbriTolPD9Du4Z9fJeT7ve+N8OM=
89,37,ul72GQKIWbRs/jD0oFnliOvOtW0=,nbriTolPD9Du4Z9fJeT7ve+N8OM=
90,37,ul72GQKIWbRs/jD0oFnliOvOtW0=,nbriTolPD9Du4Z9fJeT7ve+N8OM=
95,36,ul72GQKIWbRs/jD0oFnliOvOtW0=,nbriTolPD9Du4Z9fJeT7ve+N8OM=
94,36,ul72GQKIWbRs/jD0oFnliOvOtW0=,nbriTolPD9Du4Z9fJeT7ve+N8OM=
93,36,ul72GQKIWbRs/jD0oFnliOvOtW0=,nbriTolPD9Du4Z9fJeT7ve+N8OM=
94,40,ul72GQKIWbRs/jD0oFnliOvOtW0=,krgPa/4wQ5KyiOsCoCPySwd0vpk=
92,36,ul72GQKIWbRs/jD0oFnliOvOtW0=,nbriTolPD9Du4Z9fJeT7ve+N8OM=
92,40,ul72GQKIWbRs/jD0oFnliOvOtW0=,krgPa/4wQ5KyiOsCoCPySwd0vpk=
95,40,ul72GQKIWbRs/jD0oFnliOvOtW0=,krgPa/4wQ5KyiOsCoCPySwd0vpk=
93,40,ul72GQKIWbRs/jD0oFnliOvOtW0=,krgPa/4wQ5KyiOsCoCPySwd0vpk=
91,36,ul72GQKIWbRs/jD0oFnliOvOtW0=,nbriTolPD9Du4Z9fJeT7ve+N8OM=
89,40,ul72GQKIWbRs/jD0oFnliOvOtW0=,krgPa/4wQ5KyiOsCoCPySwd0vpk=
90,40,ul72GQKIWbRs/jD0oFnliOvOtW0=,krgPa/4wQ5KyiOsCoCPySwd0vpk=
91,40,ul72GQKIWbRs/jD0oFnliOvOtW0=,krgPa/4wQ5KyiOsCoCPySwd0vpk=
93,35,ul72GQKIWbRs/jD0oFnliOvOtW0=,nbriTolPD9Du4Z9fJeT7ve+N8OM=
89,36,ul72GQKIWbRs/jD0oFnliOvOtW0=,nbriTolPD9Du4Z9fJeT7ve+N8OM=
94,35,ul72GQKIWbRs/jD0oFnliOvOtW0=,nbriTolPD9Du4Z9fJeT7ve+N8OM=
90,36,ul72GQKIWbRs/jD0oFnliOvOtW0=,nbriTolPD9Du4Z9fJeT7ve+N8OM=
95,35,ul72GQKIWbRs/jD0oFnliOvOtW0=,nbriTolPD9Du4Z9fJeT7ve+N8OM=
93,39,ul72GQKIWbRs/jD0oFnliOvOtW0=,nbriTolPD9Du4Z9fJeT7ve+N8OM=
85,37,n8nPGu4OLac/4wqp3j7H/xH8Sso=,imnP2ejKx5/Qb6ag5TECJS8ilVM=
84,32,ti7R8f1fi2WEuWbjWT+DJxaRDUw=,imnP2ejKx5/Qb6ag5TECJS8ilVM=
84,38,ti7R8f1fi2WEuWbjWT+DJxaRDUw=,imnP2ejKx5/Qb6ag5TECJS8ilVM=
88,35,ti7R8f1fi2WEuWbjWT+DJxaRDUw=,nbriTolPD9Du4Z9fJeT7ve+N8OM=
85,38,tQRgOnOIm3czmZ/zc+h4Ele4fiY=,imnP2ejKx5/Qb6ag5TECJS8ilVM=
85,39,tQRgOnOIm3czmZ/zc+h4Ele4fiY=,imnP2ejKx5/Qb6ag5TECJS8ilVM=
84,39,tQRgOnOIm3czmZ/zc+h4Ele4fiY=,imnP2ejKx5/Qb6ag5TECJS8ilVM=
83,37,tQRgOnOIm3czmZ/zc+h4Ele4fiY=,imnP2ejKx5/Qb6ag5TECJS8ilVM=
83,33,tQRgOnOIm3czmZ/zc+h4Ele4fiY=,imnP2ejKx5/Qb6ag5TECJS8ilVM=
88,34,tQRgOnOIm3czmZ/zc+h4Ele4fiY=,nbriTolPD9Du4Z9fJeT7ve+N8OM=
87,36,tQRgOnOIm3czmZ/zc+h4Ele4fiY=,imnP2ejKx5/Qb6ag5TECJS8ilVM=
83,39,tQRgOnOIm3czmZ/zc+h4Ele4fiY=,imnP2ejKx5/Qb6ag5TECJS8ilVM=
82,39,tQRgOnOIm3czmZ/zc+h4Ele4fiY=,imnP2ejKx5/Qb6ag5TECJS8ilVM=
86,39,tQRgOnOIm3czmZ/zc+h4Ele4fiY=,imnP2ejKx5/Qb6ag5TECJS8ilVM=
80,39,tQRgOnOIm3czmZ/zc+h4Ele4fiY=,imnP2ejKx5/Qb6ag5TECJS8ilVM=
84,37,tQRgOnOIm3czmZ/zc+h4Ele4fiY=,imnP2ejKx5/Qb6ag5TECJS8ilVM=
80,32,tQRgOnOIm3czmZ/zc+h4Ele4fiY=,imnP2ejKx5/Qb6ag5TECJS8ilVM=
83,38,tQRgOnOIm3czmZ/zc+h4Ele4fiY=,imnP2ejKx5/Qb6ag5TECJS8ilVM=
83,32,tQRgOnOIm3czmZ/zc+h4Ele4fiY=,imnP2ejKx5/Qb6ag5TECJS8ilVM=
88,33,tQRgOnOIm3czmZ/zc+h4Ele4fiY=,nbriTolPD9Du4Z9fJeT7ve+N8OM=
81,39,tQRgOnOIm3czmZ/zc+h4Ele4fiY=,imnP2ejKx5/Qb6ag5TECJS8ilVM=
88,39,tQRgOnOIm3czmZ/zc+h4Ele4fiY=,nbriTolPD9Du4Z9fJeT7ve+N8OM=
88,32,tQRgOnOIm3czmZ/zc+h4Ele4fiY=,nbriTolPD9Du4Z9fJeT7ve+N8OM=
80,33,tQRgOnOIm3czmZ/zc+h4Ele4fiY=,imnP2ejKx5/Qb6ag5TECJS8ilVM=
88,38,tQRgOnOIm3czmZ/zc+h4Ele4fiY=,nbriTolPD9Du4Z9fJeT7ve+N8OM=
81,33,tQRgOnOIm3czmZ/zc+h4Ele4fiY=,imnP2ejKx5/Qb6ag5TECJS8ilVM=
86,36,tQRgOnOIm3czmZ/zc+h4Ele4fiY=,imnP2ejKx5/Qb6ag5TECJS8ilVM=
80,37,tQRgOnOIm3czmZ/zc+h4Ele4fiY=,imnP2ejKx5/Qb6ag5TECJS8ilVM=
82,33,tQRgOnOIm3czmZ/zc+h4Ele4fiY=,imnP2ejKx5/Qb6ag5TECJS8ilVM=
85,36,tQRgOnOIm3czmZ/zc+h4Ele4fiY=,imnP2ejKx5/Qb6ag5TECJS8ilVM=
82,32,tQRgOnOIm3czmZ/zc+h4Ele4fiY=,imnP2ejKx5/Qb6ag5TECJS8ilVM=
83,34,tQRgOnOIm3czmZ/zc+h4Ele4fiY=,imnP2ejKx5/Qb6ag5TECJS8ilVM=
82,38,tQRgOnOIm3czmZ/zc+h4Ele4fiY=,imnP2ejKx5/Qb6ag5TECJS8ilVM=
87,32,tQRgOnOIm3czmZ/zc+h4Ele4fiY=,imnP2ejKx5/Qb6ag5TECJS8ilVM=
87,35,tQRgOnOIm3czmZ/zc+h4Ele4fiY=,imnP2ejKx5/Qb6ag5TECJS8ilVM=
86,32,tQRgOnOIm3czmZ/zc+h4Ele4fiY=,imnP2ejKx5/Qb6ag5TECJS8ilVM=
80,36,tQRgOnOIm3czmZ/zc+h4Ele4fiY=,imnP2ejKx5/Qb6ag5TECJS8ilVM=
82,34,tQRgOnOIm3czmZ/zc+h4Ele4fiY=,imnP2ejKx5/Qb6ag5TECJS8ilVM=
81,37,tQRgOnOIm3czmZ/zc+h4Ele4fiY=,imnP2ejKx5/Qb6ag5TECJS8ilVM=
85,35,tQRgOnOIm3czmZ/zc+h4Ele4fiY=,imnP2ejKx5/Qb6ag5TECJS8ilVM=
81,36,tQRgOnOIm3czmZ/zc+h4Ele4fiY=,imnP2ejKx5/Qb6ag5TECJS8ilVM=
86,35,tQRgOnOIm3czmZ/zc+h4Ele4fiY=,imnP2ejKx5/Qb6ag5TECJS8ilVM=
82,37,tQRgOnOIm3czmZ/zc+h4Ele4fiY=,imnP2ejKx5/Qb6ag5TECJS8ilVM=
84,36,tQRgOnOIm3czmZ/zc+h4Ele4fiY=,imnP2ejKx5/Qb6ag5TECJS8ilVM=
84,35,tQRgOnOIm3czmZ/zc+h4Ele4fiY=,imnP2ejKx5/Qb6ag5TECJS8ilVM=
81,38,tQRgOnOIm3czmZ/zc+h4Ele4fiY=,imnP2ejKx5/Qb6ag5TECJS8ilVM=
80,34,tQRgOnOIm3czmZ/zc+h4Ele4fiY=,imnP2ejKx5/Qb6ag5TECJS8ilVM=
88,37,tQRgOnOIm3czmZ/zc+h4Ele4fiY=,nbriTolPD9Du4Z9fJeT7ve+N8OM=
81,34,tQRgOnOIm3czmZ/zc+h4Ele4fiY=,imnP2ejKx5/Qb6ag5TECJS8ilVM=
86,33,tQRgOnOIm3czmZ/zc+h4Ele4fiY=,imnP2ejKx5/Qb6ag5TECJS8ilVM=
87,33,tQRgOnOIm3czmZ/zc+h4Ele4fiY=,imnP2ejKx5/Qb6ag5TECJS8ilVM=
84,33,tQRgOnOIm3czmZ/zc+h4Ele4fiY=,imnP2ejKx5/Qb6ag5TECJS8ilVM=
80,35,tQRgOnOIm3czmZ/zc+h4Ele4fiY=,imnP2ejKx5/Qb6ag5TECJS8ilVM=
85,33,tQRgOnOIm3czmZ/zc+h4Ele4fiY=,imnP2ejKx5/Qb6ag5TECJS8ilVM=
83,36,tQRgOnOIm3czmZ/zc+h4Ele4fiY=,imnP2ejKx5/Qb6ag5TECJS8ilVM=
81,35,tQRgOnOIm3czmZ/zc+h4Ele4fiY=,imnP2ejKx5/Qb6ag5TECJS8ilVM=
87,38,tQRgOnOIm3czmZ/zc+h4Ele4fiY=,imnP2ejKx5/Qb6ag5TECJS8ilVM=
81,32,tQRgOnOIm3czmZ/zc+h4Ele4fiY=,imnP2ejKx5/Qb6ag5TECJS8ilVM=
82,35,tQRgOnOIm3czmZ/zc+h4Ele4fiY=,imnP2ejKx5/Qb6ag5TECJS8ilVM=
85,34,tQRgOnOIm3czmZ/zc+h4Ele4fiY=,imnP2ejKx5/Qb6ag5TECJS8ilVM=
83,35,tQRgOnOIm3czmZ/zc+h4Ele4fiY=,imnP2ejKx5/Qb6ag5TECJS8ilVM=
84,34,tQRgOnOIm3czmZ/zc+h4Ele4fiY=,imnP2ejKx5/Qb6ag5TECJS8ilVM=
86,34,tQRgOnOIm3czmZ/zc+h4Ele4fiY=,imnP2ejKx5/Qb6ag5TECJS8ilVM=
87,37,tQRgOnOIm3czmZ/zc+h4Ele4fiY=,imnP2ejKx5/Qb6ag5TECJS8ilVM=
87,34,tQRgOnOIm3czmZ/zc+h4Ele4fiY=,imnP2ejKx5/Qb6ag5TECJS8ilVM=
80,38,tQRgOnOIm3czmZ/zc+h4Ele4fiY=,imnP2ejKx5/Qb6ag5TECJS8ilVM=
86,40,tQRgOnOIm3czmZ/zc+h4Ele4fiY=,xR6vqn/VG2M3ocHO+sp5Le2IK1I=
87,40,tQRgOnOIm3czmZ/zc+h4Ele4fiY=,xR6vqn/VG2M3ocHO+sp5Le2IK1I=
82,36,tQRgOnOIm3czmZ/zc+h4Ele4fiY=,imnP2ejKx5/Qb6ag5TECJS8ilVM=
86,37,tQRgOnOIm3czmZ/zc+h4Ele4fiY=,imnP2ejKx5/Qb6ag5TECJS8ilVM=
87,39,tQRgOnOIm3czmZ/zc+h4Ele4fiY=,imnP2ejKx5/Qb6ag5TECJS8ilVM=
84,40,tQRgOnOIm3czmZ/zc+h4Ele4fiY=,xR6vqn/VG2M3ocHO+sp5Le2IK1I=
82,40,tQRgOnOIm3czmZ/zc+h4Ele4fiY=,xR6vqn/VG2M3ocHO+sp5Le2IK1I=
88,40,tQRgOnOIm3czmZ/zc+h4Ele4fiY=,krgPa/4wQ5KyiOsCoCPySwd0vpk=
83,40,tQRgOnOIm3czmZ/zc+h4Ele4fiY=,xR6vqn/VG2M3ocHO+sp5Le2IK1I=
85,40,tQRgOnOIm3czmZ/zc+h4Ele4fiY=,xR6vqn/VG2M3ocHO+sp5Le2IK1I=
86,38,tQRgOnOIm3czmZ/zc+h4Ele4fiY=,imnP2ejKx5/Qb6ag5TECJS8ilVM=
80,40,tQRgOnOIm3czmZ/zc+h4Ele4fiY=,xR6vqn/VG2M3ocHO+sp5Le2IK1I=
81,40,tQRgOnOIm3czmZ/zc+h4Ele4fiY=,xR6vqn/VG2M3ocHO+sp5Le2IK1I=
88,36,tQRgOnOIm3czmZ/zc+h4Ele4fiY=,nbriTolPD9Du4Z9fJeT7ve+N8OM=
85,32,tQRgOnOIm3czmZ/zc+h4Ele4fiY=,imnP2ejKx5/Qb6ag5TECJS8ilVM=
