6,-20,sb5/PtVyX3/yW6cVMw9dTXKGAe8=,XPTCz6gLZRYCLBS9wflIk1Vam2Q=
3,-19,sb5/PtVyX3/yW6cVMw9dTXKGAe8=,XPTCz6gLZRYCLBS9wflIk1Vam2Q=
2,-19,sb5/PtVyX3/yW6cVMw9dTXKGAe8=,XPTCz6gLZRYCLBS9wflIk1Vam2Q=
5,-20,sb5/PtVyX3/yW6cVMw9dTXKGAe8=,XPTCz6gLZRYCLBS9wflIk1Vam2Q=
3,-20,sb5/PtVyX3/yW6cVMw9dTXKGAe8=,XPTCz6gLZRYCLBS9wflIk1Vam2Q=
2,-20,sb5/PtVyX3/yW6cVMw9dTXKGAe8=,XPTCz6gLZRYCLBS9wflIk1Vam2Q=
7,-23,sb5/PtVyX3/yW6cVMw9dTXKGAe8=,XPTCz6gLZRYCLBS9wflIk1Vam2Q=
1,-23,sb5/PtVyX3/yW6cVMw9dTXKGAe8=,XPTCz6gLZRYCLBS9wflIk1Vam2Q=
5,-21,sb5/PtVyX3/yW6cVMw9dTXKGAe8=,XPTCz6gLZRYCLBS9wflIk1Vam2Q=
1,-19,sb5/PtVyX3/yW6cVMw9dTXKGAe8=,XPTCz6gLZRYCLBS9wflIk1Vam2Q=
4,-21,sb5/PtVyX3/yW6cVMw9dTXKGAe8=,XPTCz6gLZRYCLBS9wflIk1Vam2Q=
0,-23,sb5/PtVyX3/yW6cVMw9dTXKGAe8=,XPTCz6gLZRYCLBS9wflIk1Vam2Q=
7,-24,sb5/PtVyX3/yW6cVMw9dTXKGAe8=,XPTCz6gLZRYCLBS9wflIk1Vam2Q=
6,-23,sb5/PtVyX3/yW6cVMw9dTXKGAe8=,XPTCz6gLZRYCLBS9wflIk1Vam2Q=
3,-24,sb5/PtVyX3/yW6cVMw9dTXKGAe8=,XPTCz6gLZRYCLBS9wflIk1Vam2Q=
1,-20,sb5/PtVyX3/yW6cVMw9dTXKGAe8=,XPTCz6gLZRYCLBS9wflIk1Vam2Q=
0,-20,sb5/PtVyX3/yW6cVMw9dTXKGAe8=,XPTCz6gLZRYCLBS9wflIk1Vam2Q=
7,-21,sb5/PtVyX3/yW6cVMw9dTXKGAe8=,XPTCz6gLZRYCLBS9wflIk1Vam2Q=
2,-24,sb5/PtVyX3/yW6cVMw9dTXKGAe8=,XPTCz6gLZRYCLBS9wflIk1Vam2Q=
6,-24,sb5/PtVyX3/yW6cVMw9dTXKGAe8=,XPTCz6gLZRYCLBS9wflIk1Vam2Q=
7,-22,sb5/PtVyX3/yW6cVMw9dTXKGAe8=,XPTCz6gLZRYCLBS9wflIk1Vam2Q=
3,-21,sb5/PtVyX3/yW6cVMw9dTXKGAe8=,XPTCz6gLZRYCLBS9wflIk1Vam2Q=
2,-21,sb5/PtVyX3/yW6cVMw9dTXKGAe8=,XPTCz6gLZRYCLBS9wflIk1Vam2Q=
1,-21,sb5/PtVyX3/yW6cVMw9dTXKGAe8=,XPTCz6gLZRYCLBS9wflIk1Vam2Q=
1,-24,sb5/PtVyX3/yW6cVMw9dTXKGAe8=,XPTCz6gLZRYCLBS9wflIk1Vam2Q=
5,-24,sb5/PtVyX3/yW6cVMw9dTXKGAe8=,XPTCz6gLZRYCLBS9wflIk1Vam2Q=
0,-21,sb5/PtVyX3/yW6cVMw9dTXKGAe8=,XPTCz6gLZRYCLBS9wflIk1Vam2Q=
5,-23,sb5/PtVyX3/yW6cVMw9dTXKGAe8=,XPTCz6gLZRYCLBS9wflIk1Vam2Q=
4,-23,sb5/PtVyX3/yW6cVMw9dTXKGAe8=,XPTCz6gLZRYCLBS9wflIk1Vam2Q=
7,-17,sb5/PtVyX3/yW6cVMw9dTXKGAe8=,XPTCz6gLZRYCLBS9wflIk1Vam2Q=
6,-17,sb5/PtVyX3/yW6cVMw9dTXKGAe8=,XPTCz6gLZRYCLBS9wflIk1Vam2Q=
5,-17,sb5/PtVyX3/yW6cVMw9dTXKGAe8=,XPTCz6gLZRYCLBS9wflIk1Vam2Q=
4,-17,sb5/PtVyX3/yW6cVMw9dTXKGAe8=,XPTCz6gLZRYCLBS9wflIk1Vam2Q=
4,-24,sb5/PtVyX3/yW6cVMw9dTXKGAe8=,XPTCz6gLZRYCLBS9wflIk1Vam2Q=
3,-23,sb5/PtVyX3/yW6cVMw9dTXKGAe8=,XPTCz6gLZRYCLBS9wflIk1Vam2Q=
2,-17,sb5/PtVyX3/yW6cVMw9dTXKGAe8=,XPTCz6gLZRYCLBS9wflIk1Vam2Q=
1,-17,sb5/PtVyX3/yW6cVMw9dTXKGAe8=,XPTCz6gLZRYCLBS9wflIk1Vam2Q=
7,-18,sb5/PtVyX3/yW6cVMw9dTXKGAe8=,XPTCz6gLZRYCLBS9wflIk1Vam2Q=
6,-18,sb5/PtVyX3/yW6cVMw9dTXKGAe8=,XPTCz6gLZRYCLBS9wflIk1Vam2Q=
5,-18,sb5/PtVyX3/yW6cVMw9dTXKGAe8=,XPTCz6gLZRYCLBS9wflIk1Vam2Q=
4,-18,sb5/PtVyX3/yW6cVMw9dTXKGAe8=,XPTCz6gLZRYCLBS9wflIk1Vam2Q=
2,-23,sb5/PtVyX3/yW6cVMw9dTXKGAe8=,XPTCz6gLZRYCLBS9wflIk1Vam2Q=
2,-18,sb5/PtVyX3/yW6cVMw9dTXKGAe8=,XPTCz6gLZRYCLBS9wflIk1Vam2Q=
1,-18,sb5/PtVyX3/yW6cVMw9dTXKGAe8=,XPTCz6gLZRYCLBS9wflIk1Vam2Q=
0,-18,sb5/PtVyX3/yW6cVMw9dTXKGAe8=,XPTCz6gLZRYCLBS9wflIk1Vam2Q=
7,-19,sb5/PtVyX3/yW6cVMw9dTXKGAe8=,XPTCz6gLZRYCLBS9wflIk1Vam2Q=
5,-19,sb5/PtVyX3/yW6cVMw9dTXKGAe8=,XPTCz6gLZRYCLBS9wflIk1Vam2Q=
0,-24,sb5/PtVyX3/yW6cVMw9dTXKGAe8=,XPTCz6gLZRYCLBS9wflIk1Vam2Q=
6,-22,sb5/PtVyX3/yW6cVMw9dTXKGAe8=,XPTCz6gLZRYCLBS9wflIk1Vam2Q=
5,-22,sb5/PtVyX3/yW6cVMw9dTXKGAe8=,XPTCz6gLZRYCLBS9wflIk1Vam2Q=
4,-22,sb5/PtVyX3/yW6cVMw9dTXKGAe8=,XPTCz6gLZRYCLBS9wflIk1Vam2Q=
3,-22,sb5/PtVyX3/yW6cVMw9dTXKGAe8=,XPTCz6gLZRYCLBS9wflIk1Vam2Q=
2,-22,sb5/PtVyX3/yW6cVMw9dTXKGAe8=,XPTCz6gLZRYCLBS9wflIk1Vam2Q=
1,-22,sb5/PtVyX3/yW6cVMw9dTXKGAe8=,XPTCz6gLZRYCLBS9wflIk1Vam2Q=
0,-22,sb5/PtVyX3/yW6cVMw9dTXKGAe8=,XPTCz6gLZRYCLBS9wflIk1Vam2Q=
6,-21,sb5/PtVyX3/yW6cVMw9dTXKGAe8=,XPTCz6gLZRYCLBS9wflIk1Vam2Q=
0,-19,sb5/PtVyX3/yW6cVMw9dTXKGAe8=,XPTCz6gLZRYCLBS9wflIk1Vam2Q=
7,-20,sb5/PtVyX3/yW6cVMw9dTXKGAe8=,XPTCz6gLZRYCLBS9wflIk1Vam2Q=
4,-19,sb5/PtVyX3/yW6cVMw9dTXKGAe8=,XPTCz6gLZRYCLBS9wflIk1Vam2Q=
3,-17,sb5/PtVyX3/yW6cVMw9dTXKGAe8=,XPTCz6gLZRYCLBS9wflIk1Vam2Q=
4,-20,sb5/PtVyX3/yW6cVMw9dTXKGAe8=,XPTCz6gLZRYCLBS9wflIk1Vam2Q=
6,-19,sb5/PtVyX3/yW6cVMw9dTXKGAe8=,XPTCz6gLZRYCLBS9wflIk1Vam2Q=
0,-17,sb5/PtVyX3/yW6cVMw9dTXKGAe8=,XPTCz6gLZRYCLBS9wflIk1Vam2Q=
3,-18,sb5/PtVyX3/yW6cVMw9dTXKGAe8=,XPTCz6gLZRYCLBS9wflIk1Vam2Q=
3,-13,p9yXdSjYiLM4v0e+dkhGasiWteo=,bTD0vTJoiVCEo+zotXtXfXhe1QI=
6,-10,p9yXdSjYiLM4v0e+dkhGasiWteo=,bTD0vTJoiVCEo+zotXtXfXhe1QI=
4,-13,p9yXdSjYiLM4v0e+dkhGasiWteo=,bTD0vTJoiVCEo+zotXtXfXhe1QI=
6,-14,p9yXdSjYiLM4v0e+dkhGasiWteo=,bTD0vTJoiVCEo+zotXtXfXhe1QI=
5,-13,p9yXdSjYiLM4v0e+dkhGasiWteo=,bTD0vTJoiVCEo+zotXtXfXhe1QI=
1,-14,p9yXdSjYiLM4v0e+dkhGasiWteo=,bTD0vTJoiVCEo+zotXtXfXhe1QI=
5,-14,p9yXdSjYiLM4v0e+dkhGasiWteo=,bTD0vTJoiVCEo+zotXtXfXhe1QI=
5,-10,p9yXdSjYiLM4v0e+dkhGasiWteo=,bTD0vTJoiVCEo+zotXtXfXhe1QI=
4,-10,p9yXdSjYiLM4v0e+dkhGasiWteo=,bTD0vTJoiVCEo+zotXtXfXhe1QI=
6,-13,p9yXdSjYiLM4v0e+dkhGasiWteo=,bTD0vTJoiVCEo+zotXtXfXhe1QI=
1,-12,p9yXdSjYiLM4v0e+dkhGasiWteo=,bTD0vTJoiVCEo+zotXtXfXhe1QI=
2,-12,p9yXdSjYiLM4v0e+dkhGasiWteo=,bTD0vTJoiVCEo+zotXtXfXhe1QI=
3,-12,p9yXdSjYiLM4v0e+dkhGasiWteo=,bTD0vTJoiVCEo+zotXtXfXhe1QI=
4,-12,p9yXdSjYiLM4v0e+dkhGasiWteo=,bTD0vTJoiVCEo+zotXtXfXhe1QI=
5,-12,p9yXdSjYiLM4v0e+dkhGasiWteo=,bTD0vTJoiVCEo+zotXtXfXhe1QI=
4,-14,p9yXdSjYiLM4v0e+dkhGasiWteo=,bTD0vTJoiVCEo+zotXtXfXhe1QI=
2,-13,p9yXdSjYiLM4v0e+dkhGasiWteo=,bTD0vTJoiVCEo+zotXtXfXhe1QI=
6,-12,p9yXdSjYiLM4v0e+dkhGasiWteo=,bTD0vTJoiVCEo+zotXtXfXhe1QI=
2,-14,p9yXdSjYiLM4v0e+dkhGasiWteo=,bTD0vTJoiVCEo+zotXtXfXhe1QI=
6,-15,p9yXdSjYiLM4v0e+dkhGasiWteo=,bTD0vTJoiVCEo+zotXtXfXhe1QI=
5,-15,p9yXdSjYiLM4v0e+dkhGasiWteo=,bTD0vTJoiVCEo+zotXtXfXhe1QI=
1,-13,p9yXdSjYiLM4v0e+dkhGasiWteo=,bTD0vTJoiVCEo+zotXtXfXhe1QI=
3,-10,p9yXdSjYiLM4v0e+dkhGasiWteo=,bTD0vTJoiVCEo+zotXtXfXhe1QI=
1,-11,p9yXdSjYiLM4v0e+dkhGasiWteo=,bTD0vTJoiVCEo+zotXtXfXhe1QI=
2,-11,p9yXdSjYiLM4v0e+dkhGasiWteo=,bTD0vTJoiVCEo+zotXtXfXhe1QI=
3,-11,p9yXdSjYiLM4v0e+dkhGasiWteo=,bTD0vTJoiVCEo+zotXtXfXhe1QI=
4,-11,p9yXdSjYiLM4v0e+dkhGasiWteo=,bTD0vTJoiVCEo+zotXtXfXhe1QI=
5,-11,p9yXdSjYiLM4v0e+dkhGasiWteo=,bTD0vTJoiVCEo+zotXtXfXhe1QI=
6,-11,p9yXdSjYiLM4v0e+dkhGasiWteo=,bTD0vTJoiVCEo+zotXtXfXhe1QI=
2,-15,p9yXdSjYiLM4v0e+dkhGasiWteo=,bTD0vTJoiVCEo+zotXtXfXhe1QI=
1,-15,p9yXdSjYiLM4v0e+dkhGasiWteo=,bTD0vTJoiVCEo+zotXtXfXhe1QI=
3,-14,p9yXdSjYiLM4v0e+dkhGasiWteo=,bTD0vTJoiVCEo+zotXtXfXhe1QI=
3,-15,p9yXdSjYiLM4v0e+dkhGasiWteo=,bTD0vTJoiVCEo+zotXtXfXhe1QI=
4,-15,p9yXdSjYiLM4v0e+dkhGasiWteo=,bTD0vTJoiVCEo+zotXtXfXhe1QI=
2,-10,p9yXdSjYiLM4v0e+dkhGasiWteo=,bTD0vTJoiVCEo+zotXtXfXhe1QI=
1,-10,p9yXdSjYiLM4v0e+dkhGasiWteo=,bTD0vTJoiVCEo+zotXtXfXhe1QI=
0,-14,CH8p6ncDLVC16xLLtsEbZKQu7So=,bTD0vTJoiVCEo+zotXtXfXhe1QI=
0,-15,CH8p6ncDLVC16xLLtsEbZKQu7So=,bTD0vTJoiVCEo+zotXtXfXhe1QI=
0,-13,CH8p6ncDLVC16xLLtsEbZKQu7So=,bTD0vTJoiVCEo+zotXtXfXhe1QI=
0,-10,CH8p6ncDLVC16xLLtsEbZKQu7So=,bTD0vTJoiVCEo+zotXtXfXhe1QI=
0,-12,sOBeKSeF56DlPGIqQ3v7eiYFLRk=,bTD0vTJoiVCEo+zotXtXfXhe1QI=
0,-11,sOBeKSeF56DlPGIqQ3v7eiYFLRk=,bTD0vTJoiVCEo+zotXtXfXhe1QI=
7,-13,sOBeKSeF56DlPGIqQ3v7eiYFLRk=,bTD0vTJoiVCEo+zotXtXfXhe1QI=
7,-14,sOBeKSeF56DlPGIqQ3v7eiYFLRk=,bTD0vTJoiVCEo+zotXtXfXhe1QI=
7,-12,sOBeKSeF56DlPGIqQ3v7eiYFLRk=,bTD0vTJoiVCEo+zotXtXfXhe1QI=
7,-11,sOBeKSeF56DlPGIqQ3v7eiYFLRk=,bTD0vTJoiVCEo+zotXtXfXhe1QI=
12,-13,sOBeKSeF56DlPGIqQ3v7eiYFLRk=,6b4qAWzi/OyG2BUrxiHJbGFFIlc=
13,-13,sOBeKSeF56DlPGIqQ3v7eiYFLRk=,6b4qAWzi/OyG2BUrxiHJbGFFIlc=
11,-13,sOBeKSeF56DlPGIqQ3v7eiYFLRk=,6b4qAWzi/OyG2BUrxiHJbGFFIlc=
10,-13,sOBeKSeF56DlPGIqQ3v7eiYFLRk=,6b4qAWzi/OyG2BUrxiHJbGFFIlc=
14,-13,sOBeKSeF56DlPGIqQ3v7eiYFLRk=,6b4qAWzi/OyG2BUrxiHJbGFFIlc=
15,-14,sOBeKSeF56DlPGIqQ3v7eiYFLRk=,6b4qAWzi/OyG2BUrxiHJbGFFIlc=
13,-14,sOBeKSeF56DlPGIqQ3v7eiYFLRk=,6b4qAWzi/OyG2BUrxiHJbGFFIlc=
9,-13,sOBeKSeF56DlPGIqQ3v7eiYFLRk=,6b4qAWzi/OyG2BUrxiHJbGFFIlc=
9,-14,sOBeKSeF56DlPGIqQ3v7eiYFLRk=,6b4qAWzi/OyG2BUrxiHJbGFFIlc=
15,-15,sOBeKSeF56DlPGIqQ3v7eiYFLRk=,6b4qAWzi/OyG2BUrxiHJbGFFIlc=
14,-15,sOBeKSeF56DlPGIqQ3v7eiYFLRk=,6b4qAWzi/OyG2BUrxiHJbGFFIlc=
12,-15,sOBeKSeF56DlPGIqQ3v7eiYFLRk=,6b4qAWzi/OyG2BUrxiHJbGFFIlc=
15,-13,sOBeKSeF56DlPGIqQ3v7eiYFLRk=,6b4qAWzi/OyG2BUrxiHJbGFFIlc=
11,-15,sOBeKSeF56DlPGIqQ3v7eiYFLRk=,6b4qAWzi/OyG2BUrxiHJbGFFIlc=
9,-15,sOBeKSeF56DlPGIqQ3v7eiYFLRk=,6b4qAWzi/OyG2BUrxiHJbGFFIlc=
8,-15,sOBeKSeF56DlPGIqQ3v7eiYFLRk=,6b4qAWzi/OyG2BUrxiHJbGFFIlc=
14,-16,sOBeKSeF56DlPGIqQ3v7eiYFLRk=,6b4qAWzi/OyG2BUrxiHJbGFFIlc=
13,-16,sOBeKSeF56DlPGIqQ3v7eiYFLRk=,6b4qAWzi/OyG2BUrxiHJbGFFIlc=
7,-10,sOBeKSeF56DlPGIqQ3v7eiYFLRk=,bTD0vTJoiVCEo+zotXtXfXhe1QI=
12,-16,sOBeKSeF56DlPGIqQ3v7eiYFLRk=,6b4qAWzi/OyG2BUrxiHJbGFFIlc=
15,-10,sOBeKSeF56DlPGIqQ3v7eiYFLRk=,6b4qAWzi/OyG2BUrxiHJbGFFIlc=
11,-16,sOBeKSeF56DlPGIqQ3v7eiYFLRk=,6b4qAWzi/OyG2BUrxiHJbGFFIlc=
14,-10,sOBeKSeF56DlPGIqQ3v7eiYFLRk=,6b4qAWzi/OyG2BUrxiHJbGFFIlc=
10,-16,sOBeKSeF56DlPGIqQ3v7eiYFLRk=,6b4qAWzi/OyG2BUrxiHJbGFFIlc=
9,-16,sOBeKSeF56DlPGIqQ3v7eiYFLRk=,6b4qAWzi/OyG2BUrxiHJbGFFIlc=
11,-14,sOBeKSeF56DlPGIqQ3v7eiYFLRk=,6b4qAWzi/OyG2BUrxiHJbGFFIlc=
12,-14,sOBeKSeF56DlPGIqQ3v7eiYFLRk=,6b4qAWzi/OyG2BUrxiHJbGFFIlc=
10,-14,sOBeKSeF56DlPGIqQ3v7eiYFLRk=,6b4qAWzi/OyG2BUrxiHJbGFFIlc=
12,-10,sOBeKSeF56DlPGIqQ3v7eiYFLRk=,6b4qAWzi/OyG2BUrxiHJbGFFIlc=
15,-11,sOBeKSeF56DlPGIqQ3v7eiYFLRk=,6b4qAWzi/OyG2BUrxiHJbGFFIlc=
14,-14,sOBeKSeF56DlPGIqQ3v7eiYFLRk=,6b4qAWzi/OyG2BUrxiHJbGFFIlc=
7,-15,sOBeKSeF56DlPGIqQ3v7eiYFLRk=,bTD0vTJoiVCEo+zotXtXfXhe1QI=
8,-12,sOBeKSeF56DlPGIqQ3v7eiYFLRk=,6b4qAWzi/OyG2BUrxiHJbGFFIlc=
10,-15,sOBeKSeF56DlPGIqQ3v7eiYFLRk=,6b4qAWzi/OyG2BUrxiHJbGFFIlc=
9,-12,sOBeKSeF56DlPGIqQ3v7eiYFLRk=,6b4qAWzi/OyG2BUrxiHJbGFFIlc=
14,-11,sOBeKSeF56DlPGIqQ3v7eiYFLRk=,6b4qAWzi/OyG2BUrxiHJbGFFIlc=
8,-14,sOBeKSeF56DlPGIqQ3v7eiYFLRk=,6b4qAWzi/OyG2BUrxiHJbGFFIlc=
11,-11,sOBeKSeF56DlPGIqQ3v7eiYFLRk=,6b4qAWzi/OyG2BUrxiHJbGFFIlc=
8,-13,sOBeKSeF56DlPGIqQ3v7eiYFLRk=,6b4qAWzi/OyG2BUrxiHJbGFFIlc=
12,-11,sOBeKSeF56DlPGIqQ3v7eiYFLRk=,6b4qAWzi/OyG2BUrxiHJbGFFIlc=
15,-12,sOBeKSeF56DlPGIqQ3v7eiYFLRk=,6b4qAWzi/OyG2BUrxiHJbGFFIlc=
9,-10,sOBeKSeF56DlPGIqQ3v7eiYFLRk=,6b4qAWzi/OyG2BUrxiHJbGFFIlc=
10,-11,sOBeKSeF56DlPGIqQ3v7eiYFLRk=,6b4qAWzi/OyG2BUrxiHJbGFFIlc=
13,-12,sOBeKSeF56DlPGIqQ3v7eiYFLRk=,6b4qAWzi/OyG2BUrxiHJbGFFIlc=
13,-15,sOBeKSeF56DlPGIqQ3v7eiYFLRk=,6b4qAWzi/OyG2BUrxiHJbGFFIlc=
13,-10,sOBeKSeF56DlPGIqQ3v7eiYFLRk=,6b4qAWzi/OyG2BUrxiHJbGFFIlc=
10,-12,sOBeKSeF56DlPGIqQ3v7eiYFLRk=,6b4qAWzi/OyG2BUrxiHJbGFFIlc=
11,-10,sOBeKSeF56DlPGIqQ3v7eiYFLRk=,6b4qAWzi/OyG2BUrxiHJbGFFIlc=
9,-11,sOBeKSeF56DlPGIqQ3v7eiYFLRk=,6b4qAWzi/OyG2BUrxiHJbGFFIlc=
8,-10,sOBeKSeF56DlPGIqQ3v7eiYFLRk=,6b4qAWzi/OyG2BUrxiHJbGFFIlc=
13,-11,sOBeKSeF56DlPGIqQ3v7eiYFLRk=,6b4qAWzi/OyG2BUrxiHJbGFFIlc=
8,-11,sOBeKSeF56DlPGIqQ3v7eiYFLRk=,6b4qAWzi/OyG2BUrxiHJbGFFIlc=
12,-12,sOBeKSeF56DlPGIqQ3v7eiYFLRk=,6b4qAWzi/OyG2BUrxiHJbGFFIlc=
14,-12,sOBeKSeF56DlPGIqQ3v7eiYFLRk=,6b4qAWzi/OyG2BUrxiHJbGFFIlc=
11,-12,sOBeKSeF56DlPGIqQ3v7eiYFLRk=,6b4qAWzi/OyG2BUrxiHJbGFFIlc=
1,-16,sOBeKSeF56DlPGIqQ3v7eiYFLRk=,bTD0vTJoiVCEo+zotXtXfXhe1QI=
4,-16,sOBeKSeF56DlPGIqQ3v7eiYFLRk=,bTD0vTJoiVCEo+zotXtXfXhe1QI=
5,-16,sOBeKSeF56DlPGIqQ3v7eiYFLRk=,bTD0vTJoiVCEo+zotXtXfXhe1QI=
8,-16,sOBeKSeF56DlPGIqQ3v7eiYFLRk=,6b4qAWzi/OyG2BUrxiHJbGFFIlc=
3,-16,sOBeKSeF56DlPGIqQ3v7eiYFLRk=,bTD0vTJoiVCEo+zotXtXfXhe1QI=
2,-16,sOBeKSeF56DlPGIqQ3v7eiYFLRk=,bTD0vTJoiVCEo+zotXtXfXhe1QI=
7,-16,sOBeKSeF56DlPGIqQ3v7eiYFLRk=,bTD0vTJoiVCEo+zotXtXfXhe1QI=
6,-16,sOBeKSeF56DlPGIqQ3v7eiYFLRk=,bTD0vTJoiVCEo+zotXtXfXhe1QI=
15,-16,sOBeKSeF56DlPGIqQ3v7eiYFLRk=,6b4qAWzi/OyG2BUrxiHJbGFFIlc=
0,-16,sOBeKSeF56DlPGIqQ3v7eiYFLRk=,bTD0vTJoiVCEo+zotXtXfXhe1QI=
10,-10,sOBeKSeF56DlPGIqQ3v7eiYFLRk=,6b4qAWzi/OyG2BUrxiHJbGFFIlc=
12,-3,m8XUf5L8OtKJPmX4vOrLVRR4r18=,0HcEmGVfhpPnzdcnRtbeXl4YbOs=
15,-9,m8XUf5L8OtKJPmX4vOrLVRR4r18=,6b4qAWzi/OyG2BUrxiHJbGFFIlc=
14,-9,GrZlyXj8SoQwxUr9hfNWZ2T4354=,6b4qAWzi/OyG2BUrxiHJbGFFIlc=
11,-3,GrZlyXj8SoQwxUr9hfNWZ2T4354=,0HcEmGVfhpPnzdcnRtbeXl4YbOs=
13,-9,GrZlyXj8SoQwxUr9hfNWZ2T4354=,6b4qAWzi/OyG2BUrxiHJbGFFIlc=
12,-9,GrZlyXj8SoQwxUr9hfNWZ2T4354=,6b4qAWzi/OyG2BUrxiHJbGFFIlc=
9,-3,GrZlyXj8SoQwxUr9hfNWZ2T4354=,0HcEmGVfhpPnzdcnRtbeXl4YbOs=
11,-9,GrZlyXj8SoQwxUr9hfNWZ2T4354=,6b4qAWzi/OyG2BUrxiHJbGFFIlc=
10,-3,GrZlyXj8SoQwxUr9hfNWZ2T4354=,0HcEmGVfhpPnzdcnRtbeXl4YbOs=
14,-4,GrZlyXj8SoQwxUr9hfNWZ2T4354=,0HcEmGVfhpPnzdcnRtbeXl4YbOs=
13,-4,GrZlyXj8SoQwxUr9hfNWZ2T4354=,0HcEmGVfhpPnzdcnRtbeXl4YbOs=
12,-4,GrZlyXj8SoQwxUr9hfNWZ2T4354=,0HcEmGVfhpPnzdcnRtbeXl4YbOs=
15,-4,GrZlyXj8SoQwxUr9hfNWZ2T4354=,0HcEmGVfhpPnzdcnRtbeXl4YbOs=
10,-9,GrZlyXj8SoQwxUr9hfNWZ2T4354=,6b4qAWzi/OyG2BUrxiHJbGFFIlc=
11,-4,GrZlyXj8SoQwxUr9hfNWZ2T4354=,0HcEmGVfhpPnzdcnRtbeXl4YbOs=
10,-4,GrZlyXj8SoQwxUr9hfNWZ2T4354=,0HcEmGVfhpPnzdcnRtbeXl4YbOs=
9,-9,GrZlyXj8SoQwxUr9hfNWZ2T4354=,6b4qAWzi/OyG2BUrxiHJbGFFIlc=
15,-5,GrZlyXj8SoQwxUr9hfNWZ2T4354=,0HcEmGVfhpPnzdcnRtbeXl4YbOs=
9,-4,GrZlyXj8SoQwxUr9hfNWZ2T4354=,0HcEmGVfhpPnzdcnRtbeXl4YbOs=
14,-5,GrZlyXj8SoQwxUr9hfNWZ2T4354=,0HcEmGVfhpPnzdcnRtbeXl4YbOs=
12,-5,GrZlyXj8SoQwxUr9hfNWZ2T4354=,0HcEmGVfhpPnzdcnRtbeXl4YbOs=
11,-5,GrZlyXj8SoQwxUr9hfNWZ2T4354=,0HcEmGVfhpPnzdcnRtbeXl4YbOs=
13,-5,GrZlyXj8SoQwxUr9hfNWZ2T4354=,0HcEmGVfhpPnzdcnRtbeXl4YbOs=
9,-5,GrZlyXj8SoQwxUr9hfNWZ2T4354=,0HcEmGVfhpPnzdcnRtbeXl4YbOs=
10,-5,GrZlyXj8SoQwxUr9hfNWZ2T4354=,0HcEmGVfhpPnzdcnRtbeXl4YbOs=
15,-6,GrZlyXj8SoQwxUr9hfNWZ2T4354=,0HcEmGVfhpPnzdcnRtbeXl4YbOs=
13,-6,GrZlyXj8SoQwxUr9hfNWZ2T4354=,0HcEmGVfhpPnzdcnRtbeXl4YbOs=
14,-6,GrZlyXj8SoQwxUr9hfNWZ2T4354=,0HcEmGVfhpPnzdcnRtbeXl4YbOs=
12,-6,GrZlyXj8SoQwxUr9hfNWZ2T4354=,0HcEmGVfhpPnzdcnRtbeXl4YbOs=
11,-6,GrZlyXj8SoQwxUr9hfNWZ2T4354=,0HcEmGVfhpPnzdcnRtbeXl4YbOs=
14,-1,GrZlyXj8SoQwxUr9hfNWZ2T4354=,0HcEmGVfhpPnzdcnRtbeXl4YbOs=
15,-7,GrZlyXj8SoQwxUr9hfNWZ2T4354=,0HcEmGVfhpPnzdcnRtbeXl4YbOs=
13,-1,GrZlyXj8SoQwxUr9hfNWZ2T4354=,0HcEmGVfhpPnzdcnRtbeXl4YbOs=
12,-1,GrZlyXj8SoQwxUr9hfNWZ2T4354=,0HcEmGVfhpPnzdcnRtbeXl4YbOs=
12,-7,GrZlyXj8SoQwxUr9hfNWZ2T4354=,0HcEmGVfhpPnzdcnRtbeXl4YbOs=
15,-1,GrZlyXj8SoQwxUr9hfNWZ2T4354=,0HcEmGVfhpPnzdcnRtbeXl4YbOs=
10,-1,GrZlyXj8SoQwxUr9hfNWZ2T4354=,0HcEmGVfhpPnzdcnRtbeXl4YbOs=
11,-7,GrZlyXj8SoQwxUr9hfNWZ2T4354=,0HcEmGVfhpPnzdcnRtbeXl4YbOs=
9,-7,GrZlyXj8SoQwxUr9hfNWZ2T4354=,0HcEmGVfhpPnzdcnRtbeXl4YbOs=
10,-6,GrZlyXj8SoQwxUr9hfNWZ2T4354=,0HcEmGVfhpPnzdcnRtbeXl4YbOs=
15,-8,GrZlyXj8SoQwxUr9hfNWZ2T4354=,0HcEmGVfhpPnzdcnRtbeXl4YbOs=
15,-2,GrZlyXj8SoQwxUr9hfNWZ2T4354=,0HcEmGVfhpPnzdcnRtbeXl4YbOs=
11,-1,GrZlyXj8SoQwxUr9hfNWZ2T4354=,0HcEmGVfhpPnzdcnRtbeXl4YbOs=
11,-2,GrZlyXj8SoQwxUr9hfNWZ2T4354=,0HcEmGVfhpPnzdcnRtbeXl4YbOs=
14,-8,GrZlyXj8SoQwxUr9hfNWZ2T4354=,0HcEmGVfhpPnzdcnRtbeXl4YbOs=
13,-2,GrZlyXj8SoQwxUr9hfNWZ2T4354=,0HcEmGVfhpPnzdcnRtbeXl4YbOs=
10,-2,GrZlyXj8SoQwxUr9hfNWZ2T4354=,0HcEmGVfhpPnzdcnRtbeXl4YbOs=
13,-8,GrZlyXj8SoQwxUr9hfNWZ2T4354=,0HcEmGVfhpPnzdcnRtbeXl4YbOs=
14,-2,GrZlyXj8SoQwxUr9hfNWZ2T4354=,0HcEmGVfhpPnzdcnRtbeXl4YbOs=
10,-8,GrZlyXj8SoQwxUr9hfNWZ2T4354=,0HcEmGVfhpPnzdcnRtbeXl4YbOs=
12,-2,GrZlyXj8SoQwxUr9hfNWZ2T4354=,0HcEmGVfhpPnzdcnRtbeXl4YbOs=
9,-1,GrZlyXj8SoQwxUr9hfNWZ2T4354=,0HcEmGVfhpPnzdcnRtbeXl4YbOs=
14,-3,GrZlyXj8SoQwxUr9hfNWZ2T4354=,0HcEmGVfhpPnzdcnRtbeXl4YbOs=
13,-3,GrZlyXj8SoQwxUr9hfNWZ2T4354=,0HcEmGVfhpPnzdcnRtbeXl4YbOs=
10,-7,GrZlyXj8SoQwxUr9hfNWZ2T4354=,0HcEmGVfhpPnzdcnRtbeXl4YbOs=
14,-7,GrZlyXj8SoQwxUr9hfNWZ2T4354=,0HcEmGVfhpPnzdcnRtbeXl4YbOs=
12,-8,GrZlyXj8SoQwxUr9hfNWZ2T4354=,0HcEmGVfhpPnzdcnRtbeXl4YbOs=
9,-2,GrZlyXj8SoQwxUr9hfNWZ2T4354=,0HcEmGVfhpPnzdcnRtbeXl4YbOs=
9,-8,GrZlyXj8SoQwxUr9hfNWZ2T4354=,0HcEmGVfhpPnzdcnRtbeXl4YbOs=
15,-3,GrZlyXj8SoQwxUr9hfNWZ2T4354=,0HcEmGVfhpPnzdcnRtbeXl4YbOs=
11,-8,GrZlyXj8SoQwxUr9hfNWZ2T4354=,0HcEmGVfhpPnzdcnRtbeXl4YbOs=
4,-5,GrZlyXj8SoQwxUr9hfNWZ2T4354=,uy9KMI1ePy41M4hk30U/AfYH3nU=
7,-9,GrZlyXj8SoQwxUr9hfNWZ2T4354=,bTD0vTJoiVCEo+zotXtXfXhe1QI=
7,-1,GrZlyXj8SoQwxUr9hfNWZ2T4354=,uy9KMI1ePy41M4hk30U/AfYH3nU=
6,-9,GrZlyXj8SoQwxUr9hfNWZ2T4354=,bTD0vTJoiVCEo+zotXtXfXhe1QI=
3,-5,GrZlyXj8SoQwxUr9hfNWZ2T4354=,uy9KMI1ePy41M4hk30U/AfYH3nU=
8,-3,GrZlyXj8SoQwxUr9hfNWZ2T4354=,0HcEmGVfhpPnzdcnRtbeXl4YbOs=
5,-1,GrZlyXj8SoQwxUr9hfNWZ2T4354=,uy9KMI1ePy41M4hk30U/AfYH3nU=
4,-1,GrZlyXj8SoQwxUr9hfNWZ2T4354=,uy9KMI1ePy41M4hk30U/AfYH3nU=
8,-4,GrZlyXj8SoQwxUr9hfNWZ2T4354=,0HcEmGVfhpPnzdcnRtbeXl4YbOs=
2,-5,GrZlyXj8SoQwxUr9hfNWZ2T4354=,uy9KMI1ePy41M4hk30U/AfYH3nU=
3,-1,GrZlyXj8SoQwxUr9hfNWZ2T4354=,uy9KMI1ePy41M4hk30U/AfYH3nU=
2,-9,GrZlyXj8SoQwxUr9hfNWZ2T4354=,bTD0vTJoiVCEo+zotXtXfXhe1QI=
8,-9,GrZlyXj8SoQwxUr9hfNWZ2T4354=,6b4qAWzi/OyG2BUrxiHJbGFFIlc=
3,-9,GrZlyXj8SoQwxUr9hfNWZ2T4354=,bTD0vTJoiVCEo+zotXtXfXhe1QI=
8,-5,GrZlyXj8SoQwxUr9hfNWZ2T4354=,0HcEmGVfhpPnzdcnRtbeXl4YbOs=
5,-5,GrZlyXj8SoQwxUr9hfNWZ2T4354=,uy9KMI1ePy41M4hk30U/AfYH3nU=
5,-9,GrZlyXj8SoQwxUr9hfNWZ2T4354=,bTD0vTJoiVCEo+zotXtXfXhe1QI=
6,-1,GrZlyXj8SoQwxUr9hfNWZ2T4354=,uy9KMI1ePy41M4hk30U/AfYH3nU=
4,-9,GrZlyXj8SoQwxUr9hfNWZ2T4354=,bTD0vTJoiVCEo+zotXtXfXhe1QI=
1,-5,GrZlyXj8SoQwxUr9hfNWZ2T4354=,uy9KMI1ePy41M4hk30U/AfYH3nU=
2,-1,GrZlyXj8SoQwxUr9hfNWZ2T4354=,uy9KMI1ePy41M4hk30U/AfYH3nU=
0,-1,GrZlyXj8SoQwxUr9hfNWZ2T4354=,uy9KMI1ePy41M4hk30U/AfYH3nU=
1,-9,GrZlyXj8SoQwxUr9hfNWZ2T4354=,bTD0vTJoiVCEo+zotXtXfXhe1QI=
1,-1,GrZlyXj8SoQwxUr9hfNWZ2T4354=,uy9KMI1ePy41M4hk30U/AfYH3nU=
6,-5,GrZlyXj8SoQwxUr9hfNWZ2T4354=,uy9KMI1ePy41M4hk30U/AfYH3nU=
1,-8,GrZlyXj8SoQwxUr9hfNWZ2T4354=,uy9KMI1ePy41M4hk30U/AfYH3nU=
2,-8,GrZlyXj8SoQwxUr9hfNWZ2T4354=,uy9KMI1ePy41M4hk30U/AfYH3nU=
0,-8,GrZlyXj8SoQwxUr9hfNWZ2T4354=,uy9KMI1ePy41M4hk30U/AfYH3nU=
4,-8,GrZlyXj8SoQwxUr9hfNWZ2T4354=,uy9KMI1ePy41M4hk30U/AfYH3nU=
5,-8,GrZlyXj8SoQwxUr9hfNWZ2T4354=,uy9KMI1ePy41M4hk30U/AfYH3nU=
6,-8,GrZlyXj8SoQwxUr9hfNWZ2T4354=,uy9KMI1ePy41M4hk30U/AfYH3nU=
3,-8,GrZlyXj8SoQwxUr9hfNWZ2T4354=,uy9KMI1ePy41M4hk30U/AfYH3nU=
0,-7,GrZlyXj8SoQwxUr9hfNWZ2T4354=,uy9KMI1ePy41M4hk30U/AfYH3nU=
1,-7,GrZlyXj8SoQwxUr9hfNWZ2T4354=,uy9KMI1ePy41M4hk30U/AfYH3nU=
7,-5,GrZlyXj8SoQwxUr9hfNWZ2T4354=,uy9KMI1ePy41M4hk30U/AfYH3nU=
0,-4,GrZlyXj8SoQwxUr9hfNWZ2T4354=,uy9KMI1ePy41M4hk30U/AfYH3nU=
4,-7,GrZlyXj8SoQwxUr9hfNWZ2T4354=,uy9KMI1ePy41M4hk30U/AfYH3nU=
2,-7,GrZlyXj8SoQwxUr9hfNWZ2T4354=,uy9KMI1ePy41M4hk30U/AfYH3nU=
5,-7,GrZlyXj8SoQwxUr9hfNWZ2T4354=,uy9KMI1ePy41M4hk30U/AfYH3nU=
2,-4,GrZlyXj8SoQwxUr9hfNWZ2T4354=,uy9KMI1ePy41M4hk30U/AfYH3nU=
1,-4,GrZlyXj8SoQwxUr9hfNWZ2T4354=,uy9KMI1ePy41M4hk30U/AfYH3nU=
6,-7,GrZlyXj8SoQwxUr9hfNWZ2T4354=,uy9KMI1ePy41M4hk30U/AfYH3nU=
3,-4,GrZlyXj8SoQwxUr9hfNWZ2T4354=,uy9KMI1ePy41M4hk30U/AfYH3nU=
7,-8,GrZlyXj8SoQwxUr9hfNWZ2T4354=,uy9KMI1ePy41M4hk30U/AfYH3nU=
3,-7,GrZlyXj8SoQwxUr9hfNWZ2T4354=,uy9KMI1ePy41M4hk30U/AfYH3nU=
7,-4,GrZlyXj8SoQwxUr9hfNWZ2T4354=,uy9KMI1ePy41M4hk30U/AfYH3nU=
4,-4,GrZlyXj8SoQwxUr9hfNWZ2T4354=,uy9KMI1ePy41M4hk30U/AfYH3nU=
6,-4,GrZlyXj8SoQwxUr9hfNWZ2T4354=,uy9KMI1ePy41M4hk30U/AfYH3nU=
5,-4,GrZlyXj8SoQwxUr9hfNWZ2T4354=,uy9KMI1ePy41M4hk30U/AfYH3nU=
0,-6,GrZlyXj8SoQwxUr9hfNWZ2T4354=,uy9KMI1ePy41M4hk30U/AfYH3nU=
8,-2,GrZlyXj8SoQwxUr9hfNWZ2T4354=,0HcEmGVfhpPnzdcnRtbeXl4YbOs=
7,-7,GrZlyXj8SoQwxUr9hfNWZ2T4354=,uy9KMI1ePy41M4hk30U/AfYH3nU=
2,-3,GrZlyXj8SoQwxUr9hfNWZ2T4354=,uy9KMI1ePy41M4hk30U/AfYH3nU=
0,-3,GrZlyXj8SoQwxUr9hfNWZ2T4354=,uy9KMI1ePy41M4hk30U/AfYH3nU=
8,-8,GrZlyXj8SoQwxUr9hfNWZ2T4354=,0HcEmGVfhpPnzdcnRtbeXl4YbOs=
1,-3,GrZlyXj8SoQwxUr9hfNWZ2T4354=,uy9KMI1ePy41M4hk30U/AfYH3nU=
1,-6,GrZlyXj8SoQwxUr9hfNWZ2T4354=,uy9KMI1ePy41M4hk30U/AfYH3nU=
3,-3,GrZlyXj8SoQwxUr9hfNWZ2T4354=,uy9KMI1ePy41M4hk30U/AfYH3nU=
4,-6,GrZlyXj8SoQwxUr9hfNWZ2T4354=,uy9KMI1ePy41M4hk30U/AfYH3nU=
4,-3,GrZlyXj8SoQwxUr9hfNWZ2T4354=,uy9KMI1ePy41M4hk30U/AfYH3nU=
5,-3,GrZlyXj8SoQwxUr9hfNWZ2T4354=,uy9KMI1ePy41M4hk30U/AfYH3nU=
2,-6,GrZlyXj8SoQwxUr9hfNWZ2T4354=,uy9KMI1ePy41M4hk30U/AfYH3nU=
8,-7,GrZlyXj8SoQwxUr9hfNWZ2T4354=,0HcEmGVfhpPnzdcnRtbeXl4YbOs=
6,-3,GrZlyXj8SoQwxUr9hfNWZ2T4354=,uy9KMI1ePy41M4hk30U/AfYH3nU=
5,-6,GrZlyXj8SoQwxUr9hfNWZ2T4354=,uy9KMI1ePy41M4hk30U/AfYH3nU=
8,-1,GrZlyXj8SoQwxUr9hfNWZ2T4354=,0HcEmGVfhpPnzdcnRtbeXl4YbOs=
7,-3,GrZlyXj8SoQwxUr9hfNWZ2T4354=,uy9KMI1ePy41M4hk30U/AfYH3nU=
6,-6,GrZlyXj8SoQwxUr9hfNWZ2T4354=,uy9KMI1ePy41M4hk30U/AfYH3nU=
1,-2,GrZlyXj8SoQwxUr9hfNWZ2T4354=,uy9KMI1ePy41M4hk30U/AfYH3nU=
3,-6,GrZlyXj8SoQwxUr9hfNWZ2T4354=,uy9KMI1ePy41M4hk30U/AfYH3nU=
7,-6,GrZlyXj8SoQwxUr9hfNWZ2T4354=,uy9KMI1ePy41M4hk30U/AfYH3nU=
0,-2,GrZlyXj8SoQwxUr9hfNWZ2T4354=,uy9KMI1ePy41M4hk30U/AfYH3nU=
8,-6,GrZlyXj8SoQwxUr9hfNWZ2T4354=,0HcEmGVfhpPnzdcnRtbeXl4YbOs=
0,-9,GrZlyXj8SoQwxUr9hfNWZ2T4354=,bTD0vTJoiVCEo+zotXtXfXhe1QI=
5,-2,GrZlyXj8SoQwxUr9hfNWZ2T4354=,uy9KMI1ePy41M4hk30U/AfYH3nU=
3,-2,GrZlyXj8SoQwxUr9hfNWZ2T4354=,uy9KMI1ePy41M4hk30U/AfYH3nU=
2,-2,GrZlyXj8SoQwxUr9hfNWZ2T4354=,uy9KMI1ePy41M4hk30U/AfYH3nU=
0,-5,GrZlyXj8SoQwxUr9hfNWZ2T4354=,uy9KMI1ePy41M4hk30U/AfYH3nU=
7,-2,GrZlyXj8SoQwxUr9hfNWZ2T4354=,uy9KMI1ePy41M4hk30U/AfYH3nU=
6,-2,GrZlyXj8SoQwxUr9hfNWZ2T4354=,uy9KMI1ePy41M4hk30U/AfYH3nU=
4,-2,GrZlyXj8SoQwxUr9hfNWZ2T4354=,uy9KMI1ePy41M4hk30U/AfYH3nU=
13,-7,GrZlyXj8SoQwxUr9hfNWZ2T4354=,0HcEmGVfhpPnzdcnRtbeXl4YbOs=
9,-6,GrZlyXj8SoQwxUr9hfNWZ2T4354=,0HcEmGVfhpPnzdcnRtbeXl4YbOs=
28,-11,eMSUQioaufWsYi+kHRwNAoQLwhE=,TAEGpC0cd4dKQTbgvYgmGUP7FNY=
25,-15,eMSUQioaufWsYi+kHRwNAoQLwhE=,TAEGpC0cd4dKQTbgvYgmGUP7FNY=
26,-15,eMSUQioaufWsYi+kHRwNAoQLwhE=,TAEGpC0cd4dKQTbgvYgmGUP7FNY=
27,-11,eOlD7AnzWX6HmNhmMKnQ4AGdUyc=,TAEGpC0cd4dKQTbgvYgmGUP7FNY=
29,-11,eOlD7AnzWX6HmNhmMKnQ4AGdUyc=,TAEGpC0cd4dKQTbgvYgmGUP7FNY=
26,-11,T1QLz5P+RPsjG+kxg4vGoSonCgU=,TAEGpC0cd4dKQTbgvYgmGUP7FNY=
25,-11,T1QLz5P+RPsjG+kxg4vGoSonCgU=,TAEGpC0cd4dKQTbgvYgmGUP7FNY=
30,-12,T1QLz5P+RPsjG+kxg4vGoSonCgU=,TAEGpC0cd4dKQTbgvYgmGUP7FNY=
29,-12,T1QLz5P+RPsjG+kxg4vGoSonCgU=,TAEGpC0cd4dKQTbgvYgmGUP7FNY=
28,-12,T1QLz5P+RPsjG+kxg4vGoSonCgU=,TAEGpC0cd4dKQTbgvYgmGUP7FNY=
27,-12,T1QLz5P+RPsjG+kxg4vGoSonCgU=,TAEGpC0cd4dKQTbgvYgmGUP7FNY=
26,-12,T1QLz5P+RPsjG+kxg4vGoSonCgU=,TAEGpC0cd4dKQTbgvYgmGUP7FNY=
30,-13,T1QLz5P+RPsjG+kxg4vGoSonCgU=,TAEGpC0cd4dKQTbgvYgmGUP7FNY=
25,-12,T1QLz5P+RPsjG+kxg4vGoSonCgU=,TAEGpC0cd4dKQTbgvYgmGUP7FNY=
29,-13,T1QLz5P+RPsjG+kxg4vGoSonCgU=,TAEGpC0cd4dKQTbgvYgmGUP7FNY=
29,-9,T1QLz5P+RPsjG+kxg4vGoSonCgU=,TAEGpC0cd4dKQTbgvYgmGUP7FNY=
30,-9,T1QLz5P+RPsjG+kxg4vGoSonCgU=,TAEGpC0cd4dKQTbgvYgmGUP7FNY=
28,-13,T1QLz5P+RPsjG+kxg4vGoSonCgU=,TAEGpC0cd4dKQTbgvYgmGUP7FNY=
28,-9,T1QLz5P+RPsjG+kxg4vGoSonCgU=,TAEGpC0cd4dKQTbgvYgmGUP7FNY=
27,-13,T1QLz5P+RPsjG+kxg4vGoSonCgU=,TAEGpC0cd4dKQTbgvYgmGUP7FNY=
27,-9,T1QLz5P+RPsjG+kxg4vGoSonCgU=,TAEGpC0cd4dKQTbgvYgmGUP7FNY=
26,-9,T1QLz5P+RPsjG+kxg4vGoSonCgU=,TAEGpC0cd4dKQTbgvYgmGUP7FNY=
25,-9,T1QLz5P+RPsjG+kxg4vGoSonCgU=,TAEGpC0cd4dKQTbgvYgmGUP7FNY=
26,-13,T1QLz5P+RPsjG+kxg4vGoSonCgU=,TAEGpC0cd4dKQTbgvYgmGUP7FNY=
30,-10,T1QLz5P+RPsjG+kxg4vGoSonCgU=,TAEGpC0cd4dKQTbgvYgmGUP7FNY=
25,-13,T1QLz5P+RPsjG+kxg4vGoSonCgU=,TAEGpC0cd4dKQTbgvYgmGUP7FNY=
29,-10,T1QLz5P+RPsjG+kxg4vGoSonCgU=,TAEGpC0cd4dKQTbgvYgmGUP7FNY=
27,-10,T1QLz5P+RPsjG+kxg4vGoSonCgU=,TAEGpC0cd4dKQTbgvYgmGUP7FNY=
28,-10,T1QLz5P+RPsjG+kxg4vGoSonCgU=,TAEGpC0cd4dKQTbgvYgmGUP7FNY=
30,-14,T1QLz5P+RPsjG+kxg4vGoSonCgU=,TAEGpC0cd4dKQTbgvYgmGUP7FNY=
26,-10,T1QLz5P+RPsjG+kxg4vGoSonCgU=,TAEGpC0cd4dKQTbgvYgmGUP7FNY=
29,-14,T1QLz5P+RPsjG+kxg4vGoSonCgU=,TAEGpC0cd4dKQTbgvYgmGUP7FNY=
28,-14,T1QLz5P+RPsjG+kxg4vGoSonCgU=,TAEGpC0cd4dKQTbgvYgmGUP7FNY=
27,-14,T1QLz5P+RPsjG+kxg4vGoSonCgU=,TAEGpC0cd4dKQTbgvYgmGUP7FNY=
26,-14,T1QLz5P+RPsjG+kxg4vGoSonCgU=,TAEGpC0cd4dKQTbgvYgmGUP7FNY=
25,-14,T1QLz5P+RPsjG+kxg4vGoSonCgU=,TAEGpC0cd4dKQTbgvYgmGUP7FNY=
25,-10,T1QLz5P+RPsjG+kxg4vGoSonCgU=,TAEGpC0cd4dKQTbgvYgmGUP7FNY=
30,-15,T1QLz5P+RPsjG+kxg4vGoSonCgU=,TAEGpC0cd4dKQTbgvYgmGUP7FNY=
30,-11,T1QLz5P+RPsjG+kxg4vGoSonCgU=,TAEGpC0cd4dKQTbgvYgmGUP7FNY=
29,-15,T1QLz5P+RPsjG+kxg4vGoSonCgU=,TAEGpC0cd4dKQTbgvYgmGUP7FNY=
28,-15,T1QLz5P+RPsjG+kxg4vGoSonCgU=,TAEGpC0cd4dKQTbgvYgmGUP7FNY=
27,-15,T1QLz5P+RPsjG+kxg4vGoSonCgU=,TAEGpC0cd4dKQTbgvYgmGUP7FNY=
25,-16,T1QLz5P+RPsjG+kxg4vGoSonCgU=,TAEGpC0cd4dKQTbgvYgmGUP7FNY=
26,-16,T1QLz5P+RPsjG+kxg4vGoSonCgU=,TAEGpC0cd4dKQTbgvYgmGUP7FNY=
27,-16,T1QLz5P+RPsjG+kxg4vGoSonCgU=,TAEGpC0cd4dKQTbgvYgmGUP7FNY=
28,-16,T1QLz5P+RPsjG+kxg4vGoSonCgU=,TAEGpC0cd4dKQTbgvYgmGUP7FNY=
29,-16,T1QLz5P+RPsjG+kxg4vGoSonCgU=,TAEGpC0cd4dKQTbgvYgmGUP7FNY=
30,-16,T1QLz5P+RPsjG+kxg4vGoSonCgU=,TAEGpC0cd4dKQTbgvYgmGUP7FNY=
31,-11,T1QLz5P+RPsjG+kxg4vGoSonCgU=,TAEGpC0cd4dKQTbgvYgmGUP7FNY=
31,-15,T1QLz5P+RPsjG+kxg4vGoSonCgU=,TAEGpC0cd4dKQTbgvYgmGUP7FNY=
31,-14,T1QLz5P+RPsjG+kxg4vGoSonCgU=,TAEGpC0cd4dKQTbgvYgmGUP7FNY=
31,-10,T1QLz5P+RPsjG+kxg4vGoSonCgU=,TAEGpC0cd4dKQTbgvYgmGUP7FNY=
31,-13,T1QLz5P+RPsjG+kxg4vGoSonCgU=,TAEGpC0cd4dKQTbgvYgmGUP7FNY=
31,-12,T1QLz5P+RPsjG+kxg4vGoSonCgU=,TAEGpC0cd4dKQTbgvYgmGUP7FNY=
31,-9,T1QLz5P+RPsjG+kxg4vGoSonCgU=,TAEGpC0cd4dKQTbgvYgmGUP7FNY=
31,-16,T1QLz5P+RPsjG+kxg4vGoSonCgU=,TAEGpC0cd4dKQTbgvYgmGUP7FNY=
20,-1,llm1MDnZFxhx0ghVeMzX/N/vWGg=,FXgP7mxsO3Pt7nRFhm89MjUP8Zs=
19,-1,llm1MDnZFxhx0ghVeMzX/N/vWGg=,FXgP7mxsO3Pt7nRFhm89MjUP8Zs=
18,-1,llm1MDnZFxhx0ghVeMzX/N/vWGg=,FXgP7mxsO3Pt7nRFhm89MjUP8Zs=
17,-1,llm1MDnZFxhx0ghVeMzX/N/vWGg=,FXgP7mxsO3Pt7nRFhm89MjUP8Zs=
23,-2,llm1MDnZFxhx0ghVeMzX/N/vWGg=,FXgP7mxsO3Pt7nRFhm89MjUP8Zs=
22,-2,llm1MDnZFxhx0ghVeMzX/N/vWGg=,FXgP7mxsO3Pt7nRFhm89MjUP8Zs=
21,-2,llm1MDnZFxhx0ghVeMzX/N/vWGg=,FXgP7mxsO3Pt7nRFhm89MjUP8Zs=
20,-2,llm1MDnZFxhx0ghVeMzX/N/vWGg=,FXgP7mxsO3Pt7nRFhm89MjUP8Zs=
19,-2,llm1MDnZFxhx0ghVeMzX/N/vWGg=,FXgP7mxsO3Pt7nRFhm89MjUP8Zs=
18,-2,llm1MDnZFxhx0ghVeMzX/N/vWGg=,FXgP7mxsO3Pt7nRFhm89MjUP8Zs=
17,-2,llm1MDnZFxhx0ghVeMzX/N/vWGg=,FXgP7mxsO3Pt7nRFhm89MjUP8Zs=
16,-2,6DTvMRrckbk7CU/ZcrI3LgEpNDg=,FXgP7mxsO3Pt7nRFhm89MjUP8Zs=
23,-3,4tMVO8wMWyJwGconbwTrfuzaUw0=,FXgP7mxsO3Pt7nRFhm89MjUP8Zs=
22,-3,4tMVO8wMWyJwGconbwTrfuzaUw0=,FXgP7mxsO3Pt7nRFhm89MjUP8Zs=
21,-3,4tMVO8wMWyJwGconbwTrfuzaUw0=,FXgP7mxsO3Pt7nRFhm89MjUP8Zs=
20,-3,4tMVO8wMWyJwGconbwTrfuzaUw0=,FXgP7mxsO3Pt7nRFhm89MjUP8Zs=
19,-3,4tMVO8wMWyJwGconbwTrfuzaUw0=,FXgP7mxsO3Pt7nRFhm89MjUP8Zs=
16,-3,4tMVO8wMWyJwGconbwTrfuzaUw0=,FXgP7mxsO3Pt7nRFhm89MjUP8Zs=
23,-4,4tMVO8wMWyJwGconbwTrfuzaUw0=,FXgP7mxsO3Pt7nRFhm89MjUP8Zs=
22,-4,4tMVO8wMWyJwGconbwTrfuzaUw0=,FXgP7mxsO3Pt7nRFhm89MjUP8Zs=
21,-4,4tMVO8wMWyJwGconbwTrfuzaUw0=,FXgP7mxsO3Pt7nRFhm89MjUP8Zs=
20,-4,4tMVO8wMWyJwGconbwTrfuzaUw0=,FXgP7mxsO3Pt7nRFhm89MjUP8Zs=
17,-3,4tMVO8wMWyJwGconbwTrfuzaUw0=,FXgP7mxsO3Pt7nRFhm89MjUP8Zs=
19,-4,4tMVO8wMWyJwGconbwTrfuzaUw0=,FXgP7mxsO3Pt7nRFhm89MjUP8Zs=
16,-4,4tMVO8wMWyJwGconbwTrfuzaUw0=,FXgP7mxsO3Pt7nRFhm89MjUP8Zs=
17,-4,4tMVO8wMWyJwGconbwTrfuzaUw0=,FXgP7mxsO3Pt7nRFhm89MjUP8Zs=
17,-5,4tMVO8wMWyJwGconbwTrfuzaUw0=,FXgP7mxsO3Pt7nRFhm89MjUP8Zs=
23,-6,4tMVO8wMWyJwGconbwTrfuzaUw0=,FXgP7mxsO3Pt7nRFhm89MjUP8Zs=
22,-6,4tMVO8wMWyJwGconbwTrfuzaUw0=,FXgP7mxsO3Pt7nRFhm89MjUP8Zs=
21,-6,4tMVO8wMWyJwGconbwTrfuzaUw0=,FXgP7mxsO3Pt7nRFhm89MjUP8Zs=
16,-5,4tMVO8wMWyJwGconbwTrfuzaUw0=,FXgP7mxsO3Pt7nRFhm89MjUP8Zs=
19,-6,4tMVO8wMWyJwGconbwTrfuzaUw0=,FXgP7mxsO3Pt7nRFhm89MjUP8Zs=
18,-6,4tMVO8wMWyJwGconbwTrfuzaUw0=,FXgP7mxsO3Pt7nRFhm89MjUP8Zs=
23,-1,4tMVO8wMWyJwGconbwTrfuzaUw0=,FXgP7mxsO3Pt7nRFhm89MjUP8Zs=
23,-5,4tMVO8wMWyJwGconbwTrfuzaUw0=,FXgP7mxsO3Pt7nRFhm89MjUP8Zs=
18,-5,4tMVO8wMWyJwGconbwTrfuzaUw0=,FXgP7mxsO3Pt7nRFhm89MjUP8Zs=
23,-7,4tMVO8wMWyJwGconbwTrfuzaUw0=,FXgP7mxsO3Pt7nRFhm89MjUP8Zs=
22,-7,4tMVO8wMWyJwGconbwTrfuzaUw0=,FXgP7mxsO3Pt7nRFhm89MjUP8Zs=
21,-7,4tMVO8wMWyJwGconbwTrfuzaUw0=,FXgP7mxsO3Pt7nRFhm89MjUP8Zs=
20,-7,4tMVO8wMWyJwGconbwTrfuzaUw0=,FXgP7mxsO3Pt7nRFhm89MjUP8Zs=
19,-7,4tMVO8wMWyJwGconbwTrfuzaUw0=,FXgP7mxsO3Pt7nRFhm89MjUP8Zs=
16,-6,4tMVO8wMWyJwGconbwTrfuzaUw0=,FXgP7mxsO3Pt7nRFhm89MjUP8Zs=
19,-5,4tMVO8wMWyJwGconbwTrfuzaUw0=,FXgP7mxsO3Pt7nRFhm89MjUP8Zs=
22,-1,4tMVO8wMWyJwGconbwTrfuzaUw0=,FXgP7mxsO3Pt7nRFhm89MjUP8Zs=
20,-5,4tMVO8wMWyJwGconbwTrfuzaUw0=,FXgP7mxsO3Pt7nRFhm89MjUP8Zs=
21,-1,4tMVO8wMWyJwGconbwTrfuzaUw0=,FXgP7mxsO3Pt7nRFhm89MjUP8Zs=
21,-5,4tMVO8wMWyJwGconbwTrfuzaUw0=,FXgP7mxsO3Pt7nRFhm89MjUP8Zs=
16,-1,4tMVO8wMWyJwGconbwTrfuzaUw0=,FXgP7mxsO3Pt7nRFhm89MjUP8Zs=
22,-5,4tMVO8wMWyJwGconbwTrfuzaUw0=,FXgP7mxsO3Pt7nRFhm89MjUP8Zs=
18,-4,4tMVO8wMWyJwGconbwTrfuzaUw0=,FXgP7mxsO3Pt7nRFhm89MjUP8Zs=
18,-7,4tMVO8wMWyJwGconbwTrfuzaUw0=,FXgP7mxsO3Pt7nRFhm89MjUP8Zs=
17,-7,4tMVO8wMWyJwGconbwTrfuzaUw0=,FXgP7mxsO3Pt7nRFhm89MjUP8Zs=
18,-3,4tMVO8wMWyJwGconbwTrfuzaUw0=,FXgP7mxsO3Pt7nRFhm89MjUP8Zs=
16,-7,4tMVO8wMWyJwGconbwTrfuzaUw0=,FXgP7mxsO3Pt7nRFhm89MjUP8Zs=
20,-6,4tMVO8wMWyJwGconbwTrfuzaUw0=,FXgP7mxsO3Pt7nRFhm89MjUP8Zs=
17,-6,4tMVO8wMWyJwGconbwTrfuzaUw0=,FXgP7mxsO3Pt7nRFhm89MjUP8Zs=
20,-9,4tMVO8wMWyJwGconbwTrfuzaUw0=,d553E8al4ekfdxo8JQsAafkiECw=
21,-9,4tMVO8wMWyJwGconbwTrfuzaUw0=,d553E8al4ekfdxo8JQsAafkiECw=
22,-9,4tMVO8wMWyJwGconbwTrfuzaUw0=,d553E8al4ekfdxo8JQsAafkiECw=
23,-9,4tMVO8wMWyJwGconbwTrfuzaUw0=,d553E8al4ekfdxo8JQsAafkiECw=
16,-11,4tMVO8wMWyJwGconbwTrfuzaUw0=,d553E8al4ekfdxo8JQsAafkiECw=
22,-10,4tMVO8wMWyJwGconbwTrfuzaUw0=,d553E8al4ekfdxo8JQsAafkiECw=
16,-8,4tMVO8wMWyJwGconbwTrfuzaUw0=,FXgP7mxsO3Pt7nRFhm89MjUP8Zs=
17,-8,4tMVO8wMWyJwGconbwTrfuzaUw0=,FXgP7mxsO3Pt7nRFhm89MjUP8Zs=
18,-8,4tMVO8wMWyJwGconbwTrfuzaUw0=,FXgP7mxsO3Pt7nRFhm89MjUP8Zs=
19,-8,4tMVO8wMWyJwGconbwTrfuzaUw0=,FXgP7mxsO3Pt7nRFhm89MjUP8Zs=
20,-8,4tMVO8wMWyJwGconbwTrfuzaUw0=,FXgP7mxsO3Pt7nRFhm89MjUP8Zs=
21,-8,4tMVO8wMWyJwGconbwTrfuzaUw0=,FXgP7mxsO3Pt7nRFhm89MjUP8Zs=
22,-8,4tMVO8wMWyJwGconbwTrfuzaUw0=,FXgP7mxsO3Pt7nRFhm89MjUP8Zs=
23,-8,4tMVO8wMWyJwGconbwTrfuzaUw0=,FXgP7mxsO3Pt7nRFhm89MjUP8Zs=
17,-11,4tMVO8wMWyJwGconbwTrfuzaUw0=,d553E8al4ekfdxo8JQsAafkiECw=
23,-10,4tMVO8wMWyJwGconbwTrfuzaUw0=,d553E8al4ekfdxo8JQsAafkiECw=
16,-9,4tMVO8wMWyJwGconbwTrfuzaUw0=,d553E8al4ekfdxo8JQsAafkiECw=
16,-14,4tMVO8wMWyJwGconbwTrfuzaUw0=,d553E8al4ekfdxo8JQsAafkiECw=
18,-14,4tMVO8wMWyJwGconbwTrfuzaUw0=,d553E8al4ekfdxo8JQsAafkiECw=
19,-14,4tMVO8wMWyJwGconbwTrfuzaUw0=,d553E8al4ekfdxo8JQsAafkiECw=
20,-14,4tMVO8wMWyJwGconbwTrfuzaUw0=,d553E8al4ekfdxo8JQsAafkiECw=
21,-14,4tMVO8wMWyJwGconbwTrfuzaUw0=,d553E8al4ekfdxo8JQsAafkiECw=
22,-14,4tMVO8wMWyJwGconbwTrfuzaUw0=,d553E8al4ekfdxo8JQsAafkiECw=
23,-14,4tMVO8wMWyJwGconbwTrfuzaUw0=,d553E8al4ekfdxo8JQsAafkiECw=
16,-13,4tMVO8wMWyJwGconbwTrfuzaUw0=,d553E8al4ekfdxo8JQsAafkiECw=
16,-12,4tMVO8wMWyJwGconbwTrfuzaUw0=,d553E8al4ekfdxo8JQsAafkiECw=
24,-16,4tMVO8wMWyJwGconbwTrfuzaUw0=,TAEGpC0cd4dKQTbgvYgmGUP7FNY=
18,-11,4tMVO8wMWyJwGconbwTrfuzaUw0=,d553E8al4ekfdxo8JQsAafkiECw=
17,-12,4tMVO8wMWyJwGconbwTrfuzaUw0=,d553E8al4ekfdxo8JQsAafkiECw=
18,-12,4tMVO8wMWyJwGconbwTrfuzaUw0=,d553E8al4ekfdxo8JQsAafkiECw=
24,-15,4tMVO8wMWyJwGconbwTrfuzaUw0=,TAEGpC0cd4dKQTbgvYgmGUP7FNY=
17,-9,4tMVO8wMWyJwGconbwTrfuzaUw0=,d553E8al4ekfdxo8JQsAafkiECw=
19,-12,4tMVO8wMWyJwGconbwTrfuzaUw0=,d553E8al4ekfdxo8JQsAafkiECw=
18,-16,4tMVO8wMWyJwGconbwTrfuzaUw0=,d553E8al4ekfdxo8JQsAafkiECw=
16,-16,4tMVO8wMWyJwGconbwTrfuzaUw0=,d553E8al4ekfdxo8JQsAafkiECw=
18,-15,4tMVO8wMWyJwGconbwTrfuzaUw0=,d553E8al4ekfdxo8JQsAafkiECw=
19,-15,4tMVO8wMWyJwGconbwTrfuzaUw0=,d553E8al4ekfdxo8JQsAafkiECw=
20,-15,4tMVO8wMWyJwGconbwTrfuzaUw0=,d553E8al4ekfdxo8JQsAafkiECw=
19,-9,4tMVO8wMWyJwGconbwTrfuzaUw0=,d553E8al4ekfdxo8JQsAafkiECw=
21,-10,4tMVO8wMWyJwGconbwTrfuzaUw0=,d553E8al4ekfdxo8JQsAafkiECw=
21,-11,4tMVO8wMWyJwGconbwTrfuzaUw0=,d553E8al4ekfdxo8JQsAafkiECw=
23,-12,4tMVO8wMWyJwGconbwTrfuzaUw0=,d553E8al4ekfdxo8JQsAafkiECw=
24,-11,4tMVO8wMWyJwGconbwTrfuzaUw0=,TAEGpC0cd4dKQTbgvYgmGUP7FNY=
17,-15,4tMVO8wMWyJwGconbwTrfuzaUw0=,d553E8al4ekfdxo8JQsAafkiECw=
19,-10,4tMVO8wMWyJwGconbwTrfuzaUw0=,d553E8al4ekfdxo8JQsAafkiECw=
19,-16,4tMVO8wMWyJwGconbwTrfuzaUw0=,d553E8al4ekfdxo8JQsAafkiECw=
20,-12,4tMVO8wMWyJwGconbwTrfuzaUw0=,d553E8al4ekfdxo8JQsAafkiECw=
20,-16,4tMVO8wMWyJwGconbwTrfuzaUw0=,d553E8al4ekfdxo8JQsAafkiECw=
20,-11,4tMVO8wMWyJwGconbwTrfuzaUw0=,d553E8al4ekfdxo8JQsAafkiECw=
18,-10,4tMVO8wMWyJwGconbwTrfuzaUw0=,d553E8al4ekfdxo8JQsAafkiECw=
17,-10,4tMVO8wMWyJwGconbwTrfuzaUw0=,d553E8al4ekfdxo8JQsAafkiECw=
24,-12,4tMVO8wMWyJwGconbwTrfuzaUw0=,TAEGpC0cd4dKQTbgvYgmGUP7FNY=
16,-10,4tMVO8wMWyJwGconbwTrfuzaUw0=,d553E8al4ekfdxo8JQsAafkiECw=
19,-11,4tMVO8wMWyJwGconbwTrfuzaUw0=,d553E8al4ekfdxo8JQsAafkiECw=
17,-14,4tMVO8wMWyJwGconbwTrfuzaUw0=,d553E8al4ekfdxo8JQsAafkiECw=
22,-15,4tMVO8wMWyJwGconbwTrfuzaUw0=,d553E8al4ekfdxo8JQsAafkiECw=
23,-11,4tMVO8wMWyJwGconbwTrfuzaUw0=,d553E8al4ekfdxo8JQsAafkiECw=
21,-13,4tMVO8wMWyJwGconbwTrfuzaUw0=,d553E8al4ekfdxo8JQsAafkiECw=
24,-9,4tMVO8wMWyJwGconbwTrfuzaUw0=,TAEGpC0cd4dKQTbgvYgmGUP7FNY=
18,-9,4tMVO8wMWyJwGconbwTrfuzaUw0=,d553E8al4ekfdxo8JQsAafkiECw=
20,-13,4tMVO8wMWyJwGconbwTrfuzaUw0=,d553E8al4ekfdxo8JQsAafkiECw=
19,-13,4tMVO8wMWyJwGconbwTrfuzaUw0=,d553E8al4ekfdxo8JQsAafkiECw=
24,-14,4tMVO8wMWyJwGconbwTrfuzaUw0=,TAEGpC0cd4dKQTbgvYgmGUP7FNY=
24,-10,4tMVO8wMWyJwGconbwTrfuzaUw0=,TAEGpC0cd4dKQTbgvYgmGUP7FNY=
18,-13,4tMVO8wMWyJwGconbwTrfuzaUw0=,d553E8al4ekfdxo8JQsAafkiECw=
22,-11,4tMVO8wMWyJwGconbwTrfuzaUw0=,d553E8al4ekfdxo8JQsAafkiECw=
21,-15,4tMVO8wMWyJwGconbwTrfuzaUw0=,d553E8al4ekfdxo8JQsAafkiECw=
21,-12,4tMVO8wMWyJwGconbwTrfuzaUw0=,d553E8al4ekfdxo8JQsAafkiECw=
21,-16,4tMVO8wMWyJwGconbwTrfuzaUw0=,d553E8al4ekfdxo8JQsAafkiECw=
17,-13,4tMVO8wMWyJwGconbwTrfuzaUw0=,d553E8al4ekfdxo8JQsAafkiECw=
22,-12,4tMVO8wMWyJwGconbwTrfuzaUw0=,d553E8al4ekfdxo8JQsAafkiECw=
24,-13,4tMVO8wMWyJwGconbwTrfuzaUw0=,TAEGpC0cd4dKQTbgvYgmGUP7FNY=
16,-15,4tMVO8wMWyJwGconbwTrfuzaUw0=,d553E8al4ekfdxo8JQsAafkiECw=
23,-16,4tMVO8wMWyJwGconbwTrfuzaUw0=,d553E8al4ekfdxo8JQsAafkiECw=
20,-10,4tMVO8wMWyJwGconbwTrfuzaUw0=,d553E8al4ekfdxo8JQsAafkiECw=
23,-15,4tMVO8wMWyJwGconbwTrfuzaUw0=,d553E8al4ekfdxo8JQsAafkiECw=
22,-13,4tMVO8wMWyJwGconbwTrfuzaUw0=,d553E8al4ekfdxo8JQsAafkiECw=
22,-16,4tMVO8wMWyJwGconbwTrfuzaUw0=,d553E8al4ekfdxo8JQsAafkiECw=
23,-13,4tMVO8wMWyJwGconbwTrfuzaUw0=,d553E8al4ekfdxo8JQsAafkiECw=
17,-16,4tMVO8wMWyJwGconbwTrfuzaUw0=,d553E8al4ekfdxo8JQsAafkiECw=
28,-19,Gw2tThjuWaJSX+hbwD05XEkqlGA=,9+XZ3W/Clcvt+HgsOraL1fN7g8s=
27,-19,Gw2tThjuWaJSX+hbwD05XEkqlGA=,9+XZ3W/Clcvt+HgsOraL1fN7g8s=
26,-19,Gw2tThjuWaJSX+hbwD05XEkqlGA=,9+XZ3W/Clcvt+HgsOraL1fN7g8s=
25,-19,Gw2tThjuWaJSX+hbwD05XEkqlGA=,9+XZ3W/Clcvt+HgsOraL1fN7g8s=
31,-20,Gw2tThjuWaJSX+hbwD05XEkqlGA=,9+XZ3W/Clcvt+HgsOraL1fN7g8s=
30,-20,Gw2tThjuWaJSX+hbwD05XEkqlGA=,9+XZ3W/Clcvt+HgsOraL1fN7g8s=
29,-20,Gw2tThjuWaJSX+hbwD05XEkqlGA=,9+XZ3W/Clcvt+HgsOraL1fN7g8s=
28,-20,Gw2tThjuWaJSX+hbwD05XEkqlGA=,9+XZ3W/Clcvt+HgsOraL1fN7g8s=
27,-20,Gw2tThjuWaJSX+hbwD05XEkqlGA=,9+XZ3W/Clcvt+HgsOraL1fN7g8s=
26,-20,Gw2tThjuWaJSX+hbwD05XEkqlGA=,9+XZ3W/Clcvt+HgsOraL1fN7g8s=
25,-20,Gw2tThjuWaJSX+hbwD05XEkqlGA=,9+XZ3W/Clcvt+HgsOraL1fN7g8s=
31,-21,Gw2tThjuWaJSX+hbwD05XEkqlGA=,9+XZ3W/Clcvt+HgsOraL1fN7g8s=
30,-21,Gw2tThjuWaJSX+hbwD05XEkqlGA=,9+XZ3W/Clcvt+HgsOraL1fN7g8s=
29,-21,Gw2tThjuWaJSX+hbwD05XEkqlGA=,9+XZ3W/Clcvt+HgsOraL1fN7g8s=
28,-21,Gw2tThjuWaJSX+hbwD05XEkqlGA=,9+XZ3W/Clcvt+HgsOraL1fN7g8s=
27,-21,Gw2tThjuWaJSX+hbwD05XEkqlGA=,9+XZ3W/Clcvt+HgsOraL1fN7g8s=
26,-21,Gw2tThjuWaJSX+hbwD05XEkqlGA=,9+XZ3W/Clcvt+HgsOraL1fN7g8s=
31,-17,Gw2tThjuWaJSX+hbwD05XEkqlGA=,9+XZ3W/Clcvt+HgsOraL1fN7g8s=
30,-17,Gw2tThjuWaJSX+hbwD05XEkqlGA=,9+XZ3W/Clcvt+HgsOraL1fN7g8s=
25,-21,Gw2tThjuWaJSX+hbwD05XEkqlGA=,9+XZ3W/Clcvt+HgsOraL1fN7g8s=
29,-17,Gw2tThjuWaJSX+hbwD05XEkqlGA=,9+XZ3W/Clcvt+HgsOraL1fN7g8s=
28,-17,Gw2tThjuWaJSX+hbwD05XEkqlGA=,9+XZ3W/Clcvt+HgsOraL1fN7g8s=
27,-17,Gw2tThjuWaJSX+hbwD05XEkqlGA=,9+XZ3W/Clcvt+HgsOraL1fN7g8s=
31,-22,Gw2tThjuWaJSX+hbwD05XEkqlGA=,9+XZ3W/Clcvt+HgsOraL1fN7g8s=
26,-17,Gw2tThjuWaJSX+hbwD05XEkqlGA=,9+XZ3W/Clcvt+HgsOraL1fN7g8s=
30,-22,Gw2tThjuWaJSX+hbwD05XEkqlGA=,9+XZ3W/Clcvt+HgsOraL1fN7g8s=
29,-22,Gw2tThjuWaJSX+hbwD05XEkqlGA=,9+XZ3W/Clcvt+HgsOraL1fN7g8s=
28,-22,Gw2tThjuWaJSX+hbwD05XEkqlGA=,9+XZ3W/Clcvt+HgsOraL1fN7g8s=
25,-17,Gw2tThjuWaJSX+hbwD05XEkqlGA=,9+XZ3W/Clcvt+HgsOraL1fN7g8s=
27,-22,Gw2tThjuWaJSX+hbwD05XEkqlGA=,9+XZ3W/Clcvt+HgsOraL1fN7g8s=
26,-22,Gw2tThjuWaJSX+hbwD05XEkqlGA=,9+XZ3W/Clcvt+HgsOraL1fN7g8s=
31,-18,Gw2tThjuWaJSX+hbwD05XEkqlGA=,9+XZ3W/Clcvt+HgsOraL1fN7g8s=
30,-18,Gw2tThjuWaJSX+hbwD05XEkqlGA=,9+XZ3W/Clcvt+HgsOraL1fN7g8s=
25,-22,Gw2tThjuWaJSX+hbwD05XEkqlGA=,9+XZ3W/Clcvt+HgsOraL1fN7g8s=
31,-23,Gw2tThjuWaJSX+hbwD05XEkqlGA=,9+XZ3W/Clcvt+HgsOraL1fN7g8s=
30,-23,Gw2tThjuWaJSX+hbwD05XEkqlGA=,9+XZ3W/Clcvt+HgsOraL1fN7g8s=
29,-23,Gw2tThjuWaJSX+hbwD05XEkqlGA=,9+XZ3W/Clcvt+HgsOraL1fN7g8s=
29,-18,Gw2tThjuWaJSX+hbwD05XEkqlGA=,9+XZ3W/Clcvt+HgsOraL1fN7g8s=
28,-18,Gw2tThjuWaJSX+hbwD05XEkqlGA=,9+XZ3W/Clcvt+HgsOraL1fN7g8s=
28,-23,Gw2tThjuWaJSX+hbwD05XEkqlGA=,9+XZ3W/Clcvt+HgsOraL1fN7g8s=
27,-18,Gw2tThjuWaJSX+hbwD05XEkqlGA=,9+XZ3W/Clcvt+HgsOraL1fN7g8s=
26,-18,Gw2tThjuWaJSX+hbwD05XEkqlGA=,9+XZ3W/Clcvt+HgsOraL1fN7g8s=
31,-19,Gw2tThjuWaJSX+hbwD05XEkqlGA=,9+XZ3W/Clcvt+HgsOraL1fN7g8s=
27,-23,Gw2tThjuWaJSX+hbwD05XEkqlGA=,9+XZ3W/Clcvt+HgsOraL1fN7g8s=
30,-19,Gw2tThjuWaJSX+hbwD05XEkqlGA=,9+XZ3W/Clcvt+HgsOraL1fN7g8s=
26,-23,Gw2tThjuWaJSX+hbwD05XEkqlGA=,9+XZ3W/Clcvt+HgsOraL1fN7g8s=
25,-23,Gw2tThjuWaJSX+hbwD05XEkqlGA=,9+XZ3W/Clcvt+HgsOraL1fN7g8s=
31,-24,Gw2tThjuWaJSX+hbwD05XEkqlGA=,9+XZ3W/Clcvt+HgsOraL1fN7g8s=
30,-24,Gw2tThjuWaJSX+hbwD05XEkqlGA=,9+XZ3W/Clcvt+HgsOraL1fN7g8s=
29,-24,Gw2tThjuWaJSX+hbwD05XEkqlGA=,9+XZ3W/Clcvt+HgsOraL1fN7g8s=
29,-19,Gw2tThjuWaJSX+hbwD05XEkqlGA=,9+XZ3W/Clcvt+HgsOraL1fN7g8s=
28,-24,Gw2tThjuWaJSX+hbwD05XEkqlGA=,9+XZ3W/Clcvt+HgsOraL1fN7g8s=
27,-24,Gw2tThjuWaJSX+hbwD05XEkqlGA=,9+XZ3W/Clcvt+HgsOraL1fN7g8s=
26,-24,Gw2tThjuWaJSX+hbwD05XEkqlGA=,9+XZ3W/Clcvt+HgsOraL1fN7g8s=
25,-24,Gw2tThjuWaJSX+hbwD05XEkqlGA=,9+XZ3W/Clcvt+HgsOraL1fN7g8s=
25,-18,Gw2tThjuWaJSX+hbwD05XEkqlGA=,9+XZ3W/Clcvt+HgsOraL1fN7g8s=
20,-17,0ERNc2NhETo4ifzm3dotjZoE2DY=,Pwuf/WQg9Esu3pbxT/Aq3igQOGw=
16,-21,0ERNc2NhETo4ifzm3dotjZoE2DY=,Pwuf/WQg9Esu3pbxT/Aq3igQOGw=
23,-22,0ERNc2NhETo4ifzm3dotjZoE2DY=,Pwuf/WQg9Esu3pbxT/Aq3igQOGw=
22,-22,0ERNc2NhETo4ifzm3dotjZoE2DY=,Pwuf/WQg9Esu3pbxT/Aq3igQOGw=
18,-23,0ERNc2NhETo4ifzm3dotjZoE2DY=,Pwuf/WQg9Esu3pbxT/Aq3igQOGw=
19,-17,0ERNc2NhETo4ifzm3dotjZoE2DY=,Pwuf/WQg9Esu3pbxT/Aq3igQOGw=
24,-19,0ERNc2NhETo4ifzm3dotjZoE2DY=,9+XZ3W/Clcvt+HgsOraL1fN7g8s=
23,-24,0ERNc2NhETo4ifzm3dotjZoE2DY=,Pwuf/WQg9Esu3pbxT/Aq3igQOGw=
20,-19,0ERNc2NhETo4ifzm3dotjZoE2DY=,Pwuf/WQg9Esu3pbxT/Aq3igQOGw=
18,-17,0ERNc2NhETo4ifzm3dotjZoE2DY=,Pwuf/WQg9Esu3pbxT/Aq3igQOGw=
24,-20,0ERNc2NhETo4ifzm3dotjZoE2DY=,9+XZ3W/Clcvt+HgsOraL1fN7g8s=
22,-24,0ERNc2NhETo4ifzm3dotjZoE2DY=,Pwuf/WQg9Esu3pbxT/Aq3igQOGw=
22,-20,0ERNc2NhETo4ifzm3dotjZoE2DY=,Pwuf/WQg9Esu3pbxT/Aq3igQOGw=
17,-24,0ERNc2NhETo4ifzm3dotjZoE2DY=,Pwuf/WQg9Esu3pbxT/Aq3igQOGw=
17,-17,0ERNc2NhETo4ifzm3dotjZoE2DY=,Pwuf/WQg9Esu3pbxT/Aq3igQOGw=
16,-17,0ERNc2NhETo4ifzm3dotjZoE2DY=,Pwuf/WQg9Esu3pbxT/Aq3igQOGw=
23,-18,0ERNc2NhETo4ifzm3dotjZoE2DY=,Pwuf/WQg9Esu3pbxT/Aq3igQOGw=
19,-19,0ERNc2NhETo4ifzm3dotjZoE2DY=,Pwuf/WQg9Esu3pbxT/Aq3igQOGw=
22,-18,0ERNc2NhETo4ifzm3dotjZoE2DY=,Pwuf/WQg9Esu3pbxT/Aq3igQOGw=
21,-18,0ERNc2NhETo4ifzm3dotjZoE2DY=,Pwuf/WQg9Esu3pbxT/Aq3igQOGw=
20,-18,0ERNc2NhETo4ifzm3dotjZoE2DY=,Pwuf/WQg9Esu3pbxT/Aq3igQOGw=
19,-18,0ERNc2NhETo4ifzm3dotjZoE2DY=,Pwuf/WQg9Esu3pbxT/Aq3igQOGw=
18,-18,0ERNc2NhETo4ifzm3dotjZoE2DY=,Pwuf/WQg9Esu3pbxT/Aq3igQOGw=
21,-24,0ERNc2NhETo4ifzm3dotjZoE2DY=,Pwuf/WQg9Esu3pbxT/Aq3igQOGw=
22,-21,0ERNc2NhETo4ifzm3dotjZoE2DY=,Pwuf/WQg9Esu3pbxT/Aq3igQOGw=
21,-20,0ERNc2NhETo4ifzm3dotjZoE2DY=,Pwuf/WQg9Esu3pbxT/Aq3igQOGw=
20,-24,0ERNc2NhETo4ifzm3dotjZoE2DY=,Pwuf/WQg9Esu3pbxT/Aq3igQOGw=
18,-22,0ERNc2NhETo4ifzm3dotjZoE2DY=,Pwuf/WQg9Esu3pbxT/Aq3igQOGw=
21,-21,0ERNc2NhETo4ifzm3dotjZoE2DY=,Pwuf/WQg9Esu3pbxT/Aq3igQOGw=
20,-21,0ERNc2NhETo4ifzm3dotjZoE2DY=,Pwuf/WQg9Esu3pbxT/Aq3igQOGw=
19,-24,0ERNc2NhETo4ifzm3dotjZoE2DY=,Pwuf/WQg9Esu3pbxT/Aq3igQOGw=
18,-24,0ERNc2NhETo4ifzm3dotjZoE2DY=,Pwuf/WQg9Esu3pbxT/Aq3igQOGw=
19,-21,0ERNc2NhETo4ifzm3dotjZoE2DY=,Pwuf/WQg9Esu3pbxT/Aq3igQOGw=
18,-21,0ERNc2NhETo4ifzm3dotjZoE2DY=,Pwuf/WQg9Esu3pbxT/Aq3igQOGw=
24,-21,0ERNc2NhETo4ifzm3dotjZoE2DY=,9+XZ3W/Clcvt+HgsOraL1fN7g8s=
18,-19,0ERNc2NhETo4ifzm3dotjZoE2DY=,Pwuf/WQg9Esu3pbxT/Aq3igQOGw=
17,-18,0ERNc2NhETo4ifzm3dotjZoE2DY=,Pwuf/WQg9Esu3pbxT/Aq3igQOGw=
17,-23,0ERNc2NhETo4ifzm3dotjZoE2DY=,Pwuf/WQg9Esu3pbxT/Aq3igQOGw=
17,-21,0ERNc2NhETo4ifzm3dotjZoE2DY=,Pwuf/WQg9Esu3pbxT/Aq3igQOGw=
24,-17,0ERNc2NhETo4ifzm3dotjZoE2DY=,9+XZ3W/Clcvt+HgsOraL1fN7g8s=
16,-24,0ERNc2NhETo4ifzm3dotjZoE2DY=,Pwuf/WQg9Esu3pbxT/Aq3igQOGw=
17,-19,0ERNc2NhETo4ifzm3dotjZoE2DY=,Pwuf/WQg9Esu3pbxT/Aq3igQOGw=
16,-18,0ERNc2NhETo4ifzm3dotjZoE2DY=,Pwuf/WQg9Esu3pbxT/Aq3igQOGw=
24,-22,0ERNc2NhETo4ifzm3dotjZoE2DY=,9+XZ3W/Clcvt+HgsOraL1fN7g8s=
17,-22,0ERNc2NhETo4ifzm3dotjZoE2DY=,Pwuf/WQg9Esu3pbxT/Aq3igQOGw=
16,-22,0ERNc2NhETo4ifzm3dotjZoE2DY=,Pwuf/WQg9Esu3pbxT/Aq3igQOGw=
23,-23,0ERNc2NhETo4ifzm3dotjZoE2DY=,Pwuf/WQg9Esu3pbxT/Aq3igQOGw=
22,-23,0ERNc2NhETo4ifzm3dotjZoE2DY=,Pwuf/WQg9Esu3pbxT/Aq3igQOGw=
21,-23,0ERNc2NhETo4ifzm3dotjZoE2DY=,Pwuf/WQg9Esu3pbxT/Aq3igQOGw=
20,-23,0ERNc2NhETo4ifzm3dotjZoE2DY=,Pwuf/WQg9Esu3pbxT/Aq3igQOGw=
19,-23,0ERNc2NhETo4ifzm3dotjZoE2DY=,Pwuf/WQg9Esu3pbxT/Aq3igQOGw=
20,-20,0ERNc2NhETo4ifzm3dotjZoE2DY=,Pwuf/WQg9Esu3pbxT/Aq3igQOGw=
19,-20,0ERNc2NhETo4ifzm3dotjZoE2DY=,Pwuf/WQg9Esu3pbxT/Aq3igQOGw=
24,-18,0ERNc2NhETo4ifzm3dotjZoE2DY=,9+XZ3W/Clcvt+HgsOraL1fN7g8s=
18,-20,0ERNc2NhETo4ifzm3dotjZoE2DY=,Pwuf/WQg9Esu3pbxT/Aq3igQOGw=
16,-23,0ERNc2NhETo4ifzm3dotjZoE2DY=,Pwuf/WQg9Esu3pbxT/Aq3igQOGw=
17,-20,0ERNc2NhETo4ifzm3dotjZoE2DY=,Pwuf/WQg9Esu3pbxT/Aq3igQOGw=
16,-19,0ERNc2NhETo4ifzm3dotjZoE2DY=,Pwuf/WQg9Esu3pbxT/Aq3igQOGw=
23,-19,0ERNc2NhETo4ifzm3dotjZoE2DY=,Pwuf/WQg9Esu3pbxT/Aq3igQOGw=
24,-23,0ERNc2NhETo4ifzm3dotjZoE2DY=,9+XZ3W/Clcvt+HgsOraL1fN7g8s=
21,-22,0ERNc2NhETo4ifzm3dotjZoE2DY=,Pwuf/WQg9Esu3pbxT/Aq3igQOGw=
23,-20,0ERNc2NhETo4ifzm3dotjZoE2DY=,Pwuf/WQg9Esu3pbxT/Aq3igQOGw=
20,-22,0ERNc2NhETo4ifzm3dotjZoE2DY=,Pwuf/WQg9Esu3pbxT/Aq3igQOGw=
22,-19,0ERNc2NhETo4ifzm3dotjZoE2DY=,Pwuf/WQg9Esu3pbxT/Aq3igQOGw=
24,-24,0ERNc2NhETo4ifzm3dotjZoE2DY=,9+XZ3W/Clcvt+HgsOraL1fN7g8s=
23,-17,0ERNc2NhETo4ifzm3dotjZoE2DY=,Pwuf/WQg9Esu3pbxT/Aq3igQOGw=
16,-20,0ERNc2NhETo4ifzm3dotjZoE2DY=,Pwuf/WQg9Esu3pbxT/Aq3igQOGw=
19,-22,0ERNc2NhETo4ifzm3dotjZoE2DY=,Pwuf/WQg9Esu3pbxT/Aq3igQOGw=
23,-21,0ERNc2NhETo4ifzm3dotjZoE2DY=,Pwuf/WQg9Esu3pbxT/Aq3igQOGw=
22,-17,0ERNc2NhETo4ifzm3dotjZoE2DY=,Pwuf/WQg9Esu3pbxT/Aq3igQOGw=
21,-17,0ERNc2NhETo4ifzm3dotjZoE2DY=,Pwuf/WQg9Esu3pbxT/Aq3igQOGw=
21,-19,0ERNc2NhETo4ifzm3dotjZoE2DY=,Pwuf/WQg9Esu3pbxT/Aq3igQOGw=
