9,10,Pf1Uzh4y81aOYY3RVcd0eUNwtL0=,GGHbtdJz3xtu5YABsgVCE5oD+NM=
14,14,Pf1Uzh4y81aOYY3RVcd0eUNwtL0=,GGHbtdJz3xtu5YABsgVCE5oD+NM=
14,11,Pf1Uzh4y81aOYY3RVcd0eUNwtL0=,GGHbtdJz3xtu5YABsgVCE5oD+NM=
13,11,Pf1Uzh4y81aOYY3RVcd0eUNwtL0=,GGHbtdJz3xtu5YABsgVCE5oD+NM=
12,11,Pf1Uzh4y81aOYY3RVcd0eUNwtL0=,GGHbtdJz3xtu5YABsgVCE5oD+NM=
11,11,Pf1Uzh4y81aOYY3RVcd0eUNwtL0=,GGHbtdJz3xtu5YABsgVCE5oD+NM=
10,11,Pf1Uzh4y81aOYY3RVcd0eUNwtL0=,GGHbtdJz3xtu5YABsgVCE5oD+NM=
14,9,Pf1Uzh4y81aOYY3RVcd0eUNwtL0=,GGHbtdJz3xtu5YABsgVCE5oD+NM=
14,10,Pf1Uzh4y81aOYY3RVcd0eUNwtL0=,GGHbtdJz3xtu5YABsgVCE5oD+NM=
11,9,Pf1Uzh4y81aOYY3RVcd0eUNwtL0=,GGHbtdJz3xtu5YABsgVCE5oD+NM=
9,11,Pf1Uzh4y81aOYY3RVcd0eUNwtL0=,GGHbtdJz3xtu5YABsgVCE5oD+NM=
13,10,Pf1Uzh4y81aOYY3RVcd0eUNwtL0=,GGHbtdJz3xtu5YABsgVCE5oD+NM=
12,10,Pf1Uzh4y81aOYY3RVcd0eUNwtL0=,GGHbtdJz3xtu5YABsgVCE5oD+NM=
13,9,Pf1Uzh4y81aOYY3RVcd0eUNwtL0=,GGHbtdJz3xtu5YABsgVCE5oD+NM=
11,10,Pf1Uzh4y81aOYY3RVcd0eUNwtL0=,GGHbtdJz3xtu5YABsgVCE5oD+NM=
10,9,Pf1Uzh4y81aOYY3RVcd0eUNwtL0=,GGHbtdJz3xtu5YABsgVCE5oD+NM=
12,9,Pf1Uzh4y81aOYY3RVcd0eUNwtL0=,GGHbtdJz3xtu5YABsgVCE5oD+NM=
10,10,Pf1Uzh4y81aOYY3RVcd0eUNwtL0=,GGHbtdJz3xtu5YABsgVCE5oD+NM=
9,12,Pf1Uzh4y81aOYY3RVcd0eUNwtL0=,GGHbtdJz3xtu5YABsgVCE5oD+NM=
10,12,Pf1Uzh4y81aOYY3RVcd0eUNwtL0=,GGHbtdJz3xtu5YABsgVCE5oD+NM=
11,12,Pf1Uzh4y81aOYY3RVcd0eUNwtL0=,GGHbtdJz3xtu5YABsgVCE5oD+NM=
12,12,Pf1Uzh4y81aOYY3RVcd0eUNwtL0=,GGHbtdJz3xtu5YABsgVCE5oD+NM=
13,12,Pf1Uzh4y81aOYY3RVcd0eUNwtL0=,GGHbtdJz3xtu5YABsgVCE5oD+NM=
14,12,Pf1Uzh4y81aOYY3RVcd0eUNwtL0=,GGHbtdJz3xtu5YABsgVCE5oD+NM=
9,9,Pf1Uzh4y81aOYY3RVcd0eUNwtL0=,GGHbtdJz3xtu5YABsgVCE5oD+NM=
9,13,Pf1Uzh4y81aOYY3RVcd0eUNwtL0=,GGHbtdJz3xtu5YABsgVCE5oD+NM=
11,13,Pf1Uzh4y81aOYY3RVcd0eUNwtL0=,GGHbtdJz3xtu5YABsgVCE5oD+NM=
12,13,Pf1Uzh4y81aOYY3RVcd0eUNwtL0=,GGHbtdJz3xtu5YABsgVCE5oD+NM=
13,13,Pf1Uzh4y81aOYY3RVcd0eUNwtL0=,GGHbtdJz3xtu5YABsgVCE5oD+NM=
14,13,Pf1Uzh4y81aOYY3RVcd0eUNwtL0=,GGHbtdJz3xtu5YABsgVCE5oD+NM=
9,14,Pf1Uzh4y81aOYY3RVcd0eUNwtL0=,GGHbtdJz3xtu5YABsgVCE5oD+NM=
10,13,Pf1Uzh4y81aOYY3RVcd0eUNwtL0=,GGHbtdJz3xtu5YABsgVCE5oD+NM=
11,14,Pf1Uzh4y81aOYY3RVcd0eUNwtL0=,GGHbtdJz3xtu5YABsgVCE5oD+NM=
12,14,Pf1Uzh4y81aOYY3RVcd0eUNwtL0=,GGHbtdJz3xtu5YABsgVCE5oD+NM=
13,14,Pf1Uzh4y81aOYY3RVcd0eUNwtL0=,GGHbtdJz3xtu5YABsgVCE5oD+NM=
15,14,Pf1Uzh4y81aOYY3RVcd0eUNwtL0=,GGHbtdJz3xtu5YABsgVCE5oD+NM=
15,13,Pf1Uzh4y81aOYY3RVcd0eUNwtL0=,GGHbtdJz3xtu5YABsgVCE5oD+NM=
15,12,Pf1Uzh4y81aOYY3RVcd0eUNwtL0=,GGHbtdJz3xtu5YABsgVCE5oD+NM=
15,10,Pf1Uzh4y81aOYY3RVcd0eUNwtL0=,GGHbtdJz3xtu5YABsgVCE5oD+NM=
15,9,Pf1Uzh4y81aOYY3RVcd0eUNwtL0=,GGHbtdJz3xtu5YABsgVCE5oD+NM=
15,11,Pf1Uzh4y81aOYY3RVcd0eUNwtL0=,GGHbtdJz3xtu5YABsgVCE5oD+NM=
10,14,Pf1Uzh4y81aOYY3RVcd0eUNwtL0=,GGHbtdJz3xtu5YABsgVCE5oD+NM=
9,15,rWkjIFeehCeHoxhva2ZEpuKcK2o=,GGHbtdJz3xtu5YABsgVCE5oD+NM=
10,15,rWkjIFeehCeHoxhva2ZEpuKcK2o=,GGHbtdJz3xtu5YABsgVCE5oD+NM=
12,15,rWkjIFeehCeHoxhva2ZEpuKcK2o=,GGHbtdJz3xtu5YABsgVCE5oD+NM=
14,15,rWkjIFeehCeHoxhva2ZEpuKcK2o=,GGHbtdJz3xtu5YABsgVCE5oD+NM=
11,15,rWkjIFeehCeHoxhva2ZEpuKcK2o=,GGHbtdJz3xtu5YABsgVCE5oD+NM=
15,15,rWkjIFeehCeHoxhva2ZEpuKcK2o=,GGHbtdJz3xtu5YABsgVCE5oD+NM=
13,15,rWkjIFeehCeHoxhva2ZEpuKcK2o=,GGHbtdJz3xtu5YABsgVCE5oD+NM=
8,15,3I7Wj98B1Tb7pavG/wRb5QtrwbA=,GGHbtdJz3xtu5YABsgVCE5oD+NM=
3,15,3I7Wj98B1Tb7pavG/wRb5QtrwbA=,IAXqDlclzR9ppC2d3tzqIT1Itz4=
3,12,3I7Wj98B1Tb7pavG/wRb5QtrwbA=,IAXqDlclzR9ppC2d3tzqIT1Itz4=
8,10,3I7Wj98B1Tb7pavG/wRb5QtrwbA=,GGHbtdJz3xtu5YABsgVCE5oD+NM=
1,12,3I7Wj98B1Tb7pavG/wRb5QtrwbA=,IAXqDlclzR9ppC2d3tzqIT1Itz4=
3,14,3I7Wj98B1Tb7pavG/wRb5QtrwbA=,IAXqDlclzR9ppC2d3tzqIT1Itz4=
3,10,3I7Wj98B1Tb7pavG/wRb5QtrwbA=,IAXqDlclzR9ppC2d3tzqIT1Itz4=
2,9,3I7Wj98B1Tb7pavG/wRb5QtrwbA=,IAXqDlclzR9ppC2d3tzqIT1Itz4=
1,9,3I7Wj98B1Tb7pavG/wRb5QtrwbA=,IAXqDlclzR9ppC2d3tzqIT1Itz4=
0,9,3I7Wj98B1Tb7pavG/wRb5QtrwbA=,IAXqDlclzR9ppC2d3tzqIT1Itz4=
2,15,3I7Wj98B1Tb7pavG/wRb5QtrwbA=,IAXqDlclzR9ppC2d3tzqIT1Itz4=
0,12,3I7Wj98B1Tb7pavG/wRb5QtrwbA=,IAXqDlclzR9ppC2d3tzqIT1Itz4=
2,12,3I7Wj98B1Tb7pavG/wRb5QtrwbA=,IAXqDlclzR9ppC2d3tzqIT1Itz4=
2,13,3I7Wj98B1Tb7pavG/wRb5QtrwbA=,IAXqDlclzR9ppC2d3tzqIT1Itz4=
1,10,3I7Wj98B1Tb7pavG/wRb5QtrwbA=,IAXqDlclzR9ppC2d3tzqIT1Itz4=
6,11,3I7Wj98B1Tb7pavG/wRb5QtrwbA=,IAXqDlclzR9ppC2d3tzqIT1Itz4=
3,9,3I7Wj98B1Tb7pavG/wRb5QtrwbA=,IAXqDlclzR9ppC2d3tzqIT1Itz4=
2,14,3I7Wj98B1Tb7pavG/wRb5QtrwbA=,IAXqDlclzR9ppC2d3tzqIT1Itz4=
0,10,3I7Wj98B1Tb7pavG/wRb5QtrwbA=,IAXqDlclzR9ppC2d3tzqIT1Itz4=
1,14,3I7Wj98B1Tb7pavG/wRb5QtrwbA=,IAXqDlclzR9ppC2d3tzqIT1Itz4=
8,11,3I7Wj98B1Tb7pavG/wRb5QtrwbA=,GGHbtdJz3xtu5YABsgVCE5oD+NM=
1,15,3I7Wj98B1Tb7pavG/wRb5QtrwbA=,IAXqDlclzR9ppC2d3tzqIT1Itz4=
3,13,3I7Wj98B1Tb7pavG/wRb5QtrwbA=,IAXqDlclzR9ppC2d3tzqIT1Itz4=
6,15,3I7Wj98B1Tb7pavG/wRb5QtrwbA=,IAXqDlclzR9ppC2d3tzqIT1Itz4=
0,15,3I7Wj98B1Tb7pavG/wRb5QtrwbA=,IAXqDlclzR9ppC2d3tzqIT1Itz4=
0,13,3I7Wj98B1Tb7pavG/wRb5QtrwbA=,IAXqDlclzR9ppC2d3tzqIT1Itz4=
4,11,3I7Wj98B1Tb7pavG/wRb5QtrwbA=,IAXqDlclzR9ppC2d3tzqIT1Itz4=
7,9,3I7Wj98B1Tb7pavG/wRb5QtrwbA=,IAXqDlclzR9ppC2d3tzqIT1Itz4=
5,15,3I7Wj98B1Tb7pavG/wRb5QtrwbA=,IAXqDlclzR9ppC2d3tzqIT1Itz4=
2,11,3I7Wj98B1Tb7pavG/wRb5QtrwbA=,IAXqDlclzR9ppC2d3tzqIT1Itz4=
6,9,3I7Wj98B1Tb7pavG/wRb5QtrwbA=,IAXqDlclzR9ppC2d3tzqIT1Itz4=
0,14,3I7Wj98B1Tb7pavG/wRb5QtrwbA=,IAXqDlclzR9ppC2d3tzqIT1Itz4=
1,11,3I7Wj98B1Tb7pavG/wRb5QtrwbA=,IAXqDlclzR9ppC2d3tzqIT1Itz4=
7,13,3I7Wj98B1Tb7pavG/wRb5QtrwbA=,IAXqDlclzR9ppC2d3tzqIT1Itz4=
0,11,3I7Wj98B1Tb7pavG/wRb5QtrwbA=,IAXqDlclzR9ppC2d3tzqIT1Itz4=
7,11,3I7Wj98B1Tb7pavG/wRb5QtrwbA=,IAXqDlclzR9ppC2d3tzqIT1Itz4=
4,15,3I7Wj98B1Tb7pavG/wRb5QtrwbA=,IAXqDlclzR9ppC2d3tzqIT1Itz4=
5,11,3I7Wj98B1Tb7pavG/wRb5QtrwbA=,IAXqDlclzR9ppC2d3tzqIT1Itz4=
5,10,3I7Wj98B1Tb7pavG/wRb5QtrwbA=,IAXqDlclzR9ppC2d3tzqIT1Itz4=
2,10,3I7Wj98B1Tb7pavG/wRb5QtrwbA=,IAXqDlclzR9ppC2d3tzqIT1Itz4=
7,14,3I7Wj98B1Tb7pavG/wRb5QtrwbA=,IAXqDlclzR9ppC2d3tzqIT1Itz4=
7,15,3I7Wj98B1Tb7pavG/wRb5QtrwbA=,IAXqDlclzR9ppC2d3tzqIT1Itz4=
6,14,3I7Wj98B1Tb7pavG/wRb5QtrwbA=,IAXqDlclzR9ppC2d3tzqIT1Itz4=
5,14,3I7Wj98B1Tb7pavG/wRb5QtrwbA=,IAXqDlclzR9ppC2d3tzqIT1Itz4=
8,9,3I7Wj98B1Tb7pavG/wRb5QtrwbA=,GGHbtdJz3xtu5YABsgVCE5oD+NM=
7,12,3I7Wj98B1Tb7pavG/wRb5QtrwbA=,IAXqDlclzR9ppC2d3tzqIT1Itz4=
4,9,3I7Wj98B1Tb7pavG/wRb5QtrwbA=,IAXqDlclzR9ppC2d3tzqIT1Itz4=
4,14,3I7Wj98B1Tb7pavG/wRb5QtrwbA=,IAXqDlclzR9ppC2d3tzqIT1Itz4=
1,13,3I7Wj98B1Tb7pavG/wRb5QtrwbA=,IAXqDlclzR9ppC2d3tzqIT1Itz4=
4,12,3I7Wj98B1Tb7pavG/wRb5QtrwbA=,IAXqDlclzR9ppC2d3tzqIT1Itz4=
6,13,3I7Wj98B1Tb7pavG/wRb5QtrwbA=,IAXqDlclzR9ppC2d3tzqIT1Itz4=
4,10,3I7Wj98B1Tb7pavG/wRb5QtrwbA=,IAXqDlclzR9ppC2d3tzqIT1Itz4=
7,10,3I7Wj98B1Tb7pavG/wRb5QtrwbA=,IAXqDlclzR9ppC2d3tzqIT1Itz4=
8,12,3I7Wj98B1Tb7pavG/wRb5QtrwbA=,GGHbtdJz3xtu5YABsgVCE5oD+NM=
6,12,3I7Wj98B1Tb7pavG/wRb5QtrwbA=,IAXqDlclzR9ppC2d3tzqIT1Itz4=
8,14,3I7Wj98B1Tb7pavG/wRb5QtrwbA=,GGHbtdJz3xtu5YABsgVCE5oD+NM=
5,9,3I7Wj98B1Tb7pavG/wRb5QtrwbA=,IAXqDlclzR9ppC2d3tzqIT1Itz4=
6,10,3I7Wj98B1Tb7pavG/wRb5QtrwbA=,IAXqDlclzR9ppC2d3tzqIT1Itz4=
3,11,3I7Wj98B1Tb7pavG/wRb5QtrwbA=,IAXqDlclzR9ppC2d3tzqIT1Itz4=
4,13,3I7Wj98B1Tb7pavG/wRb5QtrwbA=,IAXqDlclzR9ppC2d3tzqIT1Itz4=
5,13,3I7Wj98B1Tb7pavG/wRb5QtrwbA=,IAXqDlclzR9ppC2d3tzqIT1Itz4=
8,13,0l6DTSc1Tuk+mTzhERGwy6G2NpQ=,GGHbtdJz3xtu5YABsgVCE5oD+NM=
14,7,0l6DTSc1Tuk+mTzhERGwy6G2NpQ=,jKETA3UErbGp5S2JVRH3Td9Lw3I=
15,7,0l6DTSc1Tuk+mTzhERGwy6G2NpQ=,jKETA3UErbGp5S2JVRH3Td9Lw3I=
11,8,0l6DTSc1Tuk+mTzhERGwy6G2NpQ=,GGHbtdJz3xtu5YABsgVCE5oD+NM=
5,12,0l6DTSc1Tuk+mTzhERGwy6G2NpQ=,IAXqDlclzR9ppC2d3tzqIT1Itz4=
10,8,9GTUHar5ZbZuzo3pNmI+tNs7BE8=,GGHbtdJz3xtu5YABsgVCE5oD+NM=
15,8,U3mp4XfBL5MATlKq4pKn3bv5YNE=,GGHbtdJz3xtu5YABsgVCE5oD+NM=
14,8,YcYyxsS5XrruvWYWYRdsmwveMek=,GGHbtdJz3xtu5YABsgVCE5oD+NM=
12,8,YcYyxsS5XrruvWYWYRdsmwveMek=,GGHbtdJz3xtu5YABsgVCE5oD+NM=
10,0,YcYyxsS5XrruvWYWYRdsmwveMek=,jKETA3UErbGp5S2JVRH3Td9Lw3I=
11,0,YcYyxsS5XrruvWYWYRdsmwveMek=,jKETA3UErbGp5S2JVRH3Td9Lw3I=
9,0,YcYyxsS5XrruvWYWYRdsmwveMek=,jKETA3UErbGp5S2JVRH3Td9Lw3I=
15,0,YcYyxsS5XrruvWYWYRdsmwveMek=,jKETA3UErbGp5S2JVRH3Td9Lw3I=
14,0,YcYyxsS5XrruvWYWYRdsmwveMek=,jKETA3UErbGp5S2JVRH3Td9Lw3I=
9,1,YcYyxsS5XrruvWYWYRdsmwveMek=,jKETA3UErbGp5S2JVRH3Td9Lw3I=
12,0,YcYyxsS5XrruvWYWYRdsmwveMek=,jKETA3UErbGp5S2JVRH3Td9Lw3I=
13,7,YcYyxsS5XrruvWYWYRdsmwveMek=,jKETA3UErbGp5S2JVRH3Td9Lw3I=
12,1,YcYyxsS5XrruvWYWYRdsmwveMek=,jKETA3UErbGp5S2JVRH3Td9Lw3I=
9,8,YcYyxsS5XrruvWYWYRdsmwveMek=,GGHbtdJz3xtu5YABsgVCE5oD+NM=
11,1,YcYyxsS5XrruvWYWYRdsmwveMek=,jKETA3UErbGp5S2JVRH3Td9Lw3I=
14,1,YcYyxsS5XrruvWYWYRdsmwveMek=,jKETA3UErbGp5S2JVRH3Td9Lw3I=
15,1,YcYyxsS5XrruvWYWYRdsmwveMek=,jKETA3UErbGp5S2JVRH3Td9Lw3I=
13,0,YcYyxsS5XrruvWYWYRdsmwveMek=,jKETA3UErbGp5S2JVRH3Td9Lw3I=
10,1,YcYyxsS5XrruvWYWYRdsmwveMek=,jKETA3UErbGp5S2JVRH3Td9Lw3I=
13,1,YcYyxsS5XrruvWYWYRdsmwveMek=,jKETA3UErbGp5S2JVRH3Td9Lw3I=
13,8,YcYyxsS5XrruvWYWYRdsmwveMek=,GGHbtdJz3xtu5YABsgVCE5oD+NM=
12,7,YcYyxsS5XrruvWYWYRdsmwveMek=,jKETA3UErbGp5S2JVRH3Td9Lw3I=
11,7,YcYyxsS5XrruvWYWYRdsmwveMek=,jKETA3UErbGp5S2JVRH3Td9Lw3I=
14,2,YcYyxsS5XrruvWYWYRdsmwveMek=,jKETA3UErbGp5S2JVRH3Td9Lw3I=
15,2,YcYyxsS5XrruvWYWYRdsmwveMek=,jKETA3UErbGp5S2JVRH3Td9Lw3I=
9,2,YcYyxsS5XrruvWYWYRdsmwveMek=,jKETA3UErbGp5S2JVRH3Td9Lw3I=
9,3,YcYyxsS5XrruvWYWYRdsmwveMek=,jKETA3UErbGp5S2JVRH3Td9Lw3I=
11,3,YcYyxsS5XrruvWYWYRdsmwveMek=,jKETA3UErbGp5S2JVRH3Td9Lw3I=
11,2,YcYyxsS5XrruvWYWYRdsmwveMek=,jKETA3UErbGp5S2JVRH3Td9Lw3I=
12,3,YcYyxsS5XrruvWYWYRdsmwveMek=,jKETA3UErbGp5S2JVRH3Td9Lw3I=
14,3,YcYyxsS5XrruvWYWYRdsmwveMek=,jKETA3UErbGp5S2JVRH3Td9Lw3I=
15,3,YcYyxsS5XrruvWYWYRdsmwveMek=,jKETA3UErbGp5S2JVRH3Td9Lw3I=
9,4,YcYyxsS5XrruvWYWYRdsmwveMek=,jKETA3UErbGp5S2JVRH3Td9Lw3I=
12,2,YcYyxsS5XrruvWYWYRdsmwveMek=,jKETA3UErbGp5S2JVRH3Td9Lw3I=
10,4,YcYyxsS5XrruvWYWYRdsmwveMek=,jKETA3UErbGp5S2JVRH3Td9Lw3I=
10,2,YcYyxsS5XrruvWYWYRdsmwveMek=,jKETA3UErbGp5S2JVRH3Td9Lw3I=
13,4,YcYyxsS5XrruvWYWYRdsmwveMek=,jKETA3UErbGp5S2JVRH3Td9Lw3I=
14,4,YcYyxsS5XrruvWYWYRdsmwveMek=,jKETA3UErbGp5S2JVRH3Td9Lw3I=
15,4,YcYyxsS5XrruvWYWYRdsmwveMek=,jKETA3UErbGp5S2JVRH3Td9Lw3I=
10,7,YcYyxsS5XrruvWYWYRdsmwveMek=,jKETA3UErbGp5S2JVRH3Td9Lw3I=
9,7,YcYyxsS5XrruvWYWYRdsmwveMek=,jKETA3UErbGp5S2JVRH3Td9Lw3I=
10,3,YcYyxsS5XrruvWYWYRdsmwveMek=,jKETA3UErbGp5S2JVRH3Td9Lw3I=
10,5,YcYyxsS5XrruvWYWYRdsmwveMek=,jKETA3UErbGp5S2JVRH3Td9Lw3I=
13,2,YcYyxsS5XrruvWYWYRdsmwveMek=,jKETA3UErbGp5S2JVRH3Td9Lw3I=
13,3,YcYyxsS5XrruvWYWYRdsmwveMek=,jKETA3UErbGp5S2JVRH3Td9Lw3I=
13,5,YcYyxsS5XrruvWYWYRdsmwveMek=,jKETA3UErbGp5S2JVRH3Td9Lw3I=
14,5,YcYyxsS5XrruvWYWYRdsmwveMek=,jKETA3UErbGp5S2JVRH3Td9Lw3I=
12,5,YcYyxsS5XrruvWYWYRdsmwveMek=,jKETA3UErbGp5S2JVRH3Td9Lw3I=
15,5,YcYyxsS5XrruvWYWYRdsmwveMek=,jKETA3UErbGp5S2JVRH3Td9Lw3I=
9,6,YcYyxsS5XrruvWYWYRdsmwveMek=,jKETA3UErbGp5S2JVRH3Td9Lw3I=
10,6,YcYyxsS5XrruvWYWYRdsmwveMek=,jKETA3UErbGp5S2JVRH3Td9Lw3I=
9,5,YcYyxsS5XrruvWYWYRdsmwveMek=,jKETA3UErbGp5S2JVRH3Td9Lw3I=
11,4,YcYyxsS5XrruvWYWYRdsmwveMek=,jKETA3UErbGp5S2JVRH3Td9Lw3I=
13,6,YcYyxsS5XrruvWYWYRdsmwveMek=,jKETA3UErbGp5S2JVRH3Td9Lw3I=
14,6,YcYyxsS5XrruvWYWYRdsmwveMek=,jKETA3UErbGp5S2JVRH3Td9Lw3I=
15,6,YcYyxsS5XrruvWYWYRdsmwveMek=,jKETA3UErbGp5S2JVRH3Td9Lw3I=
11,6,YcYyxsS5XrruvWYWYRdsmwveMek=,jKETA3UErbGp5S2JVRH3Td9Lw3I=
11,5,YcYyxsS5XrruvWYWYRdsmwveMek=,jKETA3UErbGp5S2JVRH3Td9Lw3I=
12,6,YcYyxsS5XrruvWYWYRdsmwveMek=,jKETA3UErbGp5S2JVRH3Td9Lw3I=
12,4,YcYyxsS5XrruvWYWYRdsmwveMek=,jKETA3UErbGp5S2JVRH3Td9Lw3I=
8,7,YcYyxsS5XrruvWYWYRdsmwveMek=,jKETA3UErbGp5S2JVRH3Td9Lw3I=
8,6,YcYyxsS5XrruvWYWYRdsmwveMek=,jKETA3UErbGp5S2JVRH3Td9Lw3I=
1,5,YcYyxsS5XrruvWYWYRdsmwveMek=,upNVzBTrfP9Yrt/c88U1SRdjALY=
8,5,YcYyxsS5XrruvWYWYRdsmwveMek=,jKETA3UErbGp5S2JVRH3Td9Lw3I=
8,4,YcYyxsS5XrruvWYWYRdsmwveMek=,jKETA3UErbGp5S2JVRH3Td9Lw3I=
2,1,YcYyxsS5XrruvWYWYRdsmwveMek=,upNVzBTrfP9Yrt/c88U1SRdjALY=
1,3,YcYyxsS5XrruvWYWYRdsmwveMek=,upNVzBTrfP9Yrt/c88U1SRdjALY=
8,3,YcYyxsS5XrruvWYWYRdsmwveMek=,jKETA3UErbGp5S2JVRH3Td9Lw3I=
0,5,YcYyxsS5XrruvWYWYRdsmwveMek=,upNVzBTrfP9Yrt/c88U1SRdjALY=
3,7,YcYyxsS5XrruvWYWYRdsmwveMek=,upNVzBTrfP9Yrt/c88U1SRdjALY=
8,2,YcYyxsS5XrruvWYWYRdsmwveMek=,jKETA3UErbGp5S2JVRH3Td9Lw3I=
0,3,YcYyxsS5XrruvWYWYRdsmwveMek=,upNVzBTrfP9Yrt/c88U1SRdjALY=
8,1,YcYyxsS5XrruvWYWYRdsmwveMek=,jKETA3UErbGp5S2JVRH3Td9Lw3I=
7,4,YcYyxsS5XrruvWYWYRdsmwveMek=,upNVzBTrfP9Yrt/c88U1SRdjALY=
8,0,YcYyxsS5XrruvWYWYRdsmwveMek=,jKETA3UErbGp5S2JVRH3Td9Lw3I=
7,8,YcYyxsS5XrruvWYWYRdsmwveMek=,IAXqDlclzR9ppC2d3tzqIT1Itz4=
6,4,YcYyxsS5XrruvWYWYRdsmwveMek=,upNVzBTrfP9Yrt/c88U1SRdjALY=
4,7,YcYyxsS5XrruvWYWYRdsmwveMek=,upNVzBTrfP9Yrt/c88U1SRdjALY=
5,3,YcYyxsS5XrruvWYWYRdsmwveMek=,upNVzBTrfP9Yrt/c88U1SRdjALY=
5,7,YcYyxsS5XrruvWYWYRdsmwveMek=,upNVzBTrfP9Yrt/c88U1SRdjALY=
5,8,YcYyxsS5XrruvWYWYRdsmwveMek=,IAXqDlclzR9ppC2d3tzqIT1Itz4=
2,7,YcYyxsS5XrruvWYWYRdsmwveMek=,upNVzBTrfP9Yrt/c88U1SRdjALY=
6,8,YcYyxsS5XrruvWYWYRdsmwveMek=,IAXqDlclzR9ppC2d3tzqIT1Itz4=
4,8,YcYyxsS5XrruvWYWYRdsmwveMek=,IAXqDlclzR9ppC2d3tzqIT1Itz4=
7,2,YcYyxsS5XrruvWYWYRdsmwveMek=,upNVzBTrfP9Yrt/c88U1SRdjALY=
1,7,YcYyxsS5XrruvWYWYRdsmwveMek=,upNVzBTrfP9Yrt/c88U1SRdjALY=
2,5,YcYyxsS5XrruvWYWYRdsmwveMek=,upNVzBTrfP9Yrt/c88U1SRdjALY=
6,7,YcYyxsS5XrruvWYWYRdsmwveMek=,upNVzBTrfP9Yrt/c88U1SRdjALY=
1,2,YcYyxsS5XrruvWYWYRdsmwveMek=,upNVzBTrfP9Yrt/c88U1SRdjALY=
0,7,YcYyxsS5XrruvWYWYRdsmwveMek=,upNVzBTrfP9Yrt/c88U1SRdjALY=
2,8,YcYyxsS5XrruvWYWYRdsmwveMek=,IAXqDlclzR9ppC2d3tzqIT1Itz4=
4,3,YcYyxsS5XrruvWYWYRdsmwveMek=,upNVzBTrfP9Yrt/c88U1SRdjALY=
1,8,YcYyxsS5XrruvWYWYRdsmwveMek=,IAXqDlclzR9ppC2d3tzqIT1Itz4=
5,2,YcYyxsS5XrruvWYWYRdsmwveMek=,upNVzBTrfP9Yrt/c88U1SRdjALY=
3,8,YcYyxsS5XrruvWYWYRdsmwveMek=,IAXqDlclzR9ppC2d3tzqIT1Itz4=
0,8,YcYyxsS5XrruvWYWYRdsmwveMek=,IAXqDlclzR9ppC2d3tzqIT1Itz4=
6,2,YcYyxsS5XrruvWYWYRdsmwveMek=,upNVzBTrfP9Yrt/c88U1SRdjALY=
2,2,YcYyxsS5XrruvWYWYRdsmwveMek=,upNVzBTrfP9Yrt/c88U1SRdjALY=
7,6,YcYyxsS5XrruvWYWYRdsmwveMek=,upNVzBTrfP9Yrt/c88U1SRdjALY=
3,4,YcYyxsS5XrruvWYWYRdsmwveMek=,upNVzBTrfP9Yrt/c88U1SRdjALY=
8,8,YcYyxsS5XrruvWYWYRdsmwveMek=,GGHbtdJz3xtu5YABsgVCE5oD+NM=
6,6,YcYyxsS5XrruvWYWYRdsmwveMek=,upNVzBTrfP9Yrt/c88U1SRdjALY=
0,2,YcYyxsS5XrruvWYWYRdsmwveMek=,upNVzBTrfP9Yrt/c88U1SRdjALY=
1,1,YcYyxsS5XrruvWYWYRdsmwveMek=,upNVzBTrfP9Yrt/c88U1SRdjALY=
7,7,YcYyxsS5XrruvWYWYRdsmwveMek=,upNVzBTrfP9Yrt/c88U1SRdjALY=
4,5,YcYyxsS5XrruvWYWYRdsmwveMek=,upNVzBTrfP9Yrt/c88U1SRdjALY=
3,1,YcYyxsS5XrruvWYWYRdsmwveMek=,upNVzBTrfP9Yrt/c88U1SRdjALY=
4,1,YcYyxsS5XrruvWYWYRdsmwveMek=,upNVzBTrfP9Yrt/c88U1SRdjALY=
3,5,YcYyxsS5XrruvWYWYRdsmwveMek=,upNVzBTrfP9Yrt/c88U1SRdjALY=
2,4,YcYyxsS5XrruvWYWYRdsmwveMek=,upNVzBTrfP9Yrt/c88U1SRdjALY=
0,1,YcYyxsS5XrruvWYWYRdsmwveMek=,upNVzBTrfP9Yrt/c88U1SRdjALY=
0,4,YcYyxsS5XrruvWYWYRdsmwveMek=,upNVzBTrfP9Yrt/c88U1SRdjALY=
5,6,YcYyxsS5XrruvWYWYRdsmwveMek=,upNVzBTrfP9Yrt/c88U1SRdjALY=
1,4,YcYyxsS5XrruvWYWYRdsmwveMek=,upNVzBTrfP9Yrt/c88U1SRdjALY=
4,2,YcYyxsS5XrruvWYWYRdsmwveMek=,upNVzBTrfP9Yrt/c88U1SRdjALY=
4,6,YcYyxsS5XrruvWYWYRdsmwveMek=,upNVzBTrfP9Yrt/c88U1SRdjALY=
5,4,YcYyxsS5XrruvWYWYRdsmwveMek=,upNVzBTrfP9Yrt/c88U1SRdjALY=
1,0,YcYyxsS5XrruvWYWYRdsmwveMek=,upNVzBTrfP9Yrt/c88U1SRdjALY=
3,3,YcYyxsS5XrruvWYWYRdsmwveMek=,upNVzBTrfP9Yrt/c88U1SRdjALY=
2,0,YcYyxsS5XrruvWYWYRdsmwveMek=,upNVzBTrfP9Yrt/c88U1SRdjALY=
3,0,YcYyxsS5XrruvWYWYRdsmwveMek=,upNVzBTrfP9Yrt/c88U1SRdjALY=
3,2,YcYyxsS5XrruvWYWYRdsmwveMek=,upNVzBTrfP9Yrt/c88U1SRdjALY=
5,0,YcYyxsS5XrruvWYWYRdsmwveMek=,upNVzBTrfP9Yrt/c88U1SRdjALY=
3,6,YcYyxsS5XrruvWYWYRdsmwveMek=,upNVzBTrfP9Yrt/c88U1SRdjALY=
7,3,YcYyxsS5XrruvWYWYRdsmwveMek=,upNVzBTrfP9Yrt/c88U1SRdjALY=
0,0,YcYyxsS5XrruvWYWYRdsmwveMek=,upNVzBTrfP9Yrt/c88U1SRdjALY=
4,4,YcYyxsS5XrruvWYWYRdsmwveMek=,upNVzBTrfP9Yrt/c88U1SRdjALY=
2,3,YcYyxsS5XrruvWYWYRdsmwveMek=,upNVzBTrfP9Yrt/c88U1SRdjALY=
2,6,YcYyxsS5XrruvWYWYRdsmwveMek=,upNVzBTrfP9Yrt/c88U1SRdjALY=
4,0,YcYyxsS5XrruvWYWYRdsmwveMek=,upNVzBTrfP9Yrt/c88U1SRdjALY=
5,1,YcYyxsS5XrruvWYWYRdsmwveMek=,upNVzBTrfP9Yrt/c88U1SRdjALY=
5,5,YcYyxsS5XrruvWYWYRdsmwveMek=,upNVzBTrfP9Yrt/c88U1SRdjALY=
6,1,YcYyxsS5XrruvWYWYRdsmwveMek=,upNVzBTrfP9Yrt/c88U1SRdjALY=
7,1,YcYyxsS5XrruvWYWYRdsmwveMek=,upNVzBTrfP9Yrt/c88U1SRdjALY=
6,0,YcYyxsS5XrruvWYWYRdsmwveMek=,upNVzBTrfP9Yrt/c88U1SRdjALY=
7,0,YcYyxsS5XrruvWYWYRdsmwveMek=,upNVzBTrfP9Yrt/c88U1SRdjALY=
6,5,YcYyxsS5XrruvWYWYRdsmwveMek=,upNVzBTrfP9Yrt/c88U1SRdjALY=
7,5,YcYyxsS5XrruvWYWYRdsmwveMek=,upNVzBTrfP9Yrt/c88U1SRdjALY=
6,3,YcYyxsS5XrruvWYWYRdsmwveMek=,upNVzBTrfP9Yrt/c88U1SRdjALY=
0,6,YcYyxsS5XrruvWYWYRdsmwveMek=,upNVzBTrfP9Yrt/c88U1SRdjALY=
1,6,YcYyxsS5XrruvWYWYRdsmwveMek=,upNVzBTrfP9Yrt/c88U1SRdjALY=
9,16,K4+fc8WQKcb0RwEOSEWtGx0Wkxc=,6QZeBj/kpszZhLnn34mPr6sWW+k=
11,23,K4+fc8WQKcb0RwEOSEWtGx0Wkxc=,6QZeBj/kpszZhLnn34mPr6sWW+k=
10,23,K4+fc8WQKcb0RwEOSEWtGx0Wkxc=,6QZeBj/kpszZhLnn34mPr6sWW+k=
9,23,EqTQJcUpBC35r5oy0KILxFOcR3U=,6QZeBj/kpszZhLnn34mPr6sWW+k=
15,22,7PclEHUn13NVgKPQEO20XBftcfM=,6QZeBj/kpszZhLnn34mPr6sWW+k=
14,22,7PclEHUn13NVgKPQEO20XBftcfM=,6QZeBj/kpszZhLnn34mPr6sWW+k=
13,22,7PclEHUn13NVgKPQEO20XBftcfM=,6QZeBj/kpszZhLnn34mPr6sWW+k=
12,22,7PclEHUn13NVgKPQEO20XBftcfM=,6QZeBj/kpszZhLnn34mPr6sWW+k=
11,22,7PclEHUn13NVgKPQEO20XBftcfM=,6QZeBj/kpszZhLnn34mPr6sWW+k=
10,22,7PclEHUn13NVgKPQEO20XBftcfM=,6QZeBj/kpszZhLnn34mPr6sWW+k=
9,22,7PclEHUn13NVgKPQEO20XBftcfM=,6QZeBj/kpszZhLnn34mPr6sWW+k=
15,21,7PclEHUn13NVgKPQEO20XBftcfM=,6QZeBj/kpszZhLnn34mPr6sWW+k=
14,21,7PclEHUn13NVgKPQEO20XBftcfM=,6QZeBj/kpszZhLnn34mPr6sWW+k=
13,21,7PclEHUn13NVgKPQEO20XBftcfM=,6QZeBj/kpszZhLnn34mPr6sWW+k=
15,23,7PclEHUn13NVgKPQEO20XBftcfM=,6QZeBj/kpszZhLnn34mPr6sWW+k=
14,23,7PclEHUn13NVgKPQEO20XBftcfM=,6QZeBj/kpszZhLnn34mPr6sWW+k=
13,23,7PclEHUn13NVgKPQEO20XBftcfM=,6QZeBj/kpszZhLnn34mPr6sWW+k=
12,23,7PclEHUn13NVgKPQEO20XBftcfM=,6QZeBj/kpszZhLnn34mPr6sWW+k=
11,21,7PclEHUn13NVgKPQEO20XBftcfM=,6QZeBj/kpszZhLnn34mPr6sWW+k=
10,21,7PclEHUn13NVgKPQEO20XBftcfM=,6QZeBj/kpszZhLnn34mPr6sWW+k=
9,21,7PclEHUn13NVgKPQEO20XBftcfM=,6QZeBj/kpszZhLnn34mPr6sWW+k=
15,20,7PclEHUn13NVgKPQEO20XBftcfM=,6QZeBj/kpszZhLnn34mPr6sWW+k=
14,20,7PclEHUn13NVgKPQEO20XBftcfM=,6QZeBj/kpszZhLnn34mPr6sWW+k=
12,20,7PclEHUn13NVgKPQEO20XBftcfM=,6QZeBj/kpszZhLnn34mPr6sWW+k=
11,20,7PclEHUn13NVgKPQEO20XBftcfM=,6QZeBj/kpszZhLnn34mPr6sWW+k=
12,21,7PclEHUn13NVgKPQEO20XBftcfM=,6QZeBj/kpszZhLnn34mPr6sWW+k=
13,20,7PclEHUn13NVgKPQEO20XBftcfM=,6QZeBj/kpszZhLnn34mPr6sWW+k=
15,19,7PclEHUn13NVgKPQEO20XBftcfM=,6QZeBj/kpszZhLnn34mPr6sWW+k=
14,19,7PclEHUn13NVgKPQEO20XBftcfM=,6QZeBj/kpszZhLnn34mPr6sWW+k=
12,19,7PclEHUn13NVgKPQEO20XBftcfM=,6QZeBj/kpszZhLnn34mPr6sWW+k=
10,20,7PclEHUn13NVgKPQEO20XBftcfM=,6QZeBj/kpszZhLnn34mPr6sWW+k=
9,20,7PclEHUn13NVgKPQEO20XBftcfM=,6QZeBj/kpszZhLnn34mPr6sWW+k=
9,19,7PclEHUn13NVgKPQEO20XBftcfM=,6QZeBj/kpszZhLnn34mPr6sWW+k=
15,18,7PclEHUn13NVgKPQEO20XBftcfM=,6QZeBj/kpszZhLnn34mPr6sWW+k=
14,18,7PclEHUn13NVgKPQEO20XBftcfM=,6QZeBj/kpszZhLnn34mPr6sWW+k=
11,19,7PclEHUn13NVgKPQEO20XBftcfM=,6QZeBj/kpszZhLnn34mPr6sWW+k=
13,19,7PclEHUn13NVgKPQEO20XBftcfM=,6QZeBj/kpszZhLnn34mPr6sWW+k=
11,18,7PclEHUn13NVgKPQEO20XBftcfM=,6QZeBj/kpszZhLnn34mPr6sWW+k=
10,18,7PclEHUn13NVgKPQEO20XBftcfM=,6QZeBj/kpszZhLnn34mPr6sWW+k=
13,18,7PclEHUn13NVgKPQEO20XBftcfM=,6QZeBj/kpszZhLnn34mPr6sWW+k=
15,17,7PclEHUn13NVgKPQEO20XBftcfM=,6QZeBj/kpszZhLnn34mPr6sWW+k=
14,17,7PclEHUn13NVgKPQEO20XBftcfM=,6QZeBj/kpszZhLnn34mPr6sWW+k=
13,17,7PclEHUn13NVgKPQEO20XBftcfM=,6QZeBj/kpszZhLnn34mPr6sWW+k=
12,17,7PclEHUn13NVgKPQEO20XBftcfM=,6QZeBj/kpszZhLnn34mPr6sWW+k=
11,17,7PclEHUn13NVgKPQEO20XBftcfM=,6QZeBj/kpszZhLnn34mPr6sWW+k=
10,17,7PclEHUn13NVgKPQEO20XBftcfM=,6QZeBj/kpszZhLnn34mPr6sWW+k=
10,19,7PclEHUn13NVgKPQEO20XBftcfM=,6QZeBj/kpszZhLnn34mPr6sWW+k=
15,16,7PclEHUn13NVgKPQEO20XBftcfM=,6QZeBj/kpszZhLnn34mPr6sWW+k=
14,16,7PclEHUn13NVgKPQEO20XBftcfM=,6QZeBj/kpszZhLnn34mPr6sWW+k=
13,16,7PclEHUn13NVgKPQEO20XBftcfM=,6QZeBj/kpszZhLnn34mPr6sWW+k=
12,16,7PclEHUn13NVgKPQEO20XBftcfM=,6QZeBj/kpszZhLnn34mPr6sWW+k=
12,18,7PclEHUn13NVgKPQEO20XBftcfM=,6QZeBj/kpszZhLnn34mPr6sWW+k=
11,16,7PclEHUn13NVgKPQEO20XBftcfM=,6QZeBj/kpszZhLnn34mPr6sWW+k=
9,18,7PclEHUn13NVgKPQEO20XBftcfM=,6QZeBj/kpszZhLnn34mPr6sWW+k=
9,17,7PclEHUn13NVgKPQEO20XBftcfM=,6QZeBj/kpszZhLnn34mPr6sWW+k=
10,16,7PclEHUn13NVgKPQEO20XBftcfM=,6QZeBj/kpszZhLnn34mPr6sWW+k=
3,23,7PclEHUn13NVgKPQEO20XBftcfM=,/8XENd+vXH3QgpbzM1CUPwKsPXQ=
5,22,7PclEHUn13NVgKPQEO20XBftcfM=,/8XENd+vXH3QgpbzM1CUPwKsPXQ=
2,23,7PclEHUn13NVgKPQEO20XBftcfM=,/8XENd+vXH3QgpbzM1CUPwKsPXQ=
7,21,7PclEHUn13NVgKPQEO20XBftcfM=,/8XENd+vXH3QgpbzM1CUPwKsPXQ=
6,21,7PclEHUn13NVgKPQEO20XBftcfM=,/8XENd+vXH3QgpbzM1CUPwKsPXQ=
1,21,7PclEHUn13NVgKPQEO20XBftcfM=,/8XENd+vXH3QgpbzM1CUPwKsPXQ=
4,22,7PclEHUn13NVgKPQEO20XBftcfM=,/8XENd+vXH3QgpbzM1CUPwKsPXQ=
8,23,7PclEHUn13NVgKPQEO20XBftcfM=,6QZeBj/kpszZhLnn34mPr6sWW+k=
0,21,7PclEHUn13NVgKPQEO20XBftcfM=,/8XENd+vXH3QgpbzM1CUPwKsPXQ=
7,20,7PclEHUn13NVgKPQEO20XBftcfM=,/8XENd+vXH3QgpbzM1CUPwKsPXQ=
6,20,7PclEHUn13NVgKPQEO20XBftcfM=,/8XENd+vXH3QgpbzM1CUPwKsPXQ=
5,20,7PclEHUn13NVgKPQEO20XBftcfM=,/8XENd+vXH3QgpbzM1CUPwKsPXQ=
5,21,7PclEHUn13NVgKPQEO20XBftcfM=,/8XENd+vXH3QgpbzM1CUPwKsPXQ=
3,22,7PclEHUn13NVgKPQEO20XBftcfM=,/8XENd+vXH3QgpbzM1CUPwKsPXQ=
3,17,7PclEHUn13NVgKPQEO20XBftcfM=,/8XENd+vXH3QgpbzM1CUPwKsPXQ=
2,22,7PclEHUn13NVgKPQEO20XBftcfM=,/8XENd+vXH3QgpbzM1CUPwKsPXQ=
4,21,7PclEHUn13NVgKPQEO20XBftcfM=,/8XENd+vXH3QgpbzM1CUPwKsPXQ=
4,20,7PclEHUn13NVgKPQEO20XBftcfM=,/8XENd+vXH3QgpbzM1CUPwKsPXQ=
1,23,7PclEHUn13NVgKPQEO20XBftcfM=,/8XENd+vXH3QgpbzM1CUPwKsPXQ=
1,20,7PclEHUn13NVgKPQEO20XBftcfM=,/8XENd+vXH3QgpbzM1CUPwKsPXQ=
1,22,7PclEHUn13NVgKPQEO20XBftcfM=,/8XENd+vXH3QgpbzM1CUPwKsPXQ=
3,20,7PclEHUn13NVgKPQEO20XBftcfM=,/8XENd+vXH3QgpbzM1CUPwKsPXQ=
2,20,7PclEHUn13NVgKPQEO20XBftcfM=,/8XENd+vXH3QgpbzM1CUPwKsPXQ=
2,16,7PclEHUn13NVgKPQEO20XBftcfM=,/8XENd+vXH3QgpbzM1CUPwKsPXQ=
0,22,7PclEHUn13NVgKPQEO20XBftcfM=,/8XENd+vXH3QgpbzM1CUPwKsPXQ=
3,21,7PclEHUn13NVgKPQEO20XBftcfM=,/8XENd+vXH3QgpbzM1CUPwKsPXQ=
3,19,7PclEHUn13NVgKPQEO20XBftcfM=,/8XENd+vXH3QgpbzM1CUPwKsPXQ=
0,20,7PclEHUn13NVgKPQEO20XBftcfM=,/8XENd+vXH3QgpbzM1CUPwKsPXQ=
7,19,7PclEHUn13NVgKPQEO20XBftcfM=,/8XENd+vXH3QgpbzM1CUPwKsPXQ=
8,22,7PclEHUn13NVgKPQEO20XBftcfM=,6QZeBj/kpszZhLnn34mPr6sWW+k=
6,19,7PclEHUn13NVgKPQEO20XBftcfM=,/8XENd+vXH3QgpbzM1CUPwKsPXQ=
5,19,7PclEHUn13NVgKPQEO20XBftcfM=,/8XENd+vXH3QgpbzM1CUPwKsPXQ=
4,19,7PclEHUn13NVgKPQEO20XBftcfM=,/8XENd+vXH3QgpbzM1CUPwKsPXQ=
2,21,7PclEHUn13NVgKPQEO20XBftcfM=,/8XENd+vXH3QgpbzM1CUPwKsPXQ=
0,23,7PclEHUn13NVgKPQEO20XBftcfM=,/8XENd+vXH3QgpbzM1CUPwKsPXQ=
7,22,7PclEHUn13NVgKPQEO20XBftcfM=,/8XENd+vXH3QgpbzM1CUPwKsPXQ=
6,22,7PclEHUn13NVgKPQEO20XBftcfM=,/8XENd+vXH3QgpbzM1CUPwKsPXQ=
4,17,7PclEHUn13NVgKPQEO20XBftcfM=,/8XENd+vXH3QgpbzM1CUPwKsPXQ=
4,23,7PclEHUn13NVgKPQEO20XBftcfM=,/8XENd+vXH3QgpbzM1CUPwKsPXQ=
5,23,7PclEHUn13NVgKPQEO20XBftcfM=,/8XENd+vXH3QgpbzM1CUPwKsPXQ=
6,23,7PclEHUn13NVgKPQEO20XBftcfM=,/8XENd+vXH3QgpbzM1CUPwKsPXQ=
7,23,7PclEHUn13NVgKPQEO20XBftcfM=,/8XENd+vXH3QgpbzM1CUPwKsPXQ=
3,18,7PclEHUn13NVgKPQEO20XBftcfM=,/8XENd+vXH3QgpbzM1CUPwKsPXQ=
1,17,7PclEHUn13NVgKPQEO20XBftcfM=,/8XENd+vXH3QgpbzM1CUPwKsPXQ=
2,17,7PclEHUn13NVgKPQEO20XBftcfM=,/8XENd+vXH3QgpbzM1CUPwKsPXQ=
8,16,7PclEHUn13NVgKPQEO20XBftcfM=,6QZeBj/kpszZhLnn34mPr6sWW+k=
7,16,7PclEHUn13NVgKPQEO20XBftcfM=,/8XENd+vXH3QgpbzM1CUPwKsPXQ=
3,16,7PclEHUn13NVgKPQEO20XBftcfM=,/8XENd+vXH3QgpbzM1CUPwKsPXQ=
5,16,7PclEHUn13NVgKPQEO20XBftcfM=,/8XENd+vXH3QgpbzM1CUPwKsPXQ=
4,16,7PclEHUn13NVgKPQEO20XBftcfM=,/8XENd+vXH3QgpbzM1CUPwKsPXQ=
0,16,7PclEHUn13NVgKPQEO20XBftcfM=,/8XENd+vXH3QgpbzM1CUPwKsPXQ=
2,19,7PclEHUn13NVgKPQEO20XBftcfM=,/8XENd+vXH3QgpbzM1CUPwKsPXQ=
1,19,7PclEHUn13NVgKPQEO20XBftcfM=,/8XENd+vXH3QgpbzM1CUPwKsPXQ=
0,19,7PclEHUn13NVgKPQEO20XBftcfM=,/8XENd+vXH3QgpbzM1CUPwKsPXQ=
7,18,7PclEHUn13NVgKPQEO20XBftcfM=,/8XENd+vXH3QgpbzM1CUPwKsPXQ=
0,17,7PclEHUn13NVgKPQEO20XBftcfM=,/8XENd+vXH3QgpbzM1CUPwKsPXQ=
6,16,7PclEHUn13NVgKPQEO20XBftcfM=,/8XENd+vXH3QgpbzM1CUPwKsPXQ=
5,18,7PclEHUn13NVgKPQEO20XBftcfM=,/8XENd+vXH3QgpbzM1CUPwKsPXQ=
5,17,7PclEHUn13NVgKPQEO20XBftcfM=,/8XENd+vXH3QgpbzM1CUPwKsPXQ=
8,17,7PclEHUn13NVgKPQEO20XBftcfM=,6QZeBj/kpszZhLnn34mPr6sWW+k=
6,18,7PclEHUn13NVgKPQEO20XBftcfM=,/8XENd+vXH3QgpbzM1CUPwKsPXQ=
4,18,7PclEHUn13NVgKPQEO20XBftcfM=,/8XENd+vXH3QgpbzM1CUPwKsPXQ=
1,16,7PclEHUn13NVgKPQEO20XBftcfM=,/8XENd+vXH3QgpbzM1CUPwKsPXQ=
8,21,7PclEHUn13NVgKPQEO20XBftcfM=,6QZeBj/kpszZhLnn34mPr6sWW+k=
8,20,7PclEHUn13NVgKPQEO20XBftcfM=,6QZeBj/kpszZhLnn34mPr6sWW+k=
1,18,7PclEHUn13NVgKPQEO20XBftcfM=,/8XENd+vXH3QgpbzM1CUPwKsPXQ=
6,17,7PclEHUn13NVgKPQEO20XBftcfM=,/8XENd+vXH3QgpbzM1CUPwKsPXQ=
0,18,7PclEHUn13NVgKPQEO20XBftcfM=,/8XENd+vXH3QgpbzM1CUPwKsPXQ=
2,18,7PclEHUn13NVgKPQEO20XBftcfM=,/8XENd+vXH3QgpbzM1CUPwKsPXQ=
8,18,7PclEHUn13NVgKPQEO20XBftcfM=,6QZeBj/kpszZhLnn34mPr6sWW+k=
8,19,7PclEHUn13NVgKPQEO20XBftcfM=,6QZeBj/kpszZhLnn34mPr6sWW+k=
7,17,7PclEHUn13NVgKPQEO20XBftcfM=,/8XENd+vXH3QgpbzM1CUPwKsPXQ=
20,7,8pNTE0o80ih7HErTPBUzExra/ig=,mk9Bs5+mNxunTcAJJWSOQyPGXxk=
19,0,8pNTE0o80ih7HErTPBUzExra/ig=,mk9Bs5+mNxunTcAJJWSOQyPGXxk=
21,5,8pNTE0o80ih7HErTPBUzExra/ig=,mk9Bs5+mNxunTcAJJWSOQyPGXxk=
20,5,8pNTE0o80ih7HErTPBUzExra/ig=,mk9Bs5+mNxunTcAJJWSOQyPGXxk=
19,7,8pNTE0o80ih7HErTPBUzExra/ig=,mk9Bs5+mNxunTcAJJWSOQyPGXxk=
23,4,8pNTE0o80ih7HErTPBUzExra/ig=,mk9Bs5+mNxunTcAJJWSOQyPGXxk=
19,5,8pNTE0o80ih7HErTPBUzExra/ig=,mk9Bs5+mNxunTcAJJWSOQyPGXxk=
20,6,8pNTE0o80ih7HErTPBUzExra/ig=,mk9Bs5+mNxunTcAJJWSOQyPGXxk=
18,5,8pNTE0o80ih7HErTPBUzExra/ig=,mk9Bs5+mNxunTcAJJWSOQyPGXxk=
18,7,8pNTE0o80ih7HErTPBUzExra/ig=,mk9Bs5+mNxunTcAJJWSOQyPGXxk=
19,2,8pNTE0o80ih7HErTPBUzExra/ig=,mk9Bs5+mNxunTcAJJWSOQyPGXxk=
22,4,8pNTE0o80ih7HErTPBUzExra/ig=,mk9Bs5+mNxunTcAJJWSOQyPGXxk=
16,5,8pNTE0o80ih7HErTPBUzExra/ig=,mk9Bs5+mNxunTcAJJWSOQyPGXxk=
17,7,8pNTE0o80ih7HErTPBUzExra/ig=,mk9Bs5+mNxunTcAJJWSOQyPGXxk=
17,4,8pNTE0o80ih7HErTPBUzExra/ig=,mk9Bs5+mNxunTcAJJWSOQyPGXxk=
17,0,8pNTE0o80ih7HErTPBUzExra/ig=,mk9Bs5+mNxunTcAJJWSOQyPGXxk=
17,3,8pNTE0o80ih7HErTPBUzExra/ig=,mk9Bs5+mNxunTcAJJWSOQyPGXxk=
16,3,8pNTE0o80ih7HErTPBUzExra/ig=,mk9Bs5+mNxunTcAJJWSOQyPGXxk=
19,6,8pNTE0o80ih7HErTPBUzExra/ig=,mk9Bs5+mNxunTcAJJWSOQyPGXxk=
23,2,8pNTE0o80ih7HErTPBUzExra/ig=,mk9Bs5+mNxunTcAJJWSOQyPGXxk=
22,2,8pNTE0o80ih7HErTPBUzExra/ig=,mk9Bs5+mNxunTcAJJWSOQyPGXxk=
21,2,8pNTE0o80ih7HErTPBUzExra/ig=,mk9Bs5+mNxunTcAJJWSOQyPGXxk=
17,5,8pNTE0o80ih7HErTPBUzExra/ig=,mk9Bs5+mNxunTcAJJWSOQyPGXxk=
20,2,8pNTE0o80ih7HErTPBUzExra/ig=,mk9Bs5+mNxunTcAJJWSOQyPGXxk=
18,2,8pNTE0o80ih7HErTPBUzExra/ig=,mk9Bs5+mNxunTcAJJWSOQyPGXxk=
18,6,8pNTE0o80ih7HErTPBUzExra/ig=,mk9Bs5+mNxunTcAJJWSOQyPGXxk=
23,3,8pNTE0o80ih7HErTPBUzExra/ig=,mk9Bs5+mNxunTcAJJWSOQyPGXxk=
22,3,8pNTE0o80ih7HErTPBUzExra/ig=,mk9Bs5+mNxunTcAJJWSOQyPGXxk=
17,2,8pNTE0o80ih7HErTPBUzExra/ig=,mk9Bs5+mNxunTcAJJWSOQyPGXxk=
21,4,8pNTE0o80ih7HErTPBUzExra/ig=,mk9Bs5+mNxunTcAJJWSOQyPGXxk=
16,4,8pNTE0o80ih7HErTPBUzExra/ig=,mk9Bs5+mNxunTcAJJWSOQyPGXxk=
17,6,8pNTE0o80ih7HErTPBUzExra/ig=,mk9Bs5+mNxunTcAJJWSOQyPGXxk=
21,3,8pNTE0o80ih7HErTPBUzExra/ig=,mk9Bs5+mNxunTcAJJWSOQyPGXxk=
23,5,8pNTE0o80ih7HErTPBUzExra/ig=,mk9Bs5+mNxunTcAJJWSOQyPGXxk=
20,3,8pNTE0o80ih7HErTPBUzExra/ig=,mk9Bs5+mNxunTcAJJWSOQyPGXxk=
16,6,8pNTE0o80ih7HErTPBUzExra/ig=,mk9Bs5+mNxunTcAJJWSOQyPGXxk=
16,7,8pNTE0o80ih7HErTPBUzExra/ig=,mk9Bs5+mNxunTcAJJWSOQyPGXxk=
18,3,8pNTE0o80ih7HErTPBUzExra/ig=,mk9Bs5+mNxunTcAJJWSOQyPGXxk=
19,3,8pNTE0o80ih7HErTPBUzExra/ig=,mk9Bs5+mNxunTcAJJWSOQyPGXxk=
18,0,8pNTE0o80ih7HErTPBUzExra/ig=,mk9Bs5+mNxunTcAJJWSOQyPGXxk=
19,1,8pNTE0o80ih7HErTPBUzExra/ig=,mk9Bs5+mNxunTcAJJWSOQyPGXxk=
22,5,8pNTE0o80ih7HErTPBUzExra/ig=,mk9Bs5+mNxunTcAJJWSOQyPGXxk=
18,1,8pNTE0o80ih7HErTPBUzExra/ig=,mk9Bs5+mNxunTcAJJWSOQyPGXxk=
23,1,8pNTE0o80ih7HErTPBUzExra/ig=,mk9Bs5+mNxunTcAJJWSOQyPGXxk=
22,1,8pNTE0o80ih7HErTPBUzExra/ig=,mk9Bs5+mNxunTcAJJWSOQyPGXxk=
21,1,8pNTE0o80ih7HErTPBUzExra/ig=,mk9Bs5+mNxunTcAJJWSOQyPGXxk=
20,4,8pNTE0o80ih7HErTPBUzExra/ig=,mk9Bs5+mNxunTcAJJWSOQyPGXxk=
16,2,8pNTE0o80ih7HErTPBUzExra/ig=,mk9Bs5+mNxunTcAJJWSOQyPGXxk=
17,1,8pNTE0o80ih7HErTPBUzExra/ig=,mk9Bs5+mNxunTcAJJWSOQyPGXxk=
20,1,8pNTE0o80ih7HErTPBUzExra/ig=,mk9Bs5+mNxunTcAJJWSOQyPGXxk=
16,1,8pNTE0o80ih7HErTPBUzExra/ig=,mk9Bs5+mNxunTcAJJWSOQyPGXxk=
23,6,8pNTE0o80ih7HErTPBUzExra/ig=,mk9Bs5+mNxunTcAJJWSOQyPGXxk=
23,0,8pNTE0o80ih7HErTPBUzExra/ig=,mk9Bs5+mNxunTcAJJWSOQyPGXxk=
22,0,8pNTE0o80ih7HErTPBUzExra/ig=,mk9Bs5+mNxunTcAJJWSOQyPGXxk=
21,0,8pNTE0o80ih7HErTPBUzExra/ig=,mk9Bs5+mNxunTcAJJWSOQyPGXxk=
19,4,8pNTE0o80ih7HErTPBUzExra/ig=,mk9Bs5+mNxunTcAJJWSOQyPGXxk=
22,6,8pNTE0o80ih7HErTPBUzExra/ig=,mk9Bs5+mNxunTcAJJWSOQyPGXxk=
18,4,8pNTE0o80ih7HErTPBUzExra/ig=,mk9Bs5+mNxunTcAJJWSOQyPGXxk=
20,0,8pNTE0o80ih7HErTPBUzExra/ig=,mk9Bs5+mNxunTcAJJWSOQyPGXxk=
23,7,8pNTE0o80ih7HErTPBUzExra/ig=,mk9Bs5+mNxunTcAJJWSOQyPGXxk=
22,7,8pNTE0o80ih7HErTPBUzExra/ig=,mk9Bs5+mNxunTcAJJWSOQyPGXxk=
21,7,8pNTE0o80ih7HErTPBUzExra/ig=,mk9Bs5+mNxunTcAJJWSOQyPGXxk=
16,0,8pNTE0o80ih7HErTPBUzExra/ig=,mk9Bs5+mNxunTcAJJWSOQyPGXxk=
21,6,8pNTE0o80ih7HErTPBUzExra/ig=,mk9Bs5+mNxunTcAJJWSOQyPGXxk=
