-20,-14,Ok67qbHDI6BxUfcNXzq6tK5/AEI=,KygWRG4kIpP246KU6JuPGhxEe5s=
-22,-9,Ok67qbHDI6BxUfcNXzq6tK5/AEI=,KygWRG4kIpP246KU6JuPGhxEe5s=
-21,-14,Ok67qbHDI6BxUfcNXzq6tK5/AEI=,KygWRG4kIpP246KU6JuPGhxEe5s=
-19,-10,Ok67qbHDI6BxUfcNXzq6tK5/AEI=,KygWRG4kIpP246KU6JuPGhxEe5s=
-22,-14,Ok67qbHDI6BxUfcNXzq6tK5/AEI=,KygWRG4kIpP246KU6JuPGhxEe5s=
-21,-9,Ok67qbHDI6BxUfcNXzq6tK5/AEI=,KygWRG4kIpP246KU6JuPGhxEe5s=
-17,-11,Ok67qbHDI6BxUfcNXzq6tK5/AEI=,KygWRG4kIpP246KU6JuPGhxEe5s=
-23,-14,Ok67qbHDI6BxUfcNXzq6tK5/AEI=,KygWRG4kIpP246KU6JuPGhxEe5s=
-21,-15,Ok67qbHDI6BxUfcNXzq6tK5/AEI=,KygWRG4kIpP246KU6JuPGhxEe5s=
-22,-15,Ok67qbHDI6BxUfcNXzq6tK5/AEI=,KygWRG4kIpP246KU6JuPGhxEe5s=
-23,-15,Ok67qbHDI6BxUfcNXzq6tK5/AEI=,KygWRG4kIpP246KU6JuPGhxEe5s=
-24,-15,Ok67qbHDI6BxUfcNXzq6tK5/AEI=,KygWRG4kIpP246KU6JuPGhxEe5s=
-17,-16,Ok67qbHDI6BxUfcNXzq6tK5/AEI=,KygWRG4kIpP246KU6JuPGhxEe5s=
-24,-14,Ok67qbHDI6BxUfcNXzq6tK5/AEI=,KygWRG4kIpP246KU6JuPGhxEe5s=
-18,-16,Ok67qbHDI6BxUfcNXzq6tK5/AEI=,KygWRG4kIpP246KU6JuPGhxEe5s=
-19,-16,Ok67qbHDI6BxUfcNXzq6tK5/AEI=,KygWRG4kIpP246KU6JuPGhxEe5s=
-20,-10,Ok67qbHDI6BxUfcNXzq6tK5/AEI=,KygWRG4kIpP246KU6JuPGhxEe5s=
-21,-16,Ok67qbHDI6BxUfcNXzq6tK5/AEI=,KygWRG4kIpP246KU6JuPGhxEe5s=
-18,-11,Ok67qbHDI6BxUfcNXzq6tK5/AEI=,KygWRG4kIpP246KU6JuPGhxEe5s=
-19,-11,Ok67qbHDI6BxUfcNXzq6tK5/AEI=,KygWRG4kIpP246KU6JuPGhxEe5s=
-20,-11,Ok67qbHDI6BxUfcNXzq6tK5/AEI=,KygWRG4kIpP246KU6JuPGhxEe5s=
-21,-10,Ok67qbHDI6BxUfcNXzq6tK5/AEI=,KygWRG4kIpP246KU6JuPGhxEe5s=
-23,-9,Ok67qbHDI6BxUfcNXzq6tK5/AEI=,KygWRG4kIpP246KU6JuPGhxEe5s=
-22,-10,Ok67qbHDI6BxUfcNXzq6tK5/AEI=,KygWRG4kIpP246KU6JuPGhxEe5s=
-21,-11,Ok67qbHDI6BxUfcNXzq6tK5/AEI=,KygWRG4kIpP246KU6JuPGhxEe5s=
-21,-13,Ok67qbHDI6BxUfcNXzq6tK5/AEI=,KygWRG4kIpP246KU6JuPGhxEe5s=
-22,-11,Ok67qbHDI6BxUfcNXzq6tK5/AEI=,KygWRG4kIpP246KU6JuPGhxEe5s=
-17,-15,Ok67qbHDI6BxUfcNXzq6tK5/AEI=,KygWRG4kIpP246KU6JuPGhxEe5s=
-23,-10,Ok67qbHDI6BxUfcNXzq6tK5/AEI=,KygWRG4kIpP246KU6JuPGhxEe5s=
-24,-10,Ok67qbHDI6BxUfcNXzq6tK5/AEI=,KygWRG4kIpP246KU6JuPGhxEe5s=
-22,-16,Ok67qbHDI6BxUfcNXzq6tK5/AEI=,KygWRG4kIpP246KU6JuPGhxEe5s=
-17,-12,Ok67qbHDI6BxUfcNXzq6tK5/AEI=,KygWRG4kIpP246KU6JuPGhxEe5s=
-18,-12,Ok67qbHDI6BxUfcNXzq6tK5/AEI=,KygWRG4kIpP246KU6JuPGhxEe5s=
-19,-12,Ok67qbHDI6BxUfcNXzq6tK5/AEI=,KygWRG4kIpP246KU6JuPGhxEe5s=
-20,-12,Ok67qbHDI6BxUfcNXzq6tK5/AEI=,KygWRG4kIpP246KU6JuPGhxEe5s=
-21,-12,Ok67qbHDI6BxUfcNXzq6tK5/AEI=,KygWRG4kIpP246KU6JuPGhxEe5s=
-22,-12,Ok67qbHDI6BxUfcNXzq6tK5/AEI=,KygWRG4kIpP246KU6JuPGhxEe5s=
-20,-16,Ok67qbHDI6BxUfcNXzq6tK5/AEI=,KygWRG4kIpP246KU6JuPGhxEe5s=
-23,-16,Ok67qbHDI6BxUfcNXzq6tK5/AEI=,KygWRG4kIpP246KU6JuPGhxEe5s=
-24,-9,Ok67qbHDI6BxUfcNXzq6tK5/AEI=,KygWRG4kIpP246KU6JuPGhxEe5s=
-17,-10,Ok67qbHDI6BxUfcNXzq6tK5/AEI=,KygWRG4kIpP246KU6JuPGhxEe5s=
-18,-10,Ok67qbHDI6BxUfcNXzq6tK5/AEI=,KygWRG4kIpP246KU6JuPGhxEe5s=
-18,-15,Ok67qbHDI6BxUfcNXzq6tK5/AEI=,KygWRG4kIpP246KU6JuPGhxEe5s=
-23,-11,Ok67qbHDI6BxUfcNXzq6tK5/AEI=,KygWRG4kIpP246KU6JuPGhxEe5s=
-19,-15,Ok67qbHDI6BxUfcNXzq6tK5/AEI=,KygWRG4kIpP246KU6JuPGhxEe5s=
-24,-11,Ok67qbHDI6BxUfcNXzq6tK5/AEI=,KygWRG4kIpP246KU6JuPGhxEe5s=
-17,-9,Ok67qbHDI6BxUfcNXzq6tK5/AEI=,KygWRG4kIpP246KU6JuPGhxEe5s=
-18,-9,Ok67qbHDI6BxUfcNXzq6tK5/AEI=,KygWRG4kIpP246KU6JuPGhxEe5s=
-19,-9,Ok67qbHDI6BxUfcNXzq6tK5/AEI=,KygWRG4kIpP246KU6JuPGhxEe5s=
-20,-15,Ok67qbHDI6BxUfcNXzq6tK5/AEI=,KygWRG4kIpP246KU6JuPGhxEe5s=
-23,-12,Ok67qbHDI6BxUfcNXzq6tK5/AEI=,KygWRG4kIpP246KU6JuPGhxEe5s=
-24,-12,Ok67qbHDI6BxUfcNXzq6tK5/AEI=,KygWRG4kIpP246KU6JuPGhxEe5s=
-20,-9,Ok67qbHDI6BxUfcNXzq6tK5/AEI=,KygWRG4kIpP246KU6JuPGhxEe5s=
-17,-13,Ok67qbHDI6BxUfcNXzq6tK5/AEI=,KygWRG4kIpP246KU6JuPGhxEe5s=
-18,-13,Ok67qbHDI6BxUfcNXzq6tK5/AEI=,KygWRG4kIpP246KU6JuPGhxEe5s=
-19,-13,Ok67qbHDI6BxUfcNXzq6tK5/AEI=,KygWRG4kIpP246KU6JuPGhxEe5s=
-20,-13,Ok67qbHDI6BxUfcNXzq6tK5/AEI=,KygWRG4kIpP246KU6JuPGhxEe5s=
-24,-16,Ok67qbHDI6BxUfcNXzq6tK5/AEI=,KygWRG4kIpP246KU6JuPGhxEe5s=
-22,-13,Ok67qbHDI6BxUfcNXzq6tK5/AEI=,KygWRG4kIpP246KU6JuPGhxEe5s=
-24,-13,Ok67qbHDI6BxUfcNXzq6tK5/AEI=,KygWRG4kIpP246KU6JuPGhxEe5s=
-17,-14,Ok67qbHDI6BxUfcNXzq6tK5/AEI=,KygWRG4kIpP246KU6JuPGhxEe5s=
-23,-13,Ok67qbHDI6BxUfcNXzq6tK5/AEI=,KygWRG4kIpP246KU6JuPGhxEe5s=
-18,-14,Ok67qbHDI6BxUfcNXzq6tK5/AEI=,KygWRG4kIpP246KU6JuPGhxEe5s=
-19,-14,Ok67qbHDI6BxUfcNXzq6tK5/AEI=,KygWRG4kIpP246KU6JuPGhxEe5s=
-15,-7,2z8o8H9WMPbGDcnrZKboGPAx6eA=,iukL+1JXlbB+4V25hbNos+1zWjQ=
-13,-5,2z8o8H9WMPbGDcnrZKboGPAx6eA=,iukL+1JXlbB+4V25hbNos+1zWjQ=
-14,-5,2z8o8H9WMPbGDcnrZKboGPAx6eA=,iukL+1JXlbB+4V25hbNos+1zWjQ=
-15,-5,2z8o8H9WMPbGDcnrZKboGPAx6eA=,iukL+1JXlbB+4V25hbNos+1zWjQ=
-10,-2,2z8o8H9WMPbGDcnrZKboGPAx6eA=,iukL+1JXlbB+4V25hbNos+1zWjQ=
-11,-2,2z8o8H9WMPbGDcnrZKboGPAx6eA=,iukL+1JXlbB+4V25hbNos+1zWjQ=
-12,-2,2z8o8H9WMPbGDcnrZKboGPAx6eA=,iukL+1JXlbB+4V25hbNos+1zWjQ=
-13,-2,2z8o8H9WMPbGDcnrZKboGPAx6eA=,iukL+1JXlbB+4V25hbNos+1zWjQ=
-14,-2,2z8o8H9WMPbGDcnrZKboGPAx6eA=,iukL+1JXlbB+4V25hbNos+1zWjQ=
-15,-2,2z8o8H9WMPbGDcnrZKboGPAx6eA=,iukL+1JXlbB+4V25hbNos+1zWjQ=
-10,-3,2z8o8H9WMPbGDcnrZKboGPAx6eA=,iukL+1JXlbB+4V25hbNos+1zWjQ=
-11,-3,2z8o8H9WMPbGDcnrZKboGPAx6eA=,iukL+1JXlbB+4V25hbNos+1zWjQ=
-12,-3,2z8o8H9WMPbGDcnrZKboGPAx6eA=,iukL+1JXlbB+4V25hbNos+1zWjQ=
-13,-3,2z8o8H9WMPbGDcnrZKboGPAx6eA=,iukL+1JXlbB+4V25hbNos+1zWjQ=
-14,-3,2z8o8H9WMPbGDcnrZKboGPAx6eA=,iukL+1JXlbB+4V25hbNos+1zWjQ=
-15,-3,69mxZ0bqASEWtQ0dM0OV2tgiWXU=,iukL+1JXlbB+4V25hbNos+1zWjQ=
-10,-4,LSkblTGtB11qnpBnGmz4ZfqXTN4=,iukL+1JXlbB+4V25hbNos+1zWjQ=
-11,-4,LSkblTGtB11qnpBnGmz4ZfqXTN4=,iukL+1JXlbB+4V25hbNos+1zWjQ=
-12,-4,LSkblTGtB11qnpBnGmz4ZfqXTN4=,iukL+1JXlbB+4V25hbNos+1zWjQ=
-13,-4,LSkblTGtB11qnpBnGmz4ZfqXTN4=,iukL+1JXlbB+4V25hbNos+1zWjQ=
-14,-4,LSkblTGtB11qnpBnGmz4ZfqXTN4=,iukL+1JXlbB+4V25hbNos+1zWjQ=
-15,-4,LSkblTGtB11qnpBnGmz4ZfqXTN4=,iukL+1JXlbB+4V25hbNos+1zWjQ=
-10,-5,LSkblTGtB11qnpBnGmz4ZfqXTN4=,iukL+1JXlbB+4V25hbNos+1zWjQ=
-11,-5,LSkblTGtB11qnpBnGmz4ZfqXTN4=,iukL+1JXlbB+4V25hbNos+1zWjQ=
-12,-5,LSkblTGtB11qnpBnGmz4ZfqXTN4=,iukL+1JXlbB+4V25hbNos+1zWjQ=
-10,-6,LSkblTGtB11qnpBnGmz4ZfqXTN4=,iukL+1JXlbB+4V25hbNos+1zWjQ=
-11,-6,LSkblTGtB11qnpBnGmz4ZfqXTN4=,iukL+1JXlbB+4V25hbNos+1zWjQ=
-12,-6,LSkblTGtB11qnpBnGmz4ZfqXTN4=,iukL+1JXlbB+4V25hbNos+1zWjQ=
-13,-6,LSkblTGtB11qnpBnGmz4ZfqXTN4=,iukL+1JXlbB+4V25hbNos+1zWjQ=
-14,-6,LSkblTGtB11qnpBnGmz4ZfqXTN4=,iukL+1JXlbB+4V25hbNos+1zWjQ=
-15,-6,LSkblTGtB11qnpBnGmz4ZfqXTN4=,iukL+1JXlbB+4V25hbNos+1zWjQ=
-10,-7,LSkblTGtB11qnpBnGmz4ZfqXTN4=,iukL+1JXlbB+4V25hbNos+1zWjQ=
-11,-7,LSkblTGtB11qnpBnGmz4ZfqXTN4=,iukL+1JXlbB+4V25hbNos+1zWjQ=
-12,-7,LSkblTGtB11qnpBnGmz4ZfqXTN4=,iukL+1JXlbB+4V25hbNos+1zWjQ=
-13,-7,LSkblTGtB11qnpBnGmz4ZfqXTN4=,iukL+1JXlbB+4V25hbNos+1zWjQ=
-14,-7,LSkblTGtB11qnpBnGmz4ZfqXTN4=,iukL+1JXlbB+4V25hbNos+1zWjQ=
-4,-11,LSkblTGtB11qnpBnGmz4ZfqXTN4=,sELCu67JcQ6xWhDyZak+RzMPz7Q=
-3,-11,LSkblTGtB11qnpBnGmz4ZfqXTN4=,sELCu67JcQ6xWhDyZak+RzMPz7Q=
-2,-11,LSkblTGtB11qnpBnGmz4ZfqXTN4=,sELCu67JcQ6xWhDyZak+RzMPz7Q=
-1,-11,LSkblTGtB11qnpBnGmz4ZfqXTN4=,sELCu67JcQ6xWhDyZak+RzMPz7Q=
-7,-10,LSkblTGtB11qnpBnGmz4ZfqXTN4=,sELCu67JcQ6xWhDyZak+RzMPz7Q=
-6,-10,LSkblTGtB11qnpBnGmz4ZfqXTN4=,sELCu67JcQ6xWhDyZak+RzMPz7Q=
-5,-10,LSkblTGtB11qnpBnGmz4ZfqXTN4=,sELCu67JcQ6xWhDyZak+RzMPz7Q=
-7,-15,LSkblTGtB11qnpBnGmz4ZfqXTN4=,sELCu67JcQ6xWhDyZak+RzMPz7Q=
-6,-15,LSkblTGtB11qnpBnGmz4ZfqXTN4=,sELCu67JcQ6xWhDyZak+RzMPz7Q=
-4,-10,LSkblTGtB11qnpBnGmz4ZfqXTN4=,sELCu67JcQ6xWhDyZak+RzMPz7Q=
-5,-15,LSkblTGtB11qnpBnGmz4ZfqXTN4=,sELCu67JcQ6xWhDyZak+RzMPz7Q=
-3,-10,LSkblTGtB11qnpBnGmz4ZfqXTN4=,sELCu67JcQ6xWhDyZak+RzMPz7Q=
-2,-10,LSkblTGtB11qnpBnGmz4ZfqXTN4=,sELCu67JcQ6xWhDyZak+RzMPz7Q=
-4,-15,LSkblTGtB11qnpBnGmz4ZfqXTN4=,sELCu67JcQ6xWhDyZak+RzMPz7Q=
-3,-15,LSkblTGtB11qnpBnGmz4ZfqXTN4=,sELCu67JcQ6xWhDyZak+RzMPz7Q=
-2,-15,LSkblTGtB11qnpBnGmz4ZfqXTN4=,sELCu67JcQ6xWhDyZak+RzMPz7Q=
-1,-10,LSkblTGtB11qnpBnGmz4ZfqXTN4=,sELCu67JcQ6xWhDyZak+RzMPz7Q=
-1,-15,LSkblTGtB11qnpBnGmz4ZfqXTN4=,sELCu67JcQ6xWhDyZak+RzMPz7Q=
-7,-14,LSkblTGtB11qnpBnGmz4ZfqXTN4=,sELCu67JcQ6xWhDyZak+RzMPz7Q=
-6,-14,LSkblTGtB11qnpBnGmz4ZfqXTN4=,sELCu67JcQ6xWhDyZak+RzMPz7Q=
-5,-14,PmGGZsqshTGv6JcXL2YpGGBsHBQ=,sELCu67JcQ6xWhDyZak+RzMPz7Q=
-4,-14,PmGGZsqshTGv6JcXL2YpGGBsHBQ=,sELCu67JcQ6xWhDyZak+RzMPz7Q=
-3,-14,PmGGZsqshTGv6JcXL2YpGGBsHBQ=,sELCu67JcQ6xWhDyZak+RzMPz7Q=
-2,-14,PmGGZsqshTGv6JcXL2YpGGBsHBQ=,sELCu67JcQ6xWhDyZak+RzMPz7Q=
-1,-14,PmGGZsqshTGv6JcXL2YpGGBsHBQ=,sELCu67JcQ6xWhDyZak+RzMPz7Q=
-7,-13,PmGGZsqshTGv6JcXL2YpGGBsHBQ=,sELCu67JcQ6xWhDyZak+RzMPz7Q=
-6,-13,PmGGZsqshTGv6JcXL2YpGGBsHBQ=,sELCu67JcQ6xWhDyZak+RzMPz7Q=
-5,-13,PmGGZsqshTGv6JcXL2YpGGBsHBQ=,sELCu67JcQ6xWhDyZak+RzMPz7Q=
-4,-13,PmGGZsqshTGv6JcXL2YpGGBsHBQ=,sELCu67JcQ6xWhDyZak+RzMPz7Q=
-3,-13,PmGGZsqshTGv6JcXL2YpGGBsHBQ=,sELCu67JcQ6xWhDyZak+RzMPz7Q=
-2,-13,PmGGZsqshTGv6JcXL2YpGGBsHBQ=,sELCu67JcQ6xWhDyZak+RzMPz7Q=
-1,-13,PmGGZsqshTGv6JcXL2YpGGBsHBQ=,sELCu67JcQ6xWhDyZak+RzMPz7Q=
-7,-12,PmGGZsqshTGv6JcXL2YpGGBsHBQ=,sELCu67JcQ6xWhDyZak+RzMPz7Q=
-6,-12,PmGGZsqshTGv6JcXL2YpGGBsHBQ=,sELCu67JcQ6xWhDyZak+RzMPz7Q=
-5,-12,PmGGZsqshTGv6JcXL2YpGGBsHBQ=,sELCu67JcQ6xWhDyZak+RzMPz7Q=
-4,-12,PmGGZsqshTGv6JcXL2YpGGBsHBQ=,sELCu67JcQ6xWhDyZak+RzMPz7Q=
-3,-12,21vHECZyGSV+IFp70Rj72uRzlGc=,sELCu67JcQ6xWhDyZak+RzMPz7Q=
-2,-12,21vHECZyGSV+IFp70Rj72uRzlGc=,sELCu67JcQ6xWhDyZak+RzMPz7Q=
-1,-12,21vHECZyGSV+IFp70Rj72uRzlGc=,sELCu67JcQ6xWhDyZak+RzMPz7Q=
-7,-11,21vHECZyGSV+IFp70Rj72uRzlGc=,sELCu67JcQ6xWhDyZak+RzMPz7Q=
-6,-11,21vHECZyGSV+IFp70Rj72uRzlGc=,sELCu67JcQ6xWhDyZak+RzMPz7Q=
-5,-11,21vHECZyGSV+IFp70Rj72uRzlGc=,sELCu67JcQ6xWhDyZak+RzMPz7Q=
-15,-1,21vHECZyGSV+IFp70Rj72uRzlGc=,iukL+1JXlbB+4V25hbNos+1zWjQ=
-14,-1,21vHECZyGSV+IFp70Rj72uRzlGc=,iukL+1JXlbB+4V25hbNos+1zWjQ=
-13,-1,21vHECZyGSV+IFp70Rj72uRzlGc=,iukL+1JXlbB+4V25hbNos+1zWjQ=
-12,-1,21vHECZyGSV+IFp70Rj72uRzlGc=,iukL+1JXlbB+4V25hbNos+1zWjQ=
-11,-1,21vHECZyGSV+IFp70Rj72uRzlGc=,iukL+1JXlbB+4V25hbNos+1zWjQ=
-10,-1,21vHECZyGSV+IFp70Rj72uRzlGc=,iukL+1JXlbB+4V25hbNos+1zWjQ=
-16,-7,21vHECZyGSV+IFp70Rj72uRzlGc=,iukL+1JXlbB+4V25hbNos+1zWjQ=
-16,-6,21vHECZyGSV+IFp70Rj72uRzlGc=,iukL+1JXlbB+4V25hbNos+1zWjQ=
-16,-4,21vHECZyGSV+IFp70Rj72uRzlGc=,iukL+1JXlbB+4V25hbNos+1zWjQ=
-16,-3,21vHECZyGSV+IFp70Rj72uRzlGc=,iukL+1JXlbB+4V25hbNos+1zWjQ=
-16,-2,21vHECZyGSV+IFp70Rj72uRzlGc=,iukL+1JXlbB+4V25hbNos+1zWjQ=
-16,-5,21vHECZyGSV+IFp70Rj72uRzlGc=,iukL+1JXlbB+4V25hbNos+1zWjQ=
-16,-1,21vHECZyGSV+IFp70Rj72uRzlGc=,iukL+1JXlbB+4V25hbNos+1zWjQ=
-1,-16,21vHECZyGSV+IFp70Rj72uRzlGc=,sELCu67JcQ6xWhDyZak+RzMPz7Q=
-7,-16,21vHECZyGSV+IFp70Rj72uRzlGc=,sELCu67JcQ6xWhDyZak+RzMPz7Q=
-2,-16,21vHECZyGSV+IFp70Rj72uRzlGc=,sELCu67JcQ6xWhDyZak+RzMPz7Q=
-3,-16,21vHECZyGSV+IFp70Rj72uRzlGc=,sELCu67JcQ6xWhDyZak+RzMPz7Q=
-4,-16,21vHECZyGSV+IFp70Rj72uRzlGc=,sELCu67JcQ6xWhDyZak+RzMPz7Q=
-5,-16,21vHECZyGSV+IFp70Rj72uRzlGc=,sELCu67JcQ6xWhDyZak+RzMPz7Q=
-6,-16,21vHECZyGSV+IFp70Rj72uRzlGc=,sELCu67JcQ6xWhDyZak+RzMPz7Q=
-12,-13,21vHECZyGSV+IFp70Rj72uRzlGc=,bsHyxDmWihtJatsGbrO5jJ7Sd0E=
-11,-13,21vHECZyGSV+IFp70Rj72uRzlGc=,bsHyxDmWihtJatsGbrO5jJ7Sd0E=
-10,-13,21vHECZyGSV+IFp70Rj72uRzlGc=,bsHyxDmWihtJatsGbrO5jJ7Sd0E=
-8,-10,21vHECZyGSV+IFp70Rj72uRzlGc=,sELCu67JcQ6xWhDyZak+RzMPz7Q=
-9,-13,21vHECZyGSV+IFp70Rj72uRzlGc=,bsHyxDmWihtJatsGbrO5jJ7Sd0E=
-8,-16,21vHECZyGSV+IFp70Rj72uRzlGc=,sELCu67JcQ6xWhDyZak+RzMPz7Q=
-16,-8,21vHECZyGSV+IFp70Rj72uRzlGc=,iukL+1JXlbB+4V25hbNos+1zWjQ=
-15,-8,21vHECZyGSV+IFp70Rj72uRzlGc=,iukL+1JXlbB+4V25hbNos+1zWjQ=
-14,-8,21vHECZyGSV+IFp70Rj72uRzlGc=,iukL+1JXlbB+4V25hbNos+1zWjQ=
-13,-8,21vHECZyGSV+IFp70Rj72uRzlGc=,iukL+1JXlbB+4V25hbNos+1zWjQ=
-12,-8,21vHECZyGSV+IFp70Rj72uRzlGc=,iukL+1JXlbB+4V25hbNos+1zWjQ=
-11,-8,21vHECZyGSV+IFp70Rj72uRzlGc=,iukL+1JXlbB+4V25hbNos+1zWjQ=
-10,-8,21vHECZyGSV+IFp70Rj72uRzlGc=,iukL+1JXlbB+4V25hbNos+1zWjQ=
-16,-12,21vHECZyGSV+IFp70Rj72uRzlGc=,bsHyxDmWihtJatsGbrO5jJ7Sd0E=
-15,-12,21vHECZyGSV+IFp70Rj72uRzlGc=,bsHyxDmWihtJatsGbrO5jJ7Sd0E=
-14,-12,21vHECZyGSV+IFp70Rj72uRzlGc=,bsHyxDmWihtJatsGbrO5jJ7Sd0E=
-13,-12,21vHECZyGSV+IFp70Rj72uRzlGc=,bsHyxDmWihtJatsGbrO5jJ7Sd0E=
-8,-15,21vHECZyGSV+IFp70Rj72uRzlGc=,sELCu67JcQ6xWhDyZak+RzMPz7Q=
-12,-12,21vHECZyGSV+IFp70Rj72uRzlGc=,bsHyxDmWihtJatsGbrO5jJ7Sd0E=
-11,-12,21vHECZyGSV+IFp70Rj72uRzlGc=,bsHyxDmWihtJatsGbrO5jJ7Sd0E=
-8,-14,21vHECZyGSV+IFp70Rj72uRzlGc=,sELCu67JcQ6xWhDyZak+RzMPz7Q=
-10,-12,21vHECZyGSV+IFp70Rj72uRzlGc=,bsHyxDmWihtJatsGbrO5jJ7Sd0E=
-9,-12,21vHECZyGSV+IFp70Rj72uRzlGc=,bsHyxDmWihtJatsGbrO5jJ7Sd0E=
-16,-11,21vHECZyGSV+IFp70Rj72uRzlGc=,bsHyxDmWihtJatsGbrO5jJ7Sd0E=
-15,-11,21vHECZyGSV+IFp70Rj72uRzlGc=,bsHyxDmWihtJatsGbrO5jJ7Sd0E=
-16,-16,21vHECZyGSV+IFp70Rj72uRzlGc=,bsHyxDmWihtJatsGbrO5jJ7Sd0E=
-15,-16,21vHECZyGSV+IFp70Rj72uRzlGc=,bsHyxDmWihtJatsGbrO5jJ7Sd0E=
-14,-16,21vHECZyGSV+IFp70Rj72uRzlGc=,bsHyxDmWihtJatsGbrO5jJ7Sd0E=
-10,-9,21vHECZyGSV+IFp70Rj72uRzlGc=,bsHyxDmWihtJatsGbrO5jJ7Sd0E=
-13,-13,21vHECZyGSV+IFp70Rj72uRzlGc=,bsHyxDmWihtJatsGbrO5jJ7Sd0E=
-14,-13,21vHECZyGSV+IFp70Rj72uRzlGc=,bsHyxDmWihtJatsGbrO5jJ7Sd0E=
-15,-13,21vHECZyGSV+IFp70Rj72uRzlGc=,bsHyxDmWihtJatsGbrO5jJ7Sd0E=
-11,-9,21vHECZyGSV+IFp70Rj72uRzlGc=,bsHyxDmWihtJatsGbrO5jJ7Sd0E=
-16,-13,21vHECZyGSV+IFp70Rj72uRzlGc=,bsHyxDmWihtJatsGbrO5jJ7Sd0E=
-12,-9,21vHECZyGSV+IFp70Rj72uRzlGc=,bsHyxDmWihtJatsGbrO5jJ7Sd0E=
-9,-14,21vHECZyGSV+IFp70Rj72uRzlGc=,bsHyxDmWihtJatsGbrO5jJ7Sd0E=
-10,-14,21vHECZyGSV+IFp70Rj72uRzlGc=,bsHyxDmWihtJatsGbrO5jJ7Sd0E=
-13,-9,21vHECZyGSV+IFp70Rj72uRzlGc=,bsHyxDmWihtJatsGbrO5jJ7Sd0E=
-12,-14,21vHECZyGSV+IFp70Rj72uRzlGc=,bsHyxDmWihtJatsGbrO5jJ7Sd0E=
-13,-14,21vHECZyGSV+IFp70Rj72uRzlGc=,bsHyxDmWihtJatsGbrO5jJ7Sd0E=
-14,-9,21vHECZyGSV+IFp70Rj72uRzlGc=,bsHyxDmWihtJatsGbrO5jJ7Sd0E=
-8,-11,21vHECZyGSV+IFp70Rj72uRzlGc=,sELCu67JcQ6xWhDyZak+RzMPz7Q=
-15,-9,21vHECZyGSV+IFp70Rj72uRzlGc=,bsHyxDmWihtJatsGbrO5jJ7Sd0E=
-14,-14,21vHECZyGSV+IFp70Rj72uRzlGc=,bsHyxDmWihtJatsGbrO5jJ7Sd0E=
-15,-14,21vHECZyGSV+IFp70Rj72uRzlGc=,bsHyxDmWihtJatsGbrO5jJ7Sd0E=
-16,-14,21vHECZyGSV+IFp70Rj72uRzlGc=,bsHyxDmWihtJatsGbrO5jJ7Sd0E=
-16,-9,21vHECZyGSV+IFp70Rj72uRzlGc=,bsHyxDmWihtJatsGbrO5jJ7Sd0E=
-9,-10,21vHECZyGSV+IFp70Rj72uRzlGc=,bsHyxDmWihtJatsGbrO5jJ7Sd0E=
-9,-15,21vHECZyGSV+IFp70Rj72uRzlGc=,bsHyxDmWihtJatsGbrO5jJ7Sd0E=
-10,-10,21vHECZyGSV+IFp70Rj72uRzlGc=,bsHyxDmWihtJatsGbrO5jJ7Sd0E=
-13,-16,21vHECZyGSV+IFp70Rj72uRzlGc=,bsHyxDmWihtJatsGbrO5jJ7Sd0E=
-10,-15,21vHECZyGSV+IFp70Rj72uRzlGc=,bsHyxDmWihtJatsGbrO5jJ7Sd0E=
-8,-12,21vHECZyGSV+IFp70Rj72uRzlGc=,sELCu67JcQ6xWhDyZak+RzMPz7Q=
-11,-10,21vHECZyGSV+IFp70Rj72uRzlGc=,bsHyxDmWihtJatsGbrO5jJ7Sd0E=
-12,-10,21vHECZyGSV+IFp70Rj72uRzlGc=,bsHyxDmWihtJatsGbrO5jJ7Sd0E=
-13,-10,21vHECZyGSV+IFp70Rj72uRzlGc=,bsHyxDmWihtJatsGbrO5jJ7Sd0E=
-14,-10,21vHECZyGSV+IFp70Rj72uRzlGc=,bsHyxDmWihtJatsGbrO5jJ7Sd0E=
-11,-15,21vHECZyGSV+IFp70Rj72uRzlGc=,bsHyxDmWihtJatsGbrO5jJ7Sd0E=
-13,-15,21vHECZyGSV+IFp70Rj72uRzlGc=,bsHyxDmWihtJatsGbrO5jJ7Sd0E=
-9,-11,21vHECZyGSV+IFp70Rj72uRzlGc=,bsHyxDmWihtJatsGbrO5jJ7Sd0E=
-10,-11,21vHECZyGSV+IFp70Rj72uRzlGc=,bsHyxDmWihtJatsGbrO5jJ7Sd0E=
-16,-15,21vHECZyGSV+IFp70Rj72uRzlGc=,bsHyxDmWihtJatsGbrO5jJ7Sd0E=
-9,-16,21vHECZyGSV+IFp70Rj72uRzlGc=,bsHyxDmWihtJatsGbrO5jJ7Sd0E=
-11,-11,21vHECZyGSV+IFp70Rj72uRzlGc=,bsHyxDmWihtJatsGbrO5jJ7Sd0E=
-12,-11,21vHECZyGSV+IFp70Rj72uRzlGc=,bsHyxDmWihtJatsGbrO5jJ7Sd0E=
-13,-11,21vHECZyGSV+IFp70Rj72uRzlGc=,bsHyxDmWihtJatsGbrO5jJ7Sd0E=
-12,-16,21vHECZyGSV+IFp70Rj72uRzlGc=,bsHyxDmWihtJatsGbrO5jJ7Sd0E=
-14,-11,21vHECZyGSV+IFp70Rj72uRzlGc=,bsHyxDmWihtJatsGbrO5jJ7Sd0E=
-11,-16,21vHECZyGSV+IFp70Rj72uRzlGc=,bsHyxDmWihtJatsGbrO5jJ7Sd0E=
-15,-15,21vHECZyGSV+IFp70Rj72uRzlGc=,bsHyxDmWihtJatsGbrO5jJ7Sd0E=
-15,-10,21vHECZyGSV+IFp70Rj72uRzlGc=,bsHyxDmWihtJatsGbrO5jJ7Sd0E=
-8,-13,21vHECZyGSV+IFp70Rj72uRzlGc=,sELCu67JcQ6xWhDyZak+RzMPz7Q=
-10,-16,21vHECZyGSV+IFp70Rj72uRzlGc=,bsHyxDmWihtJatsGbrO5jJ7Sd0E=
-16,-10,21vHECZyGSV+IFp70Rj72uRzlGc=,bsHyxDmWihtJatsGbrO5jJ7Sd0E=
-11,-14,21vHECZyGSV+IFp70Rj72uRzlGc=,bsHyxDmWihtJatsGbrO5jJ7Sd0E=
-14,-15,21vHECZyGSV+IFp70Rj72uRzlGc=,bsHyxDmWihtJatsGbrO5jJ7Sd0E=
-12,-15,21vHECZyGSV+IFp70Rj72uRzlGc=,bsHyxDmWihtJatsGbrO5jJ7Sd0E=
-2,-6,21vHECZyGSV+IFp70Rj72uRzlGc=,jhYz/CFZNKOo5klJ19sJebyTi9k=
-1,-6,21vHECZyGSV+IFp70Rj72uRzlGc=,jhYz/CFZNKOo5klJ19sJebyTi9k=
-6,-7,21vHECZyGSV+IFp70Rj72uRzlGc=,jhYz/CFZNKOo5klJ19sJebyTi9k=
-4,-8,21vHECZyGSV+IFp70Rj72uRzlGc=,jhYz/CFZNKOo5klJ19sJebyTi9k=
-8,-6,21vHECZyGSV+IFp70Rj72uRzlGc=,jhYz/CFZNKOo5klJ19sJebyTi9k=
-3,-8,21vHECZyGSV+IFp70Rj72uRzlGc=,jhYz/CFZNKOo5klJ19sJebyTi9k=
-2,-8,21vHECZyGSV+IFp70Rj72uRzlGc=,jhYz/CFZNKOo5klJ19sJebyTi9k=
-8,-5,21vHECZyGSV+IFp70Rj72uRzlGc=,jhYz/CFZNKOo5klJ19sJebyTi9k=
-7,-5,21vHECZyGSV+IFp70Rj72uRzlGc=,jhYz/CFZNKOo5klJ19sJebyTi9k=
-6,-5,21vHECZyGSV+IFp70Rj72uRzlGc=,jhYz/CFZNKOo5klJ19sJebyTi9k=
-5,-5,21vHECZyGSV+IFp70Rj72uRzlGc=,jhYz/CFZNKOo5klJ19sJebyTi9k=
-8,-8,21vHECZyGSV+IFp70Rj72uRzlGc=,jhYz/CFZNKOo5klJ19sJebyTi9k=
-4,-5,21vHECZyGSV+IFp70Rj72uRzlGc=,jhYz/CFZNKOo5klJ19sJebyTi9k=
-3,-5,21vHECZyGSV+IFp70Rj72uRzlGc=,jhYz/CFZNKOo5klJ19sJebyTi9k=
-7,-8,21vHECZyGSV+IFp70Rj72uRzlGc=,jhYz/CFZNKOo5klJ19sJebyTi9k=
-9,-8,21vHECZyGSV+IFp70Rj72uRzlGc=,iukL+1JXlbB+4V25hbNos+1zWjQ=
-2,-5,21vHECZyGSV+IFp70Rj72uRzlGc=,jhYz/CFZNKOo5klJ19sJebyTi9k=
-1,-5,21vHECZyGSV+IFp70Rj72uRzlGc=,jhYz/CFZNKOo5klJ19sJebyTi9k=
-9,-7,21vHECZyGSV+IFp70Rj72uRzlGc=,iukL+1JXlbB+4V25hbNos+1zWjQ=
-6,-8,21vHECZyGSV+IFp70Rj72uRzlGc=,jhYz/CFZNKOo5klJ19sJebyTi9k=
-7,-6,21vHECZyGSV+IFp70Rj72uRzlGc=,jhYz/CFZNKOo5klJ19sJebyTi9k=
-8,-4,21vHECZyGSV+IFp70Rj72uRzlGc=,jhYz/CFZNKOo5klJ19sJebyTi9k=
-7,-4,21vHECZyGSV+IFp70Rj72uRzlGc=,jhYz/CFZNKOo5klJ19sJebyTi9k=
-6,-4,21vHECZyGSV+IFp70Rj72uRzlGc=,jhYz/CFZNKOo5klJ19sJebyTi9k=
-5,-4,21vHECZyGSV+IFp70Rj72uRzlGc=,jhYz/CFZNKOo5klJ19sJebyTi9k=
-4,-4,21vHECZyGSV+IFp70Rj72uRzlGc=,jhYz/CFZNKOo5klJ19sJebyTi9k=
-9,-5,21vHECZyGSV+IFp70Rj72uRzlGc=,iukL+1JXlbB+4V25hbNos+1zWjQ=
-3,-4,21vHECZyGSV+IFp70Rj72uRzlGc=,jhYz/CFZNKOo5klJ19sJebyTi9k=
-2,-4,21vHECZyGSV+IFp70Rj72uRzlGc=,jhYz/CFZNKOo5klJ19sJebyTi9k=
-1,-4,21vHECZyGSV+IFp70Rj72uRzlGc=,jhYz/CFZNKOo5klJ19sJebyTi9k=
-8,-3,21vHECZyGSV+IFp70Rj72uRzlGc=,jhYz/CFZNKOo5klJ19sJebyTi9k=
-7,-3,21vHECZyGSV+IFp70Rj72uRzlGc=,jhYz/CFZNKOo5klJ19sJebyTi9k=
-8,-9,21vHECZyGSV+IFp70Rj72uRzlGc=,sELCu67JcQ6xWhDyZak+RzMPz7Q=
-7,-9,21vHECZyGSV+IFp70Rj72uRzlGc=,sELCu67JcQ6xWhDyZak+RzMPz7Q=
-6,-9,21vHECZyGSV+IFp70Rj72uRzlGc=,sELCu67JcQ6xWhDyZak+RzMPz7Q=
-5,-9,21vHECZyGSV+IFp70Rj72uRzlGc=,sELCu67JcQ6xWhDyZak+RzMPz7Q=
-6,-3,21vHECZyGSV+IFp70Rj72uRzlGc=,jhYz/CFZNKOo5klJ19sJebyTi9k=
-4,-9,21vHECZyGSV+IFp70Rj72uRzlGc=,sELCu67JcQ6xWhDyZak+RzMPz7Q=
-2,-9,21vHECZyGSV+IFp70Rj72uRzlGc=,sELCu67JcQ6xWhDyZak+RzMPz7Q=
-3,-9,21vHECZyGSV+IFp70Rj72uRzlGc=,sELCu67JcQ6xWhDyZak+RzMPz7Q=
-9,-6,21vHECZyGSV+IFp70Rj72uRzlGc=,iukL+1JXlbB+4V25hbNos+1zWjQ=
-1,-9,21vHECZyGSV+IFp70Rj72uRzlGc=,sELCu67JcQ6xWhDyZak+RzMPz7Q=
-5,-3,21vHECZyGSV+IFp70Rj72uRzlGc=,jhYz/CFZNKOo5klJ19sJebyTi9k=
-9,-4,21vHECZyGSV+IFp70Rj72uRzlGc=,iukL+1JXlbB+4V25hbNos+1zWjQ=
-4,-3,21vHECZyGSV+IFp70Rj72uRzlGc=,jhYz/CFZNKOo5klJ19sJebyTi9k=
-3,-3,21vHECZyGSV+IFp70Rj72uRzlGc=,jhYz/CFZNKOo5klJ19sJebyTi9k=
-2,-3,21vHECZyGSV+IFp70Rj72uRzlGc=,jhYz/CFZNKOo5klJ19sJebyTi9k=
-9,-3,21vHECZyGSV+IFp70Rj72uRzlGc=,iukL+1JXlbB+4V25hbNos+1zWjQ=
-5,-7,21vHECZyGSV+IFp70Rj72uRzlGc=,jhYz/CFZNKOo5klJ19sJebyTi9k=
-1,-3,21vHECZyGSV+IFp70Rj72uRzlGc=,jhYz/CFZNKOo5klJ19sJebyTi9k=
-5,-8,21vHECZyGSV+IFp70Rj72uRzlGc=,jhYz/CFZNKOo5klJ19sJebyTi9k=
-8,-2,21vHECZyGSV+IFp70Rj72uRzlGc=,jhYz/CFZNKOo5klJ19sJebyTi9k=
-9,-2,21vHECZyGSV+IFp70Rj72uRzlGc=,iukL+1JXlbB+4V25hbNos+1zWjQ=
-1,-8,21vHECZyGSV+IFp70Rj72uRzlGc=,jhYz/CFZNKOo5klJ19sJebyTi9k=
-7,-2,21vHECZyGSV+IFp70Rj72uRzlGc=,jhYz/CFZNKOo5klJ19sJebyTi9k=
-4,-7,21vHECZyGSV+IFp70Rj72uRzlGc=,jhYz/CFZNKOo5klJ19sJebyTi9k=
-6,-6,21vHECZyGSV+IFp70Rj72uRzlGc=,jhYz/CFZNKOo5klJ19sJebyTi9k=
-3,-7,21vHECZyGSV+IFp70Rj72uRzlGc=,jhYz/CFZNKOo5klJ19sJebyTi9k=
-8,-7,21vHECZyGSV+IFp70Rj72uRzlGc=,jhYz/CFZNKOo5klJ19sJebyTi9k=
-6,-2,21vHECZyGSV+IFp70Rj72uRzlGc=,jhYz/CFZNKOo5klJ19sJebyTi9k=
-5,-2,21vHECZyGSV+IFp70Rj72uRzlGc=,jhYz/CFZNKOo5klJ19sJebyTi9k=
-2,-7,21vHECZyGSV+IFp70Rj72uRzlGc=,jhYz/CFZNKOo5klJ19sJebyTi9k=
-7,-7,21vHECZyGSV+IFp70Rj72uRzlGc=,jhYz/CFZNKOo5klJ19sJebyTi9k=
-5,-6,21vHECZyGSV+IFp70Rj72uRzlGc=,jhYz/CFZNKOo5klJ19sJebyTi9k=
-4,-2,21vHECZyGSV+IFp70Rj72uRzlGc=,jhYz/CFZNKOo5klJ19sJebyTi9k=
-3,-2,21vHECZyGSV+IFp70Rj72uRzlGc=,jhYz/CFZNKOo5klJ19sJebyTi9k=
-1,-7,21vHECZyGSV+IFp70Rj72uRzlGc=,jhYz/CFZNKOo5klJ19sJebyTi9k=
-4,-6,21vHECZyGSV+IFp70Rj72uRzlGc=,jhYz/CFZNKOo5klJ19sJebyTi9k=
-2,-2,21vHECZyGSV+IFp70Rj72uRzlGc=,jhYz/CFZNKOo5klJ19sJebyTi9k=
-1,-2,21vHECZyGSV+IFp70Rj72uRzlGc=,jhYz/CFZNKOo5klJ19sJebyTi9k=
-9,-1,21vHECZyGSV+IFp70Rj72uRzlGc=,iukL+1JXlbB+4V25hbNos+1zWjQ=
-8,-1,21vHECZyGSV+IFp70Rj72uRzlGc=,jhYz/CFZNKOo5klJ19sJebyTi9k=
-7,-1,21vHECZyGSV+IFp70Rj72uRzlGc=,jhYz/CFZNKOo5klJ19sJebyTi9k=
-6,-1,21vHECZyGSV+IFp70Rj72uRzlGc=,jhYz/CFZNKOo5klJ19sJebyTi9k=
-5,-1,21vHECZyGSV+IFp70Rj72uRzlGc=,jhYz/CFZNKOo5klJ19sJebyTi9k=
-4,-1,21vHECZyGSV+IFp70Rj72uRzlGc=,jhYz/CFZNKOo5klJ19sJebyTi9k=
-3,-1,21vHECZyGSV+IFp70Rj72uRzlGc=,jhYz/CFZNKOo5klJ19sJebyTi9k=
-1,-1,21vHECZyGSV+IFp70Rj72uRzlGc=,jhYz/CFZNKOo5klJ19sJebyTi9k=
-9,-9,21vHECZyGSV+IFp70Rj72uRzlGc=,bsHyxDmWihtJatsGbrO5jJ7Sd0E=
-3,-6,21vHECZyGSV+IFp70Rj72uRzlGc=,jhYz/CFZNKOo5klJ19sJebyTi9k=
-2,-1,21vHECZyGSV+IFp70Rj72uRzlGc=,jhYz/CFZNKOo5klJ19sJebyTi9k=
-2,-18,GrZlyXj8SoQwxUr9hfNWZ2T4354=,uYG9M/IlTVH9wGtx0Lln+3Wnzg4=
-5,-24,GrZlyXj8SoQwxUr9hfNWZ2T4354=,uYG9M/IlTVH9wGtx0Lln+3Wnzg4=
-3,-18,GrZlyXj8SoQwxUr9hfNWZ2T4354=,uYG9M/IlTVH9wGtx0Lln+3Wnzg4=
-4,-18,GrZlyXj8SoQwxUr9hfNWZ2T4354=,uYG9M/IlTVH9wGtx0Lln+3Wnzg4=
-5,-18,GrZlyXj8SoQwxUr9hfNWZ2T4354=,uYG9M/IlTVH9wGtx0Lln+3Wnzg4=
-6,-18,GrZlyXj8SoQwxUr9hfNWZ2T4354=,uYG9M/IlTVH9wGtx0Lln+3Wnzg4=
-7,-18,GrZlyXj8SoQwxUr9hfNWZ2T4354=,uYG9M/IlTVH9wGtx0Lln+3Wnzg4=
-5,-22,GrZlyXj8SoQwxUr9hfNWZ2T4354=,uYG9M/IlTVH9wGtx0Lln+3Wnzg4=
-6,-22,GrZlyXj8SoQwxUr9hfNWZ2T4354=,uYG9M/IlTVH9wGtx0Lln+3Wnzg4=
-5,-17,GrZlyXj8SoQwxUr9hfNWZ2T4354=,uYG9M/IlTVH9wGtx0Lln+3Wnzg4=
-6,-17,GrZlyXj8SoQwxUr9hfNWZ2T4354=,uYG9M/IlTVH9wGtx0Lln+3Wnzg4=
-7,-22,GrZlyXj8SoQwxUr9hfNWZ2T4354=,uYG9M/IlTVH9wGtx0Lln+3Wnzg4=
-1,-19,GrZlyXj8SoQwxUr9hfNWZ2T4354=,uYG9M/IlTVH9wGtx0Lln+3Wnzg4=
-1,-23,GrZlyXj8SoQwxUr9hfNWZ2T4354=,uYG9M/IlTVH9wGtx0Lln+3Wnzg4=
-7,-19,GrZlyXj8SoQwxUr9hfNWZ2T4354=,uYG9M/IlTVH9wGtx0Lln+3Wnzg4=
-2,-19,GrZlyXj8SoQwxUr9hfNWZ2T4354=,uYG9M/IlTVH9wGtx0Lln+3Wnzg4=
-5,-23,GrZlyXj8SoQwxUr9hfNWZ2T4354=,uYG9M/IlTVH9wGtx0Lln+3Wnzg4=
-2,-23,GrZlyXj8SoQwxUr9hfNWZ2T4354=,uYG9M/IlTVH9wGtx0Lln+3Wnzg4=
-3,-23,GrZlyXj8SoQwxUr9hfNWZ2T4354=,uYG9M/IlTVH9wGtx0Lln+3Wnzg4=
-4,-23,GrZlyXj8SoQwxUr9hfNWZ2T4354=,uYG9M/IlTVH9wGtx0Lln+3Wnzg4=
-7,-24,GrZlyXj8SoQwxUr9hfNWZ2T4354=,uYG9M/IlTVH9wGtx0Lln+3Wnzg4=
-1,-20,GrZlyXj8SoQwxUr9hfNWZ2T4354=,uYG9M/IlTVH9wGtx0Lln+3Wnzg4=
-6,-23,GrZlyXj8SoQwxUr9hfNWZ2T4354=,uYG9M/IlTVH9wGtx0Lln+3Wnzg4=
-7,-17,GrZlyXj8SoQwxUr9hfNWZ2T4354=,uYG9M/IlTVH9wGtx0Lln+3Wnzg4=
-7,-23,GrZlyXj8SoQwxUr9hfNWZ2T4354=,uYG9M/IlTVH9wGtx0Lln+3Wnzg4=
-2,-20,GrZlyXj8SoQwxUr9hfNWZ2T4354=,uYG9M/IlTVH9wGtx0Lln+3Wnzg4=
-3,-19,GrZlyXj8SoQwxUr9hfNWZ2T4354=,uYG9M/IlTVH9wGtx0Lln+3Wnzg4=
-4,-19,GrZlyXj8SoQwxUr9hfNWZ2T4354=,uYG9M/IlTVH9wGtx0Lln+3Wnzg4=
-5,-21,GrZlyXj8SoQwxUr9hfNWZ2T4354=,uYG9M/IlTVH9wGtx0Lln+3Wnzg4=
-7,-20,E5+/urhDq+EMbqOeaxJnKJpuPZk=,uYG9M/IlTVH9wGtx0Lln+3Wnzg4=
-1,-21,dnvf/BVaR6pcfXqYhFVNWVrxU+I=,uYG9M/IlTVH9wGtx0Lln+3Wnzg4=
-2,-21,dnvf/BVaR6pcfXqYhFVNWVrxU+I=,uYG9M/IlTVH9wGtx0Lln+3Wnzg4=
-3,-21,dnvf/BVaR6pcfXqYhFVNWVrxU+I=,uYG9M/IlTVH9wGtx0Lln+3Wnzg4=
-4,-21,dnvf/BVaR6pcfXqYhFVNWVrxU+I=,uYG9M/IlTVH9wGtx0Lln+3Wnzg4=
-6,-24,dnvf/BVaR6pcfXqYhFVNWVrxU+I=,uYG9M/IlTVH9wGtx0Lln+3Wnzg4=
-5,-19,dnvf/BVaR6pcfXqYhFVNWVrxU+I=,uYG9M/IlTVH9wGtx0Lln+3Wnzg4=
-3,-20,dnvf/BVaR6pcfXqYhFVNWVrxU+I=,uYG9M/IlTVH9wGtx0Lln+3Wnzg4=
-4,-20,dnvf/BVaR6pcfXqYhFVNWVrxU+I=,uYG9M/IlTVH9wGtx0Lln+3Wnzg4=
-5,-20,dnvf/BVaR6pcfXqYhFVNWVrxU+I=,uYG9M/IlTVH9wGtx0Lln+3Wnzg4=
-1,-24,dnvf/BVaR6pcfXqYhFVNWVrxU+I=,uYG9M/IlTVH9wGtx0Lln+3Wnzg4=
-6,-21,dnvf/BVaR6pcfXqYhFVNWVrxU+I=,uYG9M/IlTVH9wGtx0Lln+3Wnzg4=
-7,-21,dnvf/BVaR6pcfXqYhFVNWVrxU+I=,uYG9M/IlTVH9wGtx0Lln+3Wnzg4=
-2,-24,dnvf/BVaR6pcfXqYhFVNWVrxU+I=,uYG9M/IlTVH9wGtx0Lln+3Wnzg4=
-1,-18,dnvf/BVaR6pcfXqYhFVNWVrxU+I=,uYG9M/IlTVH9wGtx0Lln+3Wnzg4=
-3,-24,dnvf/BVaR6pcfXqYhFVNWVrxU+I=,uYG9M/IlTVH9wGtx0Lln+3Wnzg4=
-1,-17,dnvf/BVaR6pcfXqYhFVNWVrxU+I=,uYG9M/IlTVH9wGtx0Lln+3Wnzg4=
-4,-24,dnvf/BVaR6pcfXqYhFVNWVrxU+I=,uYG9M/IlTVH9wGtx0Lln+3Wnzg4=
-1,-22,dnvf/BVaR6pcfXqYhFVNWVrxU+I=,uYG9M/IlTVH9wGtx0Lln+3Wnzg4=
-2,-22,dnvf/BVaR6pcfXqYhFVNWVrxU+I=,uYG9M/IlTVH9wGtx0Lln+3Wnzg4=
-3,-22,dnvf/BVaR6pcfXqYhFVNWVrxU+I=,uYG9M/IlTVH9wGtx0Lln+3Wnzg4=
-4,-22,dnvf/BVaR6pcfXqYhFVNWVrxU+I=,uYG9M/IlTVH9wGtx0Lln+3Wnzg4=
-2,-17,dnvf/BVaR6pcfXqYhFVNWVrxU+I=,uYG9M/IlTVH9wGtx0Lln+3Wnzg4=
-3,-17,dnvf/BVaR6pcfXqYhFVNWVrxU+I=,uYG9M/IlTVH9wGtx0Lln+3Wnzg4=
-6,-20,dnvf/BVaR6pcfXqYhFVNWVrxU+I=,uYG9M/IlTVH9wGtx0Lln+3Wnzg4=
-4,-17,dnvf/BVaR6pcfXqYhFVNWVrxU+I=,uYG9M/IlTVH9wGtx0Lln+3Wnzg4=
-6,-19,dnvf/BVaR6pcfXqYhFVNWVrxU+I=,uYG9M/IlTVH9wGtx0Lln+3Wnzg4=
-12,-17,dnvf/BVaR6pcfXqYhFVNWVrxU+I=,9FXR2BtpHQI1heWWkiDDQ2luxSs=
-14,-17,dnvf/BVaR6pcfXqYhFVNWVrxU+I=,9FXR2BtpHQI1heWWkiDDQ2luxSs=
-8,-18,dnvf/BVaR6pcfXqYhFVNWVrxU+I=,uYG9M/IlTVH9wGtx0Lln+3Wnzg4=
-15,-17,dnvf/BVaR6pcfXqYhFVNWVrxU+I=,9FXR2BtpHQI1heWWkiDDQ2luxSs=
-16,-17,dnvf/BVaR6pcfXqYhFVNWVrxU+I=,9FXR2BtpHQI1heWWkiDDQ2luxSs=
-9,-18,dnvf/BVaR6pcfXqYhFVNWVrxU+I=,9FXR2BtpHQI1heWWkiDDQ2luxSs=
-8,-22,dnvf/BVaR6pcfXqYhFVNWVrxU+I=,uYG9M/IlTVH9wGtx0Lln+3Wnzg4=
-11,-18,dnvf/BVaR6pcfXqYhFVNWVrxU+I=,9FXR2BtpHQI1heWWkiDDQ2luxSs=
-12,-18,dnvf/BVaR6pcfXqYhFVNWVrxU+I=,9FXR2BtpHQI1heWWkiDDQ2luxSs=
-13,-18,dnvf/BVaR6pcfXqYhFVNWVrxU+I=,9FXR2BtpHQI1heWWkiDDQ2luxSs=
-14,-18,dnvf/BVaR6pcfXqYhFVNWVrxU+I=,9FXR2BtpHQI1heWWkiDDQ2luxSs=
-8,-19,dnvf/BVaR6pcfXqYhFVNWVrxU+I=,uYG9M/IlTVH9wGtx0Lln+3Wnzg4=
-10,-18,dnvf/BVaR6pcfXqYhFVNWVrxU+I=,9FXR2BtpHQI1heWWkiDDQ2luxSs=
-16,-18,dnvf/BVaR6pcfXqYhFVNWVrxU+I=,9FXR2BtpHQI1heWWkiDDQ2luxSs=
-15,-18,dnvf/BVaR6pcfXqYhFVNWVrxU+I=,9FXR2BtpHQI1heWWkiDDQ2luxSs=
-10,-19,dnvf/BVaR6pcfXqYhFVNWVrxU+I=,9FXR2BtpHQI1heWWkiDDQ2luxSs=
-11,-17,dnvf/BVaR6pcfXqYhFVNWVrxU+I=,9FXR2BtpHQI1heWWkiDDQ2luxSs=
-10,-17,dnvf/BVaR6pcfXqYhFVNWVrxU+I=,9FXR2BtpHQI1heWWkiDDQ2luxSs=
-9,-17,dnvf/BVaR6pcfXqYhFVNWVrxU+I=,9FXR2BtpHQI1heWWkiDDQ2luxSs=
-8,-21,dnvf/BVaR6pcfXqYhFVNWVrxU+I=,uYG9M/IlTVH9wGtx0Lln+3Wnzg4=
-16,-24,dnvf/BVaR6pcfXqYhFVNWVrxU+I=,9FXR2BtpHQI1heWWkiDDQ2luxSs=
-15,-24,dnvf/BVaR6pcfXqYhFVNWVrxU+I=,9FXR2BtpHQI1heWWkiDDQ2luxSs=
-14,-24,dnvf/BVaR6pcfXqYhFVNWVrxU+I=,9FXR2BtpHQI1heWWkiDDQ2luxSs=
-13,-24,dnvf/BVaR6pcfXqYhFVNWVrxU+I=,9FXR2BtpHQI1heWWkiDDQ2luxSs=
-12,-24,dnvf/BVaR6pcfXqYhFVNWVrxU+I=,9FXR2BtpHQI1heWWkiDDQ2luxSs=
-11,-24,dnvf/BVaR6pcfXqYhFVNWVrxU+I=,9FXR2BtpHQI1heWWkiDDQ2luxSs=
-10,-24,dnvf/BVaR6pcfXqYhFVNWVrxU+I=,9FXR2BtpHQI1heWWkiDDQ2luxSs=
-9,-24,dnvf/BVaR6pcfXqYhFVNWVrxU+I=,9FXR2BtpHQI1heWWkiDDQ2luxSs=
-16,-23,dnvf/BVaR6pcfXqYhFVNWVrxU+I=,9FXR2BtpHQI1heWWkiDDQ2luxSs=
-15,-23,dnvf/BVaR6pcfXqYhFVNWVrxU+I=,9FXR2BtpHQI1heWWkiDDQ2luxSs=
-14,-23,dnvf/BVaR6pcfXqYhFVNWVrxU+I=,9FXR2BtpHQI1heWWkiDDQ2luxSs=
-13,-23,dnvf/BVaR6pcfXqYhFVNWVrxU+I=,9FXR2BtpHQI1heWWkiDDQ2luxSs=
-12,-23,dnvf/BVaR6pcfXqYhFVNWVrxU+I=,9FXR2BtpHQI1heWWkiDDQ2luxSs=
-11,-23,dnvf/BVaR6pcfXqYhFVNWVrxU+I=,9FXR2BtpHQI1heWWkiDDQ2luxSs=
-10,-23,dnvf/BVaR6pcfXqYhFVNWVrxU+I=,9FXR2BtpHQI1heWWkiDDQ2luxSs=
-9,-23,dnvf/BVaR6pcfXqYhFVNWVrxU+I=,9FXR2BtpHQI1heWWkiDDQ2luxSs=
-15,-22,dnvf/BVaR6pcfXqYhFVNWVrxU+I=,9FXR2BtpHQI1heWWkiDDQ2luxSs=
-16,-22,dnvf/BVaR6pcfXqYhFVNWVrxU+I=,9FXR2BtpHQI1heWWkiDDQ2luxSs=
-14,-22,dnvf/BVaR6pcfXqYhFVNWVrxU+I=,9FXR2BtpHQI1heWWkiDDQ2luxSs=
-13,-22,dnvf/BVaR6pcfXqYhFVNWVrxU+I=,9FXR2BtpHQI1heWWkiDDQ2luxSs=
-8,-24,dnvf/BVaR6pcfXqYhFVNWVrxU+I=,uYG9M/IlTVH9wGtx0Lln+3Wnzg4=
-12,-22,dnvf/BVaR6pcfXqYhFVNWVrxU+I=,9FXR2BtpHQI1heWWkiDDQ2luxSs=
-11,-22,dnvf/BVaR6pcfXqYhFVNWVrxU+I=,9FXR2BtpHQI1heWWkiDDQ2luxSs=
-10,-22,dnvf/BVaR6pcfXqYhFVNWVrxU+I=,9FXR2BtpHQI1heWWkiDDQ2luxSs=
-9,-22,dnvf/BVaR6pcfXqYhFVNWVrxU+I=,9FXR2BtpHQI1heWWkiDDQ2luxSs=
-16,-21,dnvf/BVaR6pcfXqYhFVNWVrxU+I=,9FXR2BtpHQI1heWWkiDDQ2luxSs=
-8,-17,dnvf/BVaR6pcfXqYhFVNWVrxU+I=,uYG9M/IlTVH9wGtx0Lln+3Wnzg4=
-15,-21,dnvf/BVaR6pcfXqYhFVNWVrxU+I=,9FXR2BtpHQI1heWWkiDDQ2luxSs=
-14,-21,dnvf/BVaR6pcfXqYhFVNWVrxU+I=,9FXR2BtpHQI1heWWkiDDQ2luxSs=
-13,-21,dnvf/BVaR6pcfXqYhFVNWVrxU+I=,9FXR2BtpHQI1heWWkiDDQ2luxSs=
-12,-21,dnvf/BVaR6pcfXqYhFVNWVrxU+I=,9FXR2BtpHQI1heWWkiDDQ2luxSs=
-11,-21,dnvf/BVaR6pcfXqYhFVNWVrxU+I=,9FXR2BtpHQI1heWWkiDDQ2luxSs=
-10,-21,dnvf/BVaR6pcfXqYhFVNWVrxU+I=,9FXR2BtpHQI1heWWkiDDQ2luxSs=
-9,-21,dnvf/BVaR6pcfXqYhFVNWVrxU+I=,9FXR2BtpHQI1heWWkiDDQ2luxSs=
-16,-20,dnvf/BVaR6pcfXqYhFVNWVrxU+I=,9FXR2BtpHQI1heWWkiDDQ2luxSs=
-15,-20,dnvf/BVaR6pcfXqYhFVNWVrxU+I=,9FXR2BtpHQI1heWWkiDDQ2luxSs=
-8,-23,dnvf/BVaR6pcfXqYhFVNWVrxU+I=,uYG9M/IlTVH9wGtx0Lln+3Wnzg4=
-14,-20,dnvf/BVaR6pcfXqYhFVNWVrxU+I=,9FXR2BtpHQI1heWWkiDDQ2luxSs=
-13,-20,dnvf/BVaR6pcfXqYhFVNWVrxU+I=,9FXR2BtpHQI1heWWkiDDQ2luxSs=
-12,-20,dnvf/BVaR6pcfXqYhFVNWVrxU+I=,9FXR2BtpHQI1heWWkiDDQ2luxSs=
-11,-20,dnvf/BVaR6pcfXqYhFVNWVrxU+I=,9FXR2BtpHQI1heWWkiDDQ2luxSs=
-11,-19,dnvf/BVaR6pcfXqYhFVNWVrxU+I=,9FXR2BtpHQI1heWWkiDDQ2luxSs=
-12,-19,dnvf/BVaR6pcfXqYhFVNWVrxU+I=,9FXR2BtpHQI1heWWkiDDQ2luxSs=
-13,-19,dnvf/BVaR6pcfXqYhFVNWVrxU+I=,9FXR2BtpHQI1heWWkiDDQ2luxSs=
-14,-19,dnvf/BVaR6pcfXqYhFVNWVrxU+I=,9FXR2BtpHQI1heWWkiDDQ2luxSs=
-15,-19,dnvf/BVaR6pcfXqYhFVNWVrxU+I=,9FXR2BtpHQI1heWWkiDDQ2luxSs=
-13,-17,dnvf/BVaR6pcfXqYhFVNWVrxU+I=,9FXR2BtpHQI1heWWkiDDQ2luxSs=
-16,-19,dnvf/BVaR6pcfXqYhFVNWVrxU+I=,9FXR2BtpHQI1heWWkiDDQ2luxSs=
-8,-20,dnvf/BVaR6pcfXqYhFVNWVrxU+I=,uYG9M/IlTVH9wGtx0Lln+3Wnzg4=
-9,-20,dnvf/BVaR6pcfXqYhFVNWVrxU+I=,9FXR2BtpHQI1heWWkiDDQ2luxSs=
-10,-20,dnvf/BVaR6pcfXqYhFVNWVrxU+I=,9FXR2BtpHQI1heWWkiDDQ2luxSs=
-9,-19,dnvf/BVaR6pcfXqYhFVNWVrxU+I=,9FXR2BtpHQI1heWWkiDDQ2luxSs=
