2,70,S+3F0vnwtTV/maeiEd+sshxaSxs=,piTu19Nu5eg5fImVJWk/dVpMS/E=
6,73,mKncTI5RotNUQjKUGAivnqMTQYA=,5EpF+pgFArqhIILuUIW+oPtOIRY=
5,74,mKncTI5RotNUQjKUGAivnqMTQYA=,5EpF+pgFArqhIILuUIW+oPtOIRY=
6,74,mKncTI5RotNUQjKUGAivnqMTQYA=,5EpF+pgFArqhIILuUIW+oPtOIRY=
5,73,mKncTI5RotNUQjKUGAivnqMTQYA=,5EpF+pgFArqhIILuUIW+oPtOIRY=
4,69,mKncTI5RotNUQjKUGAivnqMTQYA=,D1RH9eXbsEX3JFBz+OSnHSxnBu4=
5,69,mKncTI5RotNUQjKUGAivnqMTQYA=,D1RH9eXbsEX3JFBz+OSnHSxnBu4=
5,71,mKncTI5RotNUQjKUGAivnqMTQYA=,D1RH9eXbsEX3JFBz+OSnHSxnBu4=
6,69,mKncTI5RotNUQjKUGAivnqMTQYA=,D1RH9eXbsEX3JFBz+OSnHSxnBu4=
3,70,mKncTI5RotNUQjKUGAivnqMTQYA=,piTu19Nu5eg5fImVJWk/dVpMS/E=
4,70,mKncTI5RotNUQjKUGAivnqMTQYA=,D1RH9eXbsEX3JFBz+OSnHSxnBu4=
5,70,mKncTI5RotNUQjKUGAivnqMTQYA=,D1RH9eXbsEX3JFBz+OSnHSxnBu4=
6,70,mKncTI5RotNUQjKUGAivnqMTQYA=,D1RH9eXbsEX3JFBz+OSnHSxnBu4=
6,71,mKncTI5RotNUQjKUGAivnqMTQYA=,D1RH9eXbsEX3JFBz+OSnHSxnBu4=
5,72,mKncTI5RotNUQjKUGAivnqMTQYA=,5EpF+pgFArqhIILuUIW+oPtOIRY=
6,72,mKncTI5RotNUQjKUGAivnqMTQYA=,5EpF+pgFArqhIILuUIW+oPtOIRY=
3,69,mKncTI5RotNUQjKUGAivnqMTQYA=,piTu19Nu5eg5fImVJWk/dVpMS/E=
4,71,mKncTI5RotNUQjKUGAivnqMTQYA=,D1RH9eXbsEX3JFBz+OSnHSxnBu4=
4,74,mKncTI5RotNUQjKUGAivnqMTQYA=,5EpF+pgFArqhIILuUIW+oPtOIRY=
1,73,mKncTI5RotNUQjKUGAivnqMTQYA=,qTE7ZHDw6J9qhvkE4grHtV/v5b0=
2,73,mKncTI5RotNUQjKUGAivnqMTQYA=,qTE7ZHDw6J9qhvkE4grHtV/v5b0=
3,73,mKncTI5RotNUQjKUGAivnqMTQYA=,qTE7ZHDw6J9qhvkE4grHtV/v5b0=
1,71,mKncTI5RotNUQjKUGAivnqMTQYA=,piTu19Nu5eg5fImVJWk/dVpMS/E=
1,74,mKncTI5RotNUQjKUGAivnqMTQYA=,qTE7ZHDw6J9qhvkE4grHtV/v5b0=
2,74,mKncTI5RotNUQjKUGAivnqMTQYA=,qTE7ZHDw6J9qhvkE4grHtV/v5b0=
2,71,mKncTI5RotNUQjKUGAivnqMTQYA=,piTu19Nu5eg5fImVJWk/dVpMS/E=
3,71,mKncTI5RotNUQjKUGAivnqMTQYA=,piTu19Nu5eg5fImVJWk/dVpMS/E=
1,72,mKncTI5RotNUQjKUGAivnqMTQYA=,qTE7ZHDw6J9qhvkE4grHtV/v5b0=
4,72,mKncTI5RotNUQjKUGAivnqMTQYA=,5EpF+pgFArqhIILuUIW+oPtOIRY=
3,74,mKncTI5RotNUQjKUGAivnqMTQYA=,qTE7ZHDw6J9qhvkE4grHtV/v5b0=
2,72,mKncTI5RotNUQjKUGAivnqMTQYA=,qTE7ZHDw6J9qhvkE4grHtV/v5b0=
3,72,mKncTI5RotNUQjKUGAivnqMTQYA=,qTE7ZHDw6J9qhvkE4grHtV/v5b0=
4,73,mKncTI5RotNUQjKUGAivnqMTQYA=,5EpF+pgFArqhIILuUIW+oPtOIRY=
6,68,mKncTI5RotNUQjKUGAivnqMTQYA=,D1RH9eXbsEX3JFBz+OSnHSxnBu4=
5,68,mKncTI5RotNUQjKUGAivnqMTQYA=,D1RH9eXbsEX3JFBz+OSnHSxnBu4=
0,66,mKncTI5RotNUQjKUGAivnqMTQYA=,pUHUmT8bKH7J8NxvNDhLM/Ak7i8=
1,66,mKncTI5RotNUQjKUGAivnqMTQYA=,pUHUmT8bKH7J8NxvNDhLM/Ak7i8=
1,67,mKncTI5RotNUQjKUGAivnqMTQYA=,pUHUmT8bKH7J8NxvNDhLM/Ak7i8=
2,66,mKncTI5RotNUQjKUGAivnqMTQYA=,pUHUmT8bKH7J8NxvNDhLM/Ak7i8=
3,66,mKncTI5RotNUQjKUGAivnqMTQYA=,pUHUmT8bKH7J8NxvNDhLM/Ak7i8=
0,65,mKncTI5RotNUQjKUGAivnqMTQYA=,pUHUmT8bKH7J8NxvNDhLM/Ak7i8=
2,65,mKncTI5RotNUQjKUGAivnqMTQYA=,pUHUmT8bKH7J8NxvNDhLM/Ak7i8=
2,67,mKncTI5RotNUQjKUGAivnqMTQYA=,pUHUmT8bKH7J8NxvNDhLM/Ak7i8=
4,68,mKncTI5RotNUQjKUGAivnqMTQYA=,D1RH9eXbsEX3JFBz+OSnHSxnBu4=
1,65,mKncTI5RotNUQjKUGAivnqMTQYA=,pUHUmT8bKH7J8NxvNDhLM/Ak7i8=
1,68,mKncTI5RotNUQjKUGAivnqMTQYA=,piTu19Nu5eg5fImVJWk/dVpMS/E=
3,67,mKncTI5RotNUQjKUGAivnqMTQYA=,pUHUmT8bKH7J8NxvNDhLM/Ak7i8=
3,65,mKncTI5RotNUQjKUGAivnqMTQYA=,pUHUmT8bKH7J8NxvNDhLM/Ak7i8=
2,68,mKncTI5RotNUQjKUGAivnqMTQYA=,piTu19Nu5eg5fImVJWk/dVpMS/E=
3,68,mKncTI5RotNUQjKUGAivnqMTQYA=,piTu19Nu5eg5fImVJWk/dVpMS/E=
7,69,mKncTI5RotNUQjKUGAivnqMTQYA=,D1RH9eXbsEX3JFBz+OSnHSxnBu4=
7,70,mKncTI5RotNUQjKUGAivnqMTQYA=,D1RH9eXbsEX3JFBz+OSnHSxnBu4=
6,75,mKncTI5RotNUQjKUGAivnqMTQYA=,5EpF+pgFArqhIILuUIW+oPtOIRY=
5,75,mKncTI5RotNUQjKUGAivnqMTQYA=,5EpF+pgFArqhIILuUIW+oPtOIRY=
7,73,mKncTI5RotNUQjKUGAivnqMTQYA=,5EpF+pgFArqhIILuUIW+oPtOIRY=
7,74,mKncTI5RotNUQjKUGAivnqMTQYA=,5EpF+pgFArqhIILuUIW+oPtOIRY=
7,72,mKncTI5RotNUQjKUGAivnqMTQYA=,5EpF+pgFArqhIILuUIW+oPtOIRY=
7,71,mKncTI5RotNUQjKUGAivnqMTQYA=,D1RH9eXbsEX3JFBz+OSnHSxnBu4=
0,64,mKncTI5RotNUQjKUGAivnqMTQYA=,pUHUmT8bKH7J8NxvNDhLM/Ak7i8=
1,64,mKncTI5RotNUQjKUGAivnqMTQYA=,pUHUmT8bKH7J8NxvNDhLM/Ak7i8=
2,64,mKncTI5RotNUQjKUGAivnqMTQYA=,pUHUmT8bKH7J8NxvNDhLM/Ak7i8=
3,64,mKncTI5RotNUQjKUGAivnqMTQYA=,pUHUmT8bKH7J8NxvNDhLM/Ak7i8=
0,73,mKncTI5RotNUQjKUGAivnqMTQYA=,qTE7ZHDw6J9qhvkE4grHtV/v5b0=
0,74,mKncTI5RotNUQjKUGAivnqMTQYA=,qTE7ZHDw6J9qhvkE4grHtV/v5b0=
0,68,mKncTI5RotNUQjKUGAivnqMTQYA=,piTu19Nu5eg5fImVJWk/dVpMS/E=
0,71,mKncTI5RotNUQjKUGAivnqMTQYA=,piTu19Nu5eg5fImVJWk/dVpMS/E=
0,69,mKncTI5RotNUQjKUGAivnqMTQYA=,piTu19Nu5eg5fImVJWk/dVpMS/E=
0,67,mKncTI5RotNUQjKUGAivnqMTQYA=,pUHUmT8bKH7J8NxvNDhLM/Ak7i8=
0,72,mKncTI5RotNUQjKUGAivnqMTQYA=,qTE7ZHDw6J9qhvkE4grHtV/v5b0=
0,70,mKncTI5RotNUQjKUGAivnqMTQYA=,piTu19Nu5eg5fImVJWk/dVpMS/E=
7,75,mKncTI5RotNUQjKUGAivnqMTQYA=,5EpF+pgFArqhIILuUIW+oPtOIRY=
7,68,mKncTI5RotNUQjKUGAivnqMTQYA=,D1RH9eXbsEX3JFBz+OSnHSxnBu4=
1,70,mKncTI5RotNUQjKUGAivnqMTQYA=,piTu19Nu5eg5fImVJWk/dVpMS/E=
2,69,mKncTI5RotNUQjKUGAivnqMTQYA=,piTu19Nu5eg5fImVJWk/dVpMS/E=
1,69,mKncTI5RotNUQjKUGAivnqMTQYA=,piTu19Nu5eg5fImVJWk/dVpMS/E=
4,75,mKncTI5RotNUQjKUGAivnqMTQYA=,5EpF+pgFArqhIILuUIW+oPtOIRY=
0,75,mKncTI5RotNUQjKUGAivnqMTQYA=,qTE7ZHDw6J9qhvkE4grHtV/v5b0=
0,76,mKncTI5RotNUQjKUGAivnqMTQYA=,0QDoFsQCerNVJw5brv8sXpj8x9Y=
3,75,mKncTI5RotNUQjKUGAivnqMTQYA=,qTE7ZHDw6J9qhvkE4grHtV/v5b0=
0,77,mKncTI5RotNUQjKUGAivnqMTQYA=,0QDoFsQCerNVJw5brv8sXpj8x9Y=
3,76,mKncTI5RotNUQjKUGAivnqMTQYA=,0QDoFsQCerNVJw5brv8sXpj8x9Y=
3,79,mKncTI5RotNUQjKUGAivnqMTQYA=,0QDoFsQCerNVJw5brv8sXpj8x9Y=
1,77,mKncTI5RotNUQjKUGAivnqMTQYA=,0QDoFsQCerNVJw5brv8sXpj8x9Y=
2,76,mKncTI5RotNUQjKUGAivnqMTQYA=,0QDoFsQCerNVJw5brv8sXpj8x9Y=
2,79,mKncTI5RotNUQjKUGAivnqMTQYA=,0QDoFsQCerNVJw5brv8sXpj8x9Y=
1,79,mKncTI5RotNUQjKUGAivnqMTQYA=,0QDoFsQCerNVJw5brv8sXpj8x9Y=
3,78,mKncTI5RotNUQjKUGAivnqMTQYA=,0QDoFsQCerNVJw5brv8sXpj8x9Y=
2,78,mKncTI5RotNUQjKUGAivnqMTQYA=,0QDoFsQCerNVJw5brv8sXpj8x9Y=
2,75,mKncTI5RotNUQjKUGAivnqMTQYA=,qTE7ZHDw6J9qhvkE4grHtV/v5b0=
1,75,mKncTI5RotNUQjKUGAivnqMTQYA=,qTE7ZHDw6J9qhvkE4grHtV/v5b0=
1,78,mKncTI5RotNUQjKUGAivnqMTQYA=,0QDoFsQCerNVJw5brv8sXpj8x9Y=
1,76,mKncTI5RotNUQjKUGAivnqMTQYA=,0QDoFsQCerNVJw5brv8sXpj8x9Y=
2,77,mKncTI5RotNUQjKUGAivnqMTQYA=,0QDoFsQCerNVJw5brv8sXpj8x9Y=
0,79,mKncTI5RotNUQjKUGAivnqMTQYA=,0QDoFsQCerNVJw5brv8sXpj8x9Y=
0,78,mKncTI5RotNUQjKUGAivnqMTQYA=,0QDoFsQCerNVJw5brv8sXpj8x9Y=
3,77,mKncTI5RotNUQjKUGAivnqMTQYA=,0QDoFsQCerNVJw5brv8sXpj8x9Y=
3,80,RhJVLz0Yx+vbNqw6vgiIDFdFmtQ=,+dMJeyHGLlfCCDPkiKnHomybzyk=
0,81,RhJVLz0Yx+vbNqw6vgiIDFdFmtQ=,+dMJeyHGLlfCCDPkiKnHomybzyk=
0,83,RhJVLz0Yx+vbNqw6vgiIDFdFmtQ=,+dMJeyHGLlfCCDPkiKnHomybzyk=
1,83,RhJVLz0Yx+vbNqw6vgiIDFdFmtQ=,+dMJeyHGLlfCCDPkiKnHomybzyk=
0,82,RhJVLz0Yx+vbNqw6vgiIDFdFmtQ=,+dMJeyHGLlfCCDPkiKnHomybzyk=
0,80,RhJVLz0Yx+vbNqw6vgiIDFdFmtQ=,+dMJeyHGLlfCCDPkiKnHomybzyk=
1,81,RhJVLz0Yx+vbNqw6vgiIDFdFmtQ=,+dMJeyHGLlfCCDPkiKnHomybzyk=
2,80,RhJVLz0Yx+vbNqw6vgiIDFdFmtQ=,+dMJeyHGLlfCCDPkiKnHomybzyk=
3,83,RhJVLz0Yx+vbNqw6vgiIDFdFmtQ=,+dMJeyHGLlfCCDPkiKnHomybzyk=
2,83,RhJVLz0Yx+vbNqw6vgiIDFdFmtQ=,+dMJeyHGLlfCCDPkiKnHomybzyk=
3,81,RhJVLz0Yx+vbNqw6vgiIDFdFmtQ=,+dMJeyHGLlfCCDPkiKnHomybzyk=
2,81,RhJVLz0Yx+vbNqw6vgiIDFdFmtQ=,+dMJeyHGLlfCCDPkiKnHomybzyk=
3,82,RhJVLz0Yx+vbNqw6vgiIDFdFmtQ=,+dMJeyHGLlfCCDPkiKnHomybzyk=
2,82,RhJVLz0Yx+vbNqw6vgiIDFdFmtQ=,+dMJeyHGLlfCCDPkiKnHomybzyk=
1,82,RhJVLz0Yx+vbNqw6vgiIDFdFmtQ=,+dMJeyHGLlfCCDPkiKnHomybzyk=
1,80,RhJVLz0Yx+vbNqw6vgiIDFdFmtQ=,+dMJeyHGLlfCCDPkiKnHomybzyk=
