53,-11,LjIPu0r57tzhQ3OPmgruJD4MCFM=,1zbdJmqsA/ngoMlfoaF8wNw465A=
54,-10,LjIPu0r57tzhQ3OPmgruJD4MCFM=,1zbdJmqsA/ngoMlfoaF8wNw465A=
53,-10,LjIPu0r57tzhQ3OPmgruJD4MCFM=,1zbdJmqsA/ngoMlfoaF8wNw465A=
54,-11,LjIPu0r57tzhQ3OPmgruJD4MCFM=,1zbdJmqsA/ngoMlfoaF8wNw465A=
50,-7,QvxfnVTSPHbS/9k42OfJXDjR33w=,XuOij4fbnkJnM3u+pE36NXzdtMI=
49,-7,QvxfnVTSPHbS/9k42OfJXDjR33w=,XuOij4fbnkJnM3u+pE36NXzdtMI=
50,-6,QvxfnVTSPHbS/9k42OfJXDjR33w=,XuOij4fbnkJnM3u+pE36NXzdtMI=
49,-6,QvxfnVTSPHbS/9k42OfJXDjR33w=,XuOij4fbnkJnM3u+pE36NXzdtMI=
50,-15,QvxfnVTSPHbS/9k42OfJXDjR33w=,AKjPb9FBMzVI8gNn7Jp09JXdBm8=
49,-14,QvxfnVTSPHbS/9k42OfJXDjR33w=,AKjPb9FBMzVI8gNn7Jp09JXdBm8=
50,-14,QvxfnVTSPHbS/9k42OfJXDjR33w=,AKjPb9FBMzVI8gNn7Jp09JXdBm8=
49,-15,QvxfnVTSPHbS/9k42OfJXDjR33w=,AKjPb9FBMzVI8gNn7Jp09JXdBm8=
54,-12,FVCpkYMtf+c9Wffb8CCtfmoa2pA=,1zbdJmqsA/ngoMlfoaF8wNw465A=
53,-12,FVCpkYMtf+c9Wffb8CCtfmoa2pA=,1zbdJmqsA/ngoMlfoaF8wNw465A=
51,-14,FVCpkYMtf+c9Wffb8CCtfmoa2pA=,AKjPb9FBMzVI8gNn7Jp09JXdBm8=
54,-14,FVCpkYMtf+c9Wffb8CCtfmoa2pA=,2FRwvN8ALpjAjATOV76T+vdsaIE=
51,-15,FVCpkYMtf+c9Wffb8CCtfmoa2pA=,AKjPb9FBMzVI8gNn7Jp09JXdBm8=
53,-14,FVCpkYMtf+c9Wffb8CCtfmoa2pA=,2FRwvN8ALpjAjATOV76T+vdsaIE=
54,-15,FVCpkYMtf+c9Wffb8CCtfmoa2pA=,2FRwvN8ALpjAjATOV76T+vdsaIE=
52,-14,FVCpkYMtf+c9Wffb8CCtfmoa2pA=,2FRwvN8ALpjAjATOV76T+vdsaIE=
53,-13,FVCpkYMtf+c9Wffb8CCtfmoa2pA=,2FRwvN8ALpjAjATOV76T+vdsaIE=
53,-15,FVCpkYMtf+c9Wffb8CCtfmoa2pA=,2FRwvN8ALpjAjATOV76T+vdsaIE=
52,-7,FVCpkYMtf+c9Wffb8CCtfmoa2pA=,Cw0l2yNqpECgmgPVLc7F3qLlS54=
52,-15,FVCpkYMtf+c9Wffb8CCtfmoa2pA=,2FRwvN8ALpjAjATOV76T+vdsaIE=
53,-7,FVCpkYMtf+c9Wffb8CCtfmoa2pA=,Cw0l2yNqpECgmgPVLc7F3qLlS54=
54,-13,FVCpkYMtf+c9Wffb8CCtfmoa2pA=,2FRwvN8ALpjAjATOV76T+vdsaIE=
54,-7,FVCpkYMtf+c9Wffb8CCtfmoa2pA=,Cw0l2yNqpECgmgPVLc7F3qLlS54=
53,-8,FVCpkYMtf+c9Wffb8CCtfmoa2pA=,Cw0l2yNqpECgmgPVLc7F3qLlS54=
52,-6,FVCpkYMtf+c9Wffb8CCtfmoa2pA=,Cw0l2yNqpECgmgPVLc7F3qLlS54=
54,-8,FVCpkYMtf+c9Wffb8CCtfmoa2pA=,Cw0l2yNqpECgmgPVLc7F3qLlS54=
51,-7,FVCpkYMtf+c9Wffb8CCtfmoa2pA=,XuOij4fbnkJnM3u+pE36NXzdtMI=
53,-9,FVCpkYMtf+c9Wffb8CCtfmoa2pA=,1zbdJmqsA/ngoMlfoaF8wNw465A=
51,-6,FVCpkYMtf+c9Wffb8CCtfmoa2pA=,XuOij4fbnkJnM3u+pE36NXzdtMI=
53,-6,FVCpkYMtf+c9Wffb8CCtfmoa2pA=,Cw0l2yNqpECgmgPVLc7F3qLlS54=
54,-6,FVCpkYMtf+c9Wffb8CCtfmoa2pA=,Cw0l2yNqpECgmgPVLc7F3qLlS54=
54,-9,FVCpkYMtf+c9Wffb8CCtfmoa2pA=,1zbdJmqsA/ngoMlfoaF8wNw465A=
49,-13,oM8CRahMDRl30Q9qqZ7T3LDmYw0=,AKjPb9FBMzVI8gNn7Jp09JXdBm8=
52,-13,oM8CRahMDRl30Q9qqZ7T3LDmYw0=,2FRwvN8ALpjAjATOV76T+vdsaIE=
51,-8,oM8CRahMDRl30Q9qqZ7T3LDmYw0=,XuOij4fbnkJnM3u+pE36NXzdtMI=
49,-12,oM8CRahMDRl30Q9qqZ7T3LDmYw0=,TXyupOfr2pd1uUuANSsE/clUR1A=
50,-13,oM8CRahMDRl30Q9qqZ7T3LDmYw0=,AKjPb9FBMzVI8gNn7Jp09JXdBm8=
49,-8,oM8CRahMDRl30Q9qqZ7T3LDmYw0=,XuOij4fbnkJnM3u+pE36NXzdtMI=
52,-11,oM8CRahMDRl30Q9qqZ7T3LDmYw0=,1zbdJmqsA/ngoMlfoaF8wNw465A=
52,-12,oM8CRahMDRl30Q9qqZ7T3LDmYw0=,1zbdJmqsA/ngoMlfoaF8wNw465A=
51,-13,oM8CRahMDRl30Q9qqZ7T3LDmYw0=,AKjPb9FBMzVI8gNn7Jp09JXdBm8=
52,-10,oM8CRahMDRl30Q9qqZ7T3LDmYw0=,1zbdJmqsA/ngoMlfoaF8wNw465A=
51,-11,oM8CRahMDRl30Q9qqZ7T3LDmYw0=,TXyupOfr2pd1uUuANSsE/clUR1A=
51,-10,oM8CRahMDRl30Q9qqZ7T3LDmYw0=,TXyupOfr2pd1uUuANSsE/clUR1A=
50,-10,oM8CRahMDRl30Q9qqZ7T3LDmYw0=,TXyupOfr2pd1uUuANSsE/clUR1A=
50,-12,oM8CRahMDRl30Q9qqZ7T3LDmYw0=,TXyupOfr2pd1uUuANSsE/clUR1A=
52,-9,oM8CRahMDRl30Q9qqZ7T3LDmYw0=,1zbdJmqsA/ngoMlfoaF8wNw465A=
49,-10,oM8CRahMDRl30Q9qqZ7T3LDmYw0=,TXyupOfr2pd1uUuANSsE/clUR1A=
52,-8,oM8CRahMDRl30Q9qqZ7T3LDmYw0=,Cw0l2yNqpECgmgPVLc7F3qLlS54=
51,-9,oM8CRahMDRl30Q9qqZ7T3LDmYw0=,TXyupOfr2pd1uUuANSsE/clUR1A=
49,-11,oM8CRahMDRl30Q9qqZ7T3LDmYw0=,TXyupOfr2pd1uUuANSsE/clUR1A=
49,-9,oM8CRahMDRl30Q9qqZ7T3LDmYw0=,TXyupOfr2pd1uUuANSsE/clUR1A=
50,-9,oM8CRahMDRl30Q9qqZ7T3LDmYw0=,TXyupOfr2pd1uUuANSsE/clUR1A=
51,-12,oM8CRahMDRl30Q9qqZ7T3LDmYw0=,TXyupOfr2pd1uUuANSsE/clUR1A=
50,-8,oM8CRahMDRl30Q9qqZ7T3LDmYw0=,XuOij4fbnkJnM3u+pE36NXzdtMI=
50,-11,oM8CRahMDRl30Q9qqZ7T3LDmYw0=,TXyupOfr2pd1uUuANSsE/clUR1A=
53,-4,milogFCgAaJnL632KZIVjb1on7I=,mjcM0knrjANutl4QD2NkYBdJBT4=
54,-5,milogFCgAaJnL632KZIVjb1on7I=,Cw0l2yNqpECgmgPVLc7F3qLlS54=
54,-2,milogFCgAaJnL632KZIVjb1on7I=,mjcM0knrjANutl4QD2NkYBdJBT4=
53,-5,milogFCgAaJnL632KZIVjb1on7I=,Cw0l2yNqpECgmgPVLc7F3qLlS54=
53,-2,milogFCgAaJnL632KZIVjb1on7I=,mjcM0knrjANutl4QD2NkYBdJBT4=
54,-3,milogFCgAaJnL632KZIVjb1on7I=,mjcM0knrjANutl4QD2NkYBdJBT4=
53,-3,milogFCgAaJnL632KZIVjb1on7I=,mjcM0knrjANutl4QD2NkYBdJBT4=
54,-4,milogFCgAaJnL632KZIVjb1on7I=,mjcM0knrjANutl4QD2NkYBdJBT4=
55,-6,e1NOdYooQkZq54cQl8ja90dxeLU=,Cw0l2yNqpECgmgPVLc7F3qLlS54=
56,-7,e1NOdYooQkZq54cQl8ja90dxeLU=,8dJMgjMXZvPIXuB/Es5UXH25JbQ=
55,-7,e1NOdYooQkZq54cQl8ja90dxeLU=,Cw0l2yNqpECgmgPVLc7F3qLlS54=
57,-7,e1NOdYooQkZq54cQl8ja90dxeLU=,8dJMgjMXZvPIXuB/Es5UXH25JbQ=
58,-7,e1NOdYooQkZq54cQl8ja90dxeLU=,8dJMgjMXZvPIXuB/Es5UXH25JbQ=
56,-6,e1NOdYooQkZq54cQl8ja90dxeLU=,8dJMgjMXZvPIXuB/Es5UXH25JbQ=
57,-6,e1NOdYooQkZq54cQl8ja90dxeLU=,8dJMgjMXZvPIXuB/Es5UXH25JbQ=
58,-6,e1NOdYooQkZq54cQl8ja90dxeLU=,8dJMgjMXZvPIXuB/Es5UXH25JbQ=
58,-10,e1NOdYooQkZq54cQl8ja90dxeLU=,yj737KhR6wGufcqI6LUajjvWmD0=
56,-9,zvbmDcOEEn2lIplmpQJ/RTbXZkQ=,yj737KhR6wGufcqI6LUajjvWmD0=
57,-8,zvbmDcOEEn2lIplmpQJ/RTbXZkQ=,8dJMgjMXZvPIXuB/Es5UXH25JbQ=
58,-8,zvbmDcOEEn2lIplmpQJ/RTbXZkQ=,8dJMgjMXZvPIXuB/Es5UXH25JbQ=
55,-9,m6oPSkNeYMUnQUZmxOGyO2yfGcg=,1zbdJmqsA/ngoMlfoaF8wNw465A=
56,-8,m6oPSkNeYMUnQUZmxOGyO2yfGcg=,8dJMgjMXZvPIXuB/Es5UXH25JbQ=
59,-7,m6oPSkNeYMUnQUZmxOGyO2yfGcg=,8dJMgjMXZvPIXuB/Es5UXH25JbQ=
55,-11,m6oPSkNeYMUnQUZmxOGyO2yfGcg=,1zbdJmqsA/ngoMlfoaF8wNw465A=
57,-10,m6oPSkNeYMUnQUZmxOGyO2yfGcg=,yj737KhR6wGufcqI6LUajjvWmD0=
58,-9,m6oPSkNeYMUnQUZmxOGyO2yfGcg=,yj737KhR6wGufcqI6LUajjvWmD0=
62,-6,m6oPSkNeYMUnQUZmxOGyO2yfGcg=,FioYKnluvFHX0Mr9YPI5JXwqnAk=
59,-6,m6oPSkNeYMUnQUZmxOGyO2yfGcg=,8dJMgjMXZvPIXuB/Es5UXH25JbQ=
57,-9,m6oPSkNeYMUnQUZmxOGyO2yfGcg=,yj737KhR6wGufcqI6LUajjvWmD0=
61,-6,m6oPSkNeYMUnQUZmxOGyO2yfGcg=,FioYKnluvFHX0Mr9YPI5JXwqnAk=
56,-10,9gMl9kPEaoJNLyad9sUGLgSx4oc=,yj737KhR6wGufcqI6LUajjvWmD0=
56,-13,9gMl9kPEaoJNLyad9sUGLgSx4oc=,u6bHIBf2Ir6FyFMRaJp3uuE+f9s=
55,-10,9gMl9kPEaoJNLyad9sUGLgSx4oc=,1zbdJmqsA/ngoMlfoaF8wNw465A=
56,-3,9gMl9kPEaoJNLyad9sUGLgSx4oc=,PWG15LZWIESA9wtjfIkuzoPqMdU=
60,-7,9gMl9kPEaoJNLyad9sUGLgSx4oc=,FioYKnluvFHX0Mr9YPI5JXwqnAk=
58,-11,9gMl9kPEaoJNLyad9sUGLgSx4oc=,yj737KhR6wGufcqI6LUajjvWmD0=
55,-13,9gMl9kPEaoJNLyad9sUGLgSx4oc=,2FRwvN8ALpjAjATOV76T+vdsaIE=
55,-8,9gMl9kPEaoJNLyad9sUGLgSx4oc=,Cw0l2yNqpECgmgPVLc7F3qLlS54=
60,-6,9gMl9kPEaoJNLyad9sUGLgSx4oc=,FioYKnluvFHX0Mr9YPI5JXwqnAk=
57,-3,9gMl9kPEaoJNLyad9sUGLgSx4oc=,PWG15LZWIESA9wtjfIkuzoPqMdU=
61,-7,9gMl9kPEaoJNLyad9sUGLgSx4oc=,FioYKnluvFHX0Mr9YPI5JXwqnAk=
62,-7,9gMl9kPEaoJNLyad9sUGLgSx4oc=,FioYKnluvFHX0Mr9YPI5JXwqnAk=
56,-11,9gMl9kPEaoJNLyad9sUGLgSx4oc=,yj737KhR6wGufcqI6LUajjvWmD0=
58,-3,9gMl9kPEaoJNLyad9sUGLgSx4oc=,PWG15LZWIESA9wtjfIkuzoPqMdU=
58,-4,9gMl9kPEaoJNLyad9sUGLgSx4oc=,PWG15LZWIESA9wtjfIkuzoPqMdU=
57,-13,9gMl9kPEaoJNLyad9sUGLgSx4oc=,u6bHIBf2Ir6FyFMRaJp3uuE+f9s=
57,-11,9gMl9kPEaoJNLyad9sUGLgSx4oc=,yj737KhR6wGufcqI6LUajjvWmD0=
58,-13,9gMl9kPEaoJNLyad9sUGLgSx4oc=,u6bHIBf2Ir6FyFMRaJp3uuE+f9s=
55,-4,9gMl9kPEaoJNLyad9sUGLgSx4oc=,mjcM0knrjANutl4QD2NkYBdJBT4=
55,-5,9gMl9kPEaoJNLyad9sUGLgSx4oc=,Cw0l2yNqpECgmgPVLc7F3qLlS54=
56,-2,9gMl9kPEaoJNLyad9sUGLgSx4oc=,PWG15LZWIESA9wtjfIkuzoPqMdU=
55,-15,9gMl9kPEaoJNLyad9sUGLgSx4oc=,2FRwvN8ALpjAjATOV76T+vdsaIE=
56,-15,9gMl9kPEaoJNLyad9sUGLgSx4oc=,u6bHIBf2Ir6FyFMRaJp3uuE+f9s=
57,-2,9gMl9kPEaoJNLyad9sUGLgSx4oc=,PWG15LZWIESA9wtjfIkuzoPqMdU=
58,-2,9gMl9kPEaoJNLyad9sUGLgSx4oc=,PWG15LZWIESA9wtjfIkuzoPqMdU=
56,-12,DZxZcxdn1tCnrv83CKNQ2J75mbc=,yj737KhR6wGufcqI6LUajjvWmD0=
61,-15,DZxZcxdn1tCnrv83CKNQ2J75mbc=,fUI25t+y6yEazlnTM5m/WNF+TVg=
55,-3,DZxZcxdn1tCnrv83CKNQ2J75mbc=,mjcM0knrjANutl4QD2NkYBdJBT4=
57,-12,DZxZcxdn1tCnrv83CKNQ2J75mbc=,yj737KhR6wGufcqI6LUajjvWmD0=
62,-15,DZxZcxdn1tCnrv83CKNQ2J75mbc=,fUI25t+y6yEazlnTM5m/WNF+TVg=
56,-5,DZxZcxdn1tCnrv83CKNQ2J75mbc=,8dJMgjMXZvPIXuB/Es5UXH25JbQ=
57,-15,DZxZcxdn1tCnrv83CKNQ2J75mbc=,u6bHIBf2Ir6FyFMRaJp3uuE+f9s=
60,-15,DZxZcxdn1tCnrv83CKNQ2J75mbc=,fUI25t+y6yEazlnTM5m/WNF+TVg=
57,-5,DZxZcxdn1tCnrv83CKNQ2J75mbc=,8dJMgjMXZvPIXuB/Es5UXH25JbQ=
57,-4,DZxZcxdn1tCnrv83CKNQ2J75mbc=,PWG15LZWIESA9wtjfIkuzoPqMdU=
60,-14,DZxZcxdn1tCnrv83CKNQ2J75mbc=,fUI25t+y6yEazlnTM5m/WNF+TVg=
58,-15,DZxZcxdn1tCnrv83CKNQ2J75mbc=,u6bHIBf2Ir6FyFMRaJp3uuE+f9s=
55,-2,DZxZcxdn1tCnrv83CKNQ2J75mbc=,mjcM0knrjANutl4QD2NkYBdJBT4=
58,-5,DZxZcxdn1tCnrv83CKNQ2J75mbc=,8dJMgjMXZvPIXuB/Es5UXH25JbQ=
55,-14,DZxZcxdn1tCnrv83CKNQ2J75mbc=,2FRwvN8ALpjAjATOV76T+vdsaIE=
56,-4,DZxZcxdn1tCnrv83CKNQ2J75mbc=,PWG15LZWIESA9wtjfIkuzoPqMdU=
58,-12,DZxZcxdn1tCnrv83CKNQ2J75mbc=,yj737KhR6wGufcqI6LUajjvWmD0=
61,-14,DZxZcxdn1tCnrv83CKNQ2J75mbc=,fUI25t+y6yEazlnTM5m/WNF+TVg=
56,-14,DZxZcxdn1tCnrv83CKNQ2J75mbc=,u6bHIBf2Ir6FyFMRaJp3uuE+f9s=
62,-14,DZxZcxdn1tCnrv83CKNQ2J75mbc=,fUI25t+y6yEazlnTM5m/WNF+TVg=
57,-14,DZxZcxdn1tCnrv83CKNQ2J75mbc=,u6bHIBf2Ir6FyFMRaJp3uuE+f9s=
59,-14,DZxZcxdn1tCnrv83CKNQ2J75mbc=,u6bHIBf2Ir6FyFMRaJp3uuE+f9s=
59,-15,DZxZcxdn1tCnrv83CKNQ2J75mbc=,u6bHIBf2Ir6FyFMRaJp3uuE+f9s=
55,-12,DZxZcxdn1tCnrv83CKNQ2J75mbc=,1zbdJmqsA/ngoMlfoaF8wNw465A=
58,-14,DZxZcxdn1tCnrv83CKNQ2J75mbc=,u6bHIBf2Ir6FyFMRaJp3uuE+f9s=
63,-15,DZxZcxdn1tCnrv83CKNQ2J75mbc=,fUI25t+y6yEazlnTM5m/WNF+TVg=
63,-6,DZxZcxdn1tCnrv83CKNQ2J75mbc=,FioYKnluvFHX0Mr9YPI5JXwqnAk=
63,-7,DZxZcxdn1tCnrv83CKNQ2J75mbc=,FioYKnluvFHX0Mr9YPI5JXwqnAk=
63,-14,DZxZcxdn1tCnrv83CKNQ2J75mbc=,fUI25t+y6yEazlnTM5m/WNF+TVg=
59,-10,DZxZcxdn1tCnrv83CKNQ2J75mbc=,yj737KhR6wGufcqI6LUajjvWmD0=
60,-9,DZxZcxdn1tCnrv83CKNQ2J75mbc=,jLSl/yjv2eCoR5I6uMtfB5Csvxo=
63,-10,DZxZcxdn1tCnrv83CKNQ2J75mbc=,jLSl/yjv2eCoR5I6uMtfB5Csvxo=
59,-8,DZxZcxdn1tCnrv83CKNQ2J75mbc=,8dJMgjMXZvPIXuB/Es5UXH25JbQ=
62,-10,DZxZcxdn1tCnrv83CKNQ2J75mbc=,jLSl/yjv2eCoR5I6uMtfB5Csvxo=
61,-9,DZxZcxdn1tCnrv83CKNQ2J75mbc=,jLSl/yjv2eCoR5I6uMtfB5Csvxo=
61,-10,DZxZcxdn1tCnrv83CKNQ2J75mbc=,jLSl/yjv2eCoR5I6uMtfB5Csvxo=
59,-9,DZxZcxdn1tCnrv83CKNQ2J75mbc=,yj737KhR6wGufcqI6LUajjvWmD0=
62,-9,DZxZcxdn1tCnrv83CKNQ2J75mbc=,jLSl/yjv2eCoR5I6uMtfB5Csvxo=
63,-13,DZxZcxdn1tCnrv83CKNQ2J75mbc=,fUI25t+y6yEazlnTM5m/WNF+TVg=
60,-10,DZxZcxdn1tCnrv83CKNQ2J75mbc=,jLSl/yjv2eCoR5I6uMtfB5Csvxo=
63,-11,DZxZcxdn1tCnrv83CKNQ2J75mbc=,jLSl/yjv2eCoR5I6uMtfB5Csvxo=
63,-9,DZxZcxdn1tCnrv83CKNQ2J75mbc=,jLSl/yjv2eCoR5I6uMtfB5Csvxo=
59,-13,DZxZcxdn1tCnrv83CKNQ2J75mbc=,u6bHIBf2Ir6FyFMRaJp3uuE+f9s=
60,-12,DZxZcxdn1tCnrv83CKNQ2J75mbc=,jLSl/yjv2eCoR5I6uMtfB5Csvxo=
61,-12,DZxZcxdn1tCnrv83CKNQ2J75mbc=,jLSl/yjv2eCoR5I6uMtfB5Csvxo=
62,-12,DZxZcxdn1tCnrv83CKNQ2J75mbc=,jLSl/yjv2eCoR5I6uMtfB5Csvxo=
63,-12,DZxZcxdn1tCnrv83CKNQ2J75mbc=,jLSl/yjv2eCoR5I6uMtfB5Csvxo=
60,-8,DZxZcxdn1tCnrv83CKNQ2J75mbc=,FioYKnluvFHX0Mr9YPI5JXwqnAk=
60,-11,DZxZcxdn1tCnrv83CKNQ2J75mbc=,jLSl/yjv2eCoR5I6uMtfB5Csvxo=
59,-12,DZxZcxdn1tCnrv83CKNQ2J75mbc=,yj737KhR6wGufcqI6LUajjvWmD0=
61,-8,DZxZcxdn1tCnrv83CKNQ2J75mbc=,FioYKnluvFHX0Mr9YPI5JXwqnAk=
60,-13,DZxZcxdn1tCnrv83CKNQ2J75mbc=,fUI25t+y6yEazlnTM5m/WNF+TVg=
62,-8,DZxZcxdn1tCnrv83CKNQ2J75mbc=,FioYKnluvFHX0Mr9YPI5JXwqnAk=
63,-8,DZxZcxdn1tCnrv83CKNQ2J75mbc=,FioYKnluvFHX0Mr9YPI5JXwqnAk=
61,-13,DZxZcxdn1tCnrv83CKNQ2J75mbc=,fUI25t+y6yEazlnTM5m/WNF+TVg=
61,-11,DZxZcxdn1tCnrv83CKNQ2J75mbc=,jLSl/yjv2eCoR5I6uMtfB5Csvxo=
59,-11,DZxZcxdn1tCnrv83CKNQ2J75mbc=,yj737KhR6wGufcqI6LUajjvWmD0=
62,-11,DZxZcxdn1tCnrv83CKNQ2J75mbc=,jLSl/yjv2eCoR5I6uMtfB5Csvxo=
62,-13,DZxZcxdn1tCnrv83CKNQ2J75mbc=,fUI25t+y6yEazlnTM5m/WNF+TVg=
58,-1,DZxZcxdn1tCnrv83CKNQ2J75mbc=,PWG15LZWIESA9wtjfIkuzoPqMdU=
57,-1,DZxZcxdn1tCnrv83CKNQ2J75mbc=,PWG15LZWIESA9wtjfIkuzoPqMdU=
53,-1,DZxZcxdn1tCnrv83CKNQ2J75mbc=,mjcM0knrjANutl4QD2NkYBdJBT4=
54,-1,DZxZcxdn1tCnrv83CKNQ2J75mbc=,mjcM0knrjANutl4QD2NkYBdJBT4=
55,-1,DZxZcxdn1tCnrv83CKNQ2J75mbc=,mjcM0knrjANutl4QD2NkYBdJBT4=
56,-1,DZxZcxdn1tCnrv83CKNQ2J75mbc=,PWG15LZWIESA9wtjfIkuzoPqMdU=
48,-7,DZxZcxdn1tCnrv83CKNQ2J75mbc=,XuOij4fbnkJnM3u+pE36NXzdtMI=
48,-6,DZxZcxdn1tCnrv83CKNQ2J75mbc=,XuOij4fbnkJnM3u+pE36NXzdtMI=
48,-15,DZxZcxdn1tCnrv83CKNQ2J75mbc=,AKjPb9FBMzVI8gNn7Jp09JXdBm8=
48,-14,hkv5VvKhg+PM0Mc33UMb3Aae6No=,AKjPb9FBMzVI8gNn7Jp09JXdBm8=
50,-16,hkv5VvKhg+PM0Mc33UMb3Aae6No=,AKjPb9FBMzVI8gNn7Jp09JXdBm8=
60,-5,hkv5VvKhg+PM0Mc33UMb3Aae6No=,FioYKnluvFHX0Mr9YPI5JXwqnAk=
49,-16,hkv5VvKhg+PM0Mc33UMb3Aae6No=,AKjPb9FBMzVI8gNn7Jp09JXdBm8=
63,-2,hkv5VvKhg+PM0Mc33UMb3Aae6No=,zSEO13Jucq8xFj+9lDK4JWwr/y4=
60,-4,hkv5VvKhg+PM0Mc33UMb3Aae6No=,zSEO13Jucq8xFj+9lDK4JWwr/y4=
59,-4,hkv5VvKhg+PM0Mc33UMb3Aae6No=,PWG15LZWIESA9wtjfIkuzoPqMdU=
59,-1,hkv5VvKhg+PM0Mc33UMb3Aae6No=,PWG15LZWIESA9wtjfIkuzoPqMdU=
62,-2,hkv5VvKhg+PM0Mc33UMb3Aae6No=,zSEO13Jucq8xFj+9lDK4JWwr/y4=
61,-2,hkv5VvKhg+PM0Mc33UMb3Aae6No=,zSEO13Jucq8xFj+9lDK4JWwr/y4=
60,-2,hkv5VvKhg+PM0Mc33UMb3Aae6No=,zSEO13Jucq8xFj+9lDK4JWwr/y4=
61,-4,hkv5VvKhg+PM0Mc33UMb3Aae6No=,zSEO13Jucq8xFj+9lDK4JWwr/y4=
59,-5,hkv5VvKhg+PM0Mc33UMb3Aae6No=,8dJMgjMXZvPIXuB/Es5UXH25JbQ=
63,-3,0N92UyowMVXJ6XpakJo9z3t0H+0=,zSEO13Jucq8xFj+9lDK4JWwr/y4=
62,-3,0N92UyowMVXJ6XpakJo9z3t0H+0=,zSEO13Jucq8xFj+9lDK4JWwr/y4=
61,-5,0N92UyowMVXJ6XpakJo9z3t0H+0=,FioYKnluvFHX0Mr9YPI5JXwqnAk=
59,-3,0N92UyowMVXJ6XpakJo9z3t0H+0=,PWG15LZWIESA9wtjfIkuzoPqMdU=
61,-3,0N92UyowMVXJ6XpakJo9z3t0H+0=,zSEO13Jucq8xFj+9lDK4JWwr/y4=
59,-2,0N92UyowMVXJ6XpakJo9z3t0H+0=,PWG15LZWIESA9wtjfIkuzoPqMdU=
62,-1,0N92UyowMVXJ6XpakJo9z3t0H+0=,zSEO13Jucq8xFj+9lDK4JWwr/y4=
60,-3,0N92UyowMVXJ6XpakJo9z3t0H+0=,zSEO13Jucq8xFj+9lDK4JWwr/y4=
61,-1,0N92UyowMVXJ6XpakJo9z3t0H+0=,zSEO13Jucq8xFj+9lDK4JWwr/y4=
63,-4,0N92UyowMVXJ6XpakJo9z3t0H+0=,zSEO13Jucq8xFj+9lDK4JWwr/y4=
60,-1,0N92UyowMVXJ6XpakJo9z3t0H+0=,zSEO13Jucq8xFj+9lDK4JWwr/y4=
62,-4,0N92UyowMVXJ6XpakJo9z3t0H+0=,zSEO13Jucq8xFj+9lDK4JWwr/y4=
62,-5,0N92UyowMVXJ6XpakJo9z3t0H+0=,FioYKnluvFHX0Mr9YPI5JXwqnAk=
63,-5,0N92UyowMVXJ6XpakJo9z3t0H+0=,FioYKnluvFHX0Mr9YPI5JXwqnAk=
57,-16,0N92UyowMVXJ6XpakJo9z3t0H+0=,u6bHIBf2Ir6FyFMRaJp3uuE+f9s=
58,-16,0N92UyowMVXJ6XpakJo9z3t0H+0=,u6bHIBf2Ir6FyFMRaJp3uuE+f9s=
51,-16,0N92UyowMVXJ6XpakJo9z3t0H+0=,AKjPb9FBMzVI8gNn7Jp09JXdBm8=
52,-16,0N92UyowMVXJ6XpakJo9z3t0H+0=,2FRwvN8ALpjAjATOV76T+vdsaIE=
53,-16,0N92UyowMVXJ6XpakJo9z3t0H+0=,2FRwvN8ALpjAjATOV76T+vdsaIE=
54,-16,0N92UyowMVXJ6XpakJo9z3t0H+0=,2FRwvN8ALpjAjATOV76T+vdsaIE=
56,-16,0N92UyowMVXJ6XpakJo9z3t0H+0=,u6bHIBf2Ir6FyFMRaJp3uuE+f9s=
55,-16,0N92UyowMVXJ6XpakJo9z3t0H+0=,2FRwvN8ALpjAjATOV76T+vdsaIE=
60,-16,0N92UyowMVXJ6XpakJo9z3t0H+0=,fUI25t+y6yEazlnTM5m/WNF+TVg=
59,-16,0N92UyowMVXJ6XpakJo9z3t0H+0=,u6bHIBf2Ir6FyFMRaJp3uuE+f9s=
63,-16,0N92UyowMVXJ6XpakJo9z3t0H+0=,fUI25t+y6yEazlnTM5m/WNF+TVg=
48,-12,0N92UyowMVXJ6XpakJo9z3t0H+0=,TXyupOfr2pd1uUuANSsE/clUR1A=
62,-16,0N92UyowMVXJ6XpakJo9z3t0H+0=,fUI25t+y6yEazlnTM5m/WNF+TVg=
61,-16,0N92UyowMVXJ6XpakJo9z3t0H+0=,fUI25t+y6yEazlnTM5m/WNF+TVg=
48,-9,0N92UyowMVXJ6XpakJo9z3t0H+0=,TXyupOfr2pd1uUuANSsE/clUR1A=
48,-13,0N92UyowMVXJ6XpakJo9z3t0H+0=,AKjPb9FBMzVI8gNn7Jp09JXdBm8=
48,-16,0N92UyowMVXJ6XpakJo9z3t0H+0=,AKjPb9FBMzVI8gNn7Jp09JXdBm8=
48,-10,0N92UyowMVXJ6XpakJo9z3t0H+0=,TXyupOfr2pd1uUuANSsE/clUR1A=
48,-11,0N92UyowMVXJ6XpakJo9z3t0H+0=,TXyupOfr2pd1uUuANSsE/clUR1A=
63,-1,0N92UyowMVXJ6XpakJo9z3t0H+0=,zSEO13Jucq8xFj+9lDK4JWwr/y4=
48,-8,0N92UyowMVXJ6XpakJo9z3t0H+0=,XuOij4fbnkJnM3u+pE36NXzdtMI=
48,-1,wCcJRjZuoaMEviJHpPCXPe2d3q8=,JsBakq0Xu2JPw35LJLKwkZjX3Ws=
51,-5,wCcJRjZuoaMEviJHpPCXPe2d3q8=,XuOij4fbnkJnM3u+pE36NXzdtMI=
49,-3,wCcJRjZuoaMEviJHpPCXPe2d3q8=,JsBakq0Xu2JPw35LJLKwkZjX3Ws=
49,-5,wCcJRjZuoaMEviJHpPCXPe2d3q8=,XuOij4fbnkJnM3u+pE36NXzdtMI=
50,-5,wCcJRjZuoaMEviJHpPCXPe2d3q8=,XuOij4fbnkJnM3u+pE36NXzdtMI=
49,-2,wCcJRjZuoaMEviJHpPCXPe2d3q8=,JsBakq0Xu2JPw35LJLKwkZjX3Ws=
48,-3,wCcJRjZuoaMEviJHpPCXPe2d3q8=,JsBakq0Xu2JPw35LJLKwkZjX3Ws=
51,-4,wCcJRjZuoaMEviJHpPCXPe2d3q8=,JsBakq0Xu2JPw35LJLKwkZjX3Ws=
52,-2,wCcJRjZuoaMEviJHpPCXPe2d3q8=,mjcM0knrjANutl4QD2NkYBdJBT4=
50,-4,wCcJRjZuoaMEviJHpPCXPe2d3q8=,JsBakq0Xu2JPw35LJLKwkZjX3Ws=
49,-4,wCcJRjZuoaMEviJHpPCXPe2d3q8=,JsBakq0Xu2JPw35LJLKwkZjX3Ws=
48,-5,wCcJRjZuoaMEviJHpPCXPe2d3q8=,XuOij4fbnkJnM3u+pE36NXzdtMI=
52,-3,wCcJRjZuoaMEviJHpPCXPe2d3q8=,mjcM0knrjANutl4QD2NkYBdJBT4=
51,-2,wCcJRjZuoaMEviJHpPCXPe2d3q8=,JsBakq0Xu2JPw35LJLKwkZjX3Ws=
52,-5,wCcJRjZuoaMEviJHpPCXPe2d3q8=,Cw0l2yNqpECgmgPVLc7F3qLlS54=
52,-1,wCcJRjZuoaMEviJHpPCXPe2d3q8=,mjcM0knrjANutl4QD2NkYBdJBT4=
52,-4,wCcJRjZuoaMEviJHpPCXPe2d3q8=,mjcM0knrjANutl4QD2NkYBdJBT4=
50,-2,wCcJRjZuoaMEviJHpPCXPe2d3q8=,JsBakq0Xu2JPw35LJLKwkZjX3Ws=
48,-4,wCcJRjZuoaMEviJHpPCXPe2d3q8=,JsBakq0Xu2JPw35LJLKwkZjX3Ws=
51,-3,wCcJRjZuoaMEviJHpPCXPe2d3q8=,JsBakq0Xu2JPw35LJLKwkZjX3Ws=
51,-1,wCcJRjZuoaMEviJHpPCXPe2d3q8=,JsBakq0Xu2JPw35LJLKwkZjX3Ws=
50,-1,wCcJRjZuoaMEviJHpPCXPe2d3q8=,JsBakq0Xu2JPw35LJLKwkZjX3Ws=
49,-1,wCcJRjZuoaMEviJHpPCXPe2d3q8=,JsBakq0Xu2JPw35LJLKwkZjX3Ws=
50,-3,wCcJRjZuoaMEviJHpPCXPe2d3q8=,JsBakq0Xu2JPw35LJLKwkZjX3Ws=
48,-2,wCcJRjZuoaMEviJHpPCXPe2d3q8=,JsBakq0Xu2JPw35LJLKwkZjX3Ws=
58,-26,ldqyKRBec9R8cgDHMhh9+z8lKDw=,BeO6hTWkSpGOrdgSVZJZO4Yx6m8=
58,-27,ldqyKRBec9R8cgDHMhh9+z8lKDw=,BeO6hTWkSpGOrdgSVZJZO4Yx6m8=
57,-27,ldqyKRBec9R8cgDHMhh9+z8lKDw=,BeO6hTWkSpGOrdgSVZJZO4Yx6m8=
57,-26,ldqyKRBec9R8cgDHMhh9+z8lKDw=,BeO6hTWkSpGOrdgSVZJZO4Yx6m8=
61,-26,ldqyKRBec9R8cgDHMhh9+z8lKDw=,QW0HnLQTlU6H06p2CvjJDCHUWLA=
60,-26,ldqyKRBec9R8cgDHMhh9+z8lKDw=,QW0HnLQTlU6H06p2CvjJDCHUWLA=
62,-27,ldqyKRBec9R8cgDHMhh9+z8lKDw=,QW0HnLQTlU6H06p2CvjJDCHUWLA=
59,-26,HfYL2FQ/t+SiJxShHXjuXO8c6d8=,BeO6hTWkSpGOrdgSVZJZO4Yx6m8=
60,-30,HfYL2FQ/t+SiJxShHXjuXO8c6d8=,ShBZPWBRAaRj7dTmDS7iAEfI0as=
62,-31,HfYL2FQ/t+SiJxShHXjuXO8c6d8=,ShBZPWBRAaRj7dTmDS7iAEfI0as=
61,-29,HfYL2FQ/t+SiJxShHXjuXO8c6d8=,ShBZPWBRAaRj7dTmDS7iAEfI0as=
57,-29,HfYL2FQ/t+SiJxShHXjuXO8c6d8=,nn9YjWwYC/ef/1IytlooZcBJas8=
60,-27,HfYL2FQ/t+SiJxShHXjuXO8c6d8=,QW0HnLQTlU6H06p2CvjJDCHUWLA=
61,-27,HfYL2FQ/t+SiJxShHXjuXO8c6d8=,QW0HnLQTlU6H06p2CvjJDCHUWLA=
61,-30,bhyiXAUUdbqmyLgtFSF6iOHGEMk=,ShBZPWBRAaRj7dTmDS7iAEfI0as=
53,-31,bhyiXAUUdbqmyLgtFSF6iOHGEMk=,2scX1qYZ4/B7Lje4UKKsDxWE3LI=
58,-29,bhyiXAUUdbqmyLgtFSF6iOHGEMk=,nn9YjWwYC/ef/1IytlooZcBJas8=
60,-31,bhyiXAUUdbqmyLgtFSF6iOHGEMk=,ShBZPWBRAaRj7dTmDS7iAEfI0as=
59,-30,bhyiXAUUdbqmyLgtFSF6iOHGEMk=,nn9YjWwYC/ef/1IytlooZcBJas8=
62,-29,bhyiXAUUdbqmyLgtFSF6iOHGEMk=,ShBZPWBRAaRj7dTmDS7iAEfI0as=
57,-31,bhyiXAUUdbqmyLgtFSF6iOHGEMk=,nn9YjWwYC/ef/1IytlooZcBJas8=
54,-31,bhyiXAUUdbqmyLgtFSF6iOHGEMk=,2scX1qYZ4/B7Lje4UKKsDxWE3LI=
56,-30,bhyiXAUUdbqmyLgtFSF6iOHGEMk=,nn9YjWwYC/ef/1IytlooZcBJas8=
59,-27,cw/pZ0f8JcFvgyGrQIZz5rt2yBM=,BeO6hTWkSpGOrdgSVZJZO4Yx6m8=
59,-29,cw/pZ0f8JcFvgyGrQIZz5rt2yBM=,nn9YjWwYC/ef/1IytlooZcBJas8=
60,-28,cw/pZ0f8JcFvgyGrQIZz5rt2yBM=,QW0HnLQTlU6H06p2CvjJDCHUWLA=
60,-29,cw/pZ0f8JcFvgyGrQIZz5rt2yBM=,ShBZPWBRAaRj7dTmDS7iAEfI0as=
57,-28,cw/pZ0f8JcFvgyGrQIZz5rt2yBM=,BeO6hTWkSpGOrdgSVZJZO4Yx6m8=
62,-30,cw/pZ0f8JcFvgyGrQIZz5rt2yBM=,ShBZPWBRAaRj7dTmDS7iAEfI0as=
55,-31,cw/pZ0f8JcFvgyGrQIZz5rt2yBM=,2scX1qYZ4/B7Lje4UKKsDxWE3LI=
61,-28,cw/pZ0f8JcFvgyGrQIZz5rt2yBM=,QW0HnLQTlU6H06p2CvjJDCHUWLA=
58,-30,cw/pZ0f8JcFvgyGrQIZz5rt2yBM=,nn9YjWwYC/ef/1IytlooZcBJas8=
57,-30,cw/pZ0f8JcFvgyGrQIZz5rt2yBM=,nn9YjWwYC/ef/1IytlooZcBJas8=
58,-28,cw/pZ0f8JcFvgyGrQIZz5rt2yBM=,BeO6hTWkSpGOrdgSVZJZO4Yx6m8=
53,-30,cw/pZ0f8JcFvgyGrQIZz5rt2yBM=,2scX1qYZ4/B7Lje4UKKsDxWE3LI=
62,-28,cw/pZ0f8JcFvgyGrQIZz5rt2yBM=,QW0HnLQTlU6H06p2CvjJDCHUWLA=
61,-31,cw/pZ0f8JcFvgyGrQIZz5rt2yBM=,ShBZPWBRAaRj7dTmDS7iAEfI0as=
50,-31,cw/pZ0f8JcFvgyGrQIZz5rt2yBM=,JdWPHOWb5ehIZJpQrUwDZlL4MNo=
59,-28,cw/pZ0f8JcFvgyGrQIZz5rt2yBM=,BeO6hTWkSpGOrdgSVZJZO4Yx6m8=
54,-30,cw/pZ0f8JcFvgyGrQIZz5rt2yBM=,2scX1qYZ4/B7Lje4UKKsDxWE3LI=
58,-31,cw/pZ0f8JcFvgyGrQIZz5rt2yBM=,nn9YjWwYC/ef/1IytlooZcBJas8=
59,-31,cw/pZ0f8JcFvgyGrQIZz5rt2yBM=,nn9YjWwYC/ef/1IytlooZcBJas8=
62,-26,cw/pZ0f8JcFvgyGrQIZz5rt2yBM=,QW0HnLQTlU6H06p2CvjJDCHUWLA=
55,-30,cw/pZ0f8JcFvgyGrQIZz5rt2yBM=,2scX1qYZ4/B7Lje4UKKsDxWE3LI=
56,-31,cw/pZ0f8JcFvgyGrQIZz5rt2yBM=,nn9YjWwYC/ef/1IytlooZcBJas8=
50,-29,cw/pZ0f8JcFvgyGrQIZz5rt2yBM=,JdWPHOWb5ehIZJpQrUwDZlL4MNo=
52,-31,cw/pZ0f8JcFvgyGrQIZz5rt2yBM=,2scX1qYZ4/B7Lje4UKKsDxWE3LI=
51,-31,cw/pZ0f8JcFvgyGrQIZz5rt2yBM=,JdWPHOWb5ehIZJpQrUwDZlL4MNo=
49,-29,cw/pZ0f8JcFvgyGrQIZz5rt2yBM=,JdWPHOWb5ehIZJpQrUwDZlL4MNo=
61,-25,cw/pZ0f8JcFvgyGrQIZz5rt2yBM=,QW0HnLQTlU6H06p2CvjJDCHUWLA=
50,-30,cw/pZ0f8JcFvgyGrQIZz5rt2yBM=,JdWPHOWb5ehIZJpQrUwDZlL4MNo=
49,-32,cw/pZ0f8JcFvgyGrQIZz5rt2yBM=,JdWPHOWb5ehIZJpQrUwDZlL4MNo=
52,-30,cw/pZ0f8JcFvgyGrQIZz5rt2yBM=,2scX1qYZ4/B7Lje4UKKsDxWE3LI=
49,-30,cw/pZ0f8JcFvgyGrQIZz5rt2yBM=,JdWPHOWb5ehIZJpQrUwDZlL4MNo=
62,-25,cw/pZ0f8JcFvgyGrQIZz5rt2yBM=,QW0HnLQTlU6H06p2CvjJDCHUWLA=
51,-30,cw/pZ0f8JcFvgyGrQIZz5rt2yBM=,JdWPHOWb5ehIZJpQrUwDZlL4MNo=
63,-25,cw/pZ0f8JcFvgyGrQIZz5rt2yBM=,QW0HnLQTlU6H06p2CvjJDCHUWLA=
63,-31,cw/pZ0f8JcFvgyGrQIZz5rt2yBM=,ShBZPWBRAaRj7dTmDS7iAEfI0as=
63,-30,cw/pZ0f8JcFvgyGrQIZz5rt2yBM=,ShBZPWBRAaRj7dTmDS7iAEfI0as=
50,-32,cw/pZ0f8JcFvgyGrQIZz5rt2yBM=,JdWPHOWb5ehIZJpQrUwDZlL4MNo=
57,-25,cw/pZ0f8JcFvgyGrQIZz5rt2yBM=,BeO6hTWkSpGOrdgSVZJZO4Yx6m8=
58,-25,cw/pZ0f8JcFvgyGrQIZz5rt2yBM=,BeO6hTWkSpGOrdgSVZJZO4Yx6m8=
56,-29,cw/pZ0f8JcFvgyGrQIZz5rt2yBM=,nn9YjWwYC/ef/1IytlooZcBJas8=
63,-26,cw/pZ0f8JcFvgyGrQIZz5rt2yBM=,QW0HnLQTlU6H06p2CvjJDCHUWLA=
63,-29,cw/pZ0f8JcFvgyGrQIZz5rt2yBM=,ShBZPWBRAaRj7dTmDS7iAEfI0as=
59,-25,cw/pZ0f8JcFvgyGrQIZz5rt2yBM=,BeO6hTWkSpGOrdgSVZJZO4Yx6m8=
56,-28,cw/pZ0f8JcFvgyGrQIZz5rt2yBM=,BeO6hTWkSpGOrdgSVZJZO4Yx6m8=
63,-28,cw/pZ0f8JcFvgyGrQIZz5rt2yBM=,QW0HnLQTlU6H06p2CvjJDCHUWLA=
63,-27,cw/pZ0f8JcFvgyGrQIZz5rt2yBM=,QW0HnLQTlU6H06p2CvjJDCHUWLA=
60,-25,cw/pZ0f8JcFvgyGrQIZz5rt2yBM=,QW0HnLQTlU6H06p2CvjJDCHUWLA=
60,-19,cw/pZ0f8JcFvgyGrQIZz5rt2yBM=,dnwMgu6kKeqh9dx47xKOnV0vxpg=
59,-32,cw/pZ0f8JcFvgyGrQIZz5rt2yBM=,nn9YjWwYC/ef/1IytlooZcBJas8=
56,-27,cw/pZ0f8JcFvgyGrQIZz5rt2yBM=,BeO6hTWkSpGOrdgSVZJZO4Yx6m8=
51,-29,cw/pZ0f8JcFvgyGrQIZz5rt2yBM=,JdWPHOWb5ehIZJpQrUwDZlL4MNo=
61,-19,cw/pZ0f8JcFvgyGrQIZz5rt2yBM=,dnwMgu6kKeqh9dx47xKOnV0vxpg=
61,-32,cw/pZ0f8JcFvgyGrQIZz5rt2yBM=,ShBZPWBRAaRj7dTmDS7iAEfI0as=
52,-29,cw/pZ0f8JcFvgyGrQIZz5rt2yBM=,2scX1qYZ4/B7Lje4UKKsDxWE3LI=
62,-19,cw/pZ0f8JcFvgyGrQIZz5rt2yBM=,dnwMgu6kKeqh9dx47xKOnV0vxpg=
63,-18,cw/pZ0f8JcFvgyGrQIZz5rt2yBM=,dnwMgu6kKeqh9dx47xKOnV0vxpg=
56,-26,cw/pZ0f8JcFvgyGrQIZz5rt2yBM=,BeO6hTWkSpGOrdgSVZJZO4Yx6m8=
63,-19,cw/pZ0f8JcFvgyGrQIZz5rt2yBM=,dnwMgu6kKeqh9dx47xKOnV0vxpg=
62,-32,cw/pZ0f8JcFvgyGrQIZz5rt2yBM=,ShBZPWBRAaRj7dTmDS7iAEfI0as=
53,-29,cw/pZ0f8JcFvgyGrQIZz5rt2yBM=,2scX1qYZ4/B7Lje4UKKsDxWE3LI=
63,-20,cw/pZ0f8JcFvgyGrQIZz5rt2yBM=,dnwMgu6kKeqh9dx47xKOnV0vxpg=
55,-29,cw/pZ0f8JcFvgyGrQIZz5rt2yBM=,2scX1qYZ4/B7Lje4UKKsDxWE3LI=
52,-32,cw/pZ0f8JcFvgyGrQIZz5rt2yBM=,2scX1qYZ4/B7Lje4UKKsDxWE3LI=
61,-17,cw/pZ0f8JcFvgyGrQIZz5rt2yBM=,dnwMgu6kKeqh9dx47xKOnV0vxpg=
54,-29,cw/pZ0f8JcFvgyGrQIZz5rt2yBM=,2scX1qYZ4/B7Lje4UKKsDxWE3LI=
57,-32,cw/pZ0f8JcFvgyGrQIZz5rt2yBM=,nn9YjWwYC/ef/1IytlooZcBJas8=
60,-32,cw/pZ0f8JcFvgyGrQIZz5rt2yBM=,ShBZPWBRAaRj7dTmDS7iAEfI0as=
62,-20,cw/pZ0f8JcFvgyGrQIZz5rt2yBM=,dnwMgu6kKeqh9dx47xKOnV0vxpg=
63,-17,cw/pZ0f8JcFvgyGrQIZz5rt2yBM=,dnwMgu6kKeqh9dx47xKOnV0vxpg=
61,-20,cw/pZ0f8JcFvgyGrQIZz5rt2yBM=,dnwMgu6kKeqh9dx47xKOnV0vxpg=
58,-32,cw/pZ0f8JcFvgyGrQIZz5rt2yBM=,nn9YjWwYC/ef/1IytlooZcBJas8=
53,-32,cw/pZ0f8JcFvgyGrQIZz5rt2yBM=,2scX1qYZ4/B7Lje4UKKsDxWE3LI=
48,-32,cw/pZ0f8JcFvgyGrQIZz5rt2yBM=,JdWPHOWb5ehIZJpQrUwDZlL4MNo=
62,-17,cw/pZ0f8JcFvgyGrQIZz5rt2yBM=,dnwMgu6kKeqh9dx47xKOnV0vxpg=
62,-18,cw/pZ0f8JcFvgyGrQIZz5rt2yBM=,dnwMgu6kKeqh9dx47xKOnV0vxpg=
60,-18,cw/pZ0f8JcFvgyGrQIZz5rt2yBM=,dnwMgu6kKeqh9dx47xKOnV0vxpg=
48,-31,cw/pZ0f8JcFvgyGrQIZz5rt2yBM=,JdWPHOWb5ehIZJpQrUwDZlL4MNo=
63,-32,cw/pZ0f8JcFvgyGrQIZz5rt2yBM=,ShBZPWBRAaRj7dTmDS7iAEfI0as=
54,-32,cw/pZ0f8JcFvgyGrQIZz5rt2yBM=,2scX1qYZ4/B7Lje4UKKsDxWE3LI=
55,-32,cw/pZ0f8JcFvgyGrQIZz5rt2yBM=,2scX1qYZ4/B7Lje4UKKsDxWE3LI=
60,-20,cw/pZ0f8JcFvgyGrQIZz5rt2yBM=,dnwMgu6kKeqh9dx47xKOnV0vxpg=
61,-18,cw/pZ0f8JcFvgyGrQIZz5rt2yBM=,dnwMgu6kKeqh9dx47xKOnV0vxpg=
48,-30,cw/pZ0f8JcFvgyGrQIZz5rt2yBM=,JdWPHOWb5ehIZJpQrUwDZlL4MNo=
51,-32,cw/pZ0f8JcFvgyGrQIZz5rt2yBM=,JdWPHOWb5ehIZJpQrUwDZlL4MNo=
56,-25,cw/pZ0f8JcFvgyGrQIZz5rt2yBM=,BeO6hTWkSpGOrdgSVZJZO4Yx6m8=
48,-29,cw/pZ0f8JcFvgyGrQIZz5rt2yBM=,JdWPHOWb5ehIZJpQrUwDZlL4MNo=
56,-32,cw/pZ0f8JcFvgyGrQIZz5rt2yBM=,nn9YjWwYC/ef/1IytlooZcBJas8=
60,-17,cw/pZ0f8JcFvgyGrQIZz5rt2yBM=,dnwMgu6kKeqh9dx47xKOnV0vxpg=
49,-31,cw/pZ0f8JcFvgyGrQIZz5rt2yBM=,JdWPHOWb5ehIZJpQrUwDZlL4MNo=
37,-23,eMk4L/hfQuWQiOmC9YlICg8R2uU=,F7HX5Fm4I5qMjgUEfyU5Wsq2Bg8=
38,-22,7/eiAFnpvwRHbuvkknPyxJK7Lgs=,F7HX5Fm4I5qMjgUEfyU5Wsq2Bg8=
38,-23,7/eiAFnpvwRHbuvkknPyxJK7Lgs=,F7HX5Fm4I5qMjgUEfyU5Wsq2Bg8=
37,-22,7/eiAFnpvwRHbuvkknPyxJK7Lgs=,F7HX5Fm4I5qMjgUEfyU5Wsq2Bg8=
38,-24,7/eiAFnpvwRHbuvkknPyxJK7Lgs=,F7HX5Fm4I5qMjgUEfyU5Wsq2Bg8=
37,-24,7/eiAFnpvwRHbuvkknPyxJK7Lgs=,F7HX5Fm4I5qMjgUEfyU5Wsq2Bg8=
38,-25,7/eiAFnpvwRHbuvkknPyxJK7Lgs=,TNJLg4fM7vaXSFebVPj+mNTULqg=
37,-27,7/eiAFnpvwRHbuvkknPyxJK7Lgs=,TNJLg4fM7vaXSFebVPj+mNTULqg=
37,-25,7/eiAFnpvwRHbuvkknPyxJK7Lgs=,TNJLg4fM7vaXSFebVPj+mNTULqg=
38,-27,7/eiAFnpvwRHbuvkknPyxJK7Lgs=,TNJLg4fM7vaXSFebVPj+mNTULqg=
38,-26,7/eiAFnpvwRHbuvkknPyxJK7Lgs=,TNJLg4fM7vaXSFebVPj+mNTULqg=
37,-26,7/eiAFnpvwRHbuvkknPyxJK7Lgs=,TNJLg4fM7vaXSFebVPj+mNTULqg=
37,-21,J+Kz5FCpVG4P9kZdwWiM7RXcRag=,F7HX5Fm4I5qMjgUEfyU5Wsq2Bg8=
38,-21,J+Kz5FCpVG4P9kZdwWiM7RXcRag=,F7HX5Fm4I5qMjgUEfyU5Wsq2Bg8=
37,-19,J+Kz5FCpVG4P9kZdwWiM7RXcRag=,3VhpvkOZSlCKOIB5M1grPN/U4Yk=
38,-18,J+Kz5FCpVG4P9kZdwWiM7RXcRag=,3VhpvkOZSlCKOIB5M1grPN/U4Yk=
38,-19,J+Kz5FCpVG4P9kZdwWiM7RXcRag=,3VhpvkOZSlCKOIB5M1grPN/U4Yk=
37,-18,J+Kz5FCpVG4P9kZdwWiM7RXcRag=,3VhpvkOZSlCKOIB5M1grPN/U4Yk=
38,-20,J+Kz5FCpVG4P9kZdwWiM7RXcRag=,3VhpvkOZSlCKOIB5M1grPN/U4Yk=
37,-20,J+Kz5FCpVG4P9kZdwWiM7RXcRag=,3VhpvkOZSlCKOIB5M1grPN/U4Yk=
36,-23,U7WBKrt5e642rIMhkuds2tXZjX0=,F7HX5Fm4I5qMjgUEfyU5Wsq2Bg8=
35,-22,U7WBKrt5e642rIMhkuds2tXZjX0=,/q/oBk8/9Fx0OCflqjFkIL5mCT4=
34,-22,U7WBKrt5e642rIMhkuds2tXZjX0=,/q/oBk8/9Fx0OCflqjFkIL5mCT4=
33,-22,U7WBKrt5e642rIMhkuds2tXZjX0=,/q/oBk8/9Fx0OCflqjFkIL5mCT4=
35,-23,U7WBKrt5e642rIMhkuds2tXZjX0=,/q/oBk8/9Fx0OCflqjFkIL5mCT4=
36,-22,U7WBKrt5e642rIMhkuds2tXZjX0=,F7HX5Fm4I5qMjgUEfyU5Wsq2Bg8=
34,-23,U7WBKrt5e642rIMhkuds2tXZjX0=,/q/oBk8/9Fx0OCflqjFkIL5mCT4=
33,-23,U7WBKrt5e642rIMhkuds2tXZjX0=,/q/oBk8/9Fx0OCflqjFkIL5mCT4=
37,-29,U7WBKrt5e642rIMhkuds2tXZjX0=,dYLA8OMRzlex+ffk3p4wdOyLnOA=
38,-28,U7WBKrt5e642rIMhkuds2tXZjX0=,TNJLg4fM7vaXSFebVPj+mNTULqg=
38,-31,U7WBKrt5e642rIMhkuds2tXZjX0=,dYLA8OMRzlex+ffk3p4wdOyLnOA=
37,-28,U7WBKrt5e642rIMhkuds2tXZjX0=,TNJLg4fM7vaXSFebVPj+mNTULqg=
37,-31,U7WBKrt5e642rIMhkuds2tXZjX0=,dYLA8OMRzlex+ffk3p4wdOyLnOA=
37,-30,U7WBKrt5e642rIMhkuds2tXZjX0=,dYLA8OMRzlex+ffk3p4wdOyLnOA=
38,-29,U7WBKrt5e642rIMhkuds2tXZjX0=,dYLA8OMRzlex+ffk3p4wdOyLnOA=
38,-30,U7WBKrt5e642rIMhkuds2tXZjX0=,dYLA8OMRzlex+ffk3p4wdOyLnOA=
40,-31,U7WBKrt5e642rIMhkuds2tXZjX0=,HT6i7ojToxZ4UKmeBoyPhwKo4LQ=
42,-30,U7WBKrt5e642rIMhkuds2tXZjX0=,HT6i7ojToxZ4UKmeBoyPhwKo4LQ=
41,-30,cD6ES/S5ILCY0Cmk0zqp9td+frI=,HT6i7ojToxZ4UKmeBoyPhwKo4LQ=
40,-30,cD6ES/S5ILCY0Cmk0zqp9td+frI=,HT6i7ojToxZ4UKmeBoyPhwKo4LQ=
39,-31,cD6ES/S5ILCY0Cmk0zqp9td+frI=,dYLA8OMRzlex+ffk3p4wdOyLnOA=
41,-31,cD6ES/S5ILCY0Cmk0zqp9td+frI=,HT6i7ojToxZ4UKmeBoyPhwKo4LQ=
39,-30,cD6ES/S5ILCY0Cmk0zqp9td+frI=,dYLA8OMRzlex+ffk3p4wdOyLnOA=
42,-31,cD6ES/S5ILCY0Cmk0zqp9td+frI=,HT6i7ojToxZ4UKmeBoyPhwKo4LQ=
42,-28,M4RUHYUPR3CEw2CTor96M/PFBxg=,ewxNdLwWp8OaWrr8qxU45r/bk6A=
40,-26,M4RUHYUPR3CEw2CTor96M/PFBxg=,ewxNdLwWp8OaWrr8qxU45r/bk6A=
41,-26,M4RUHYUPR3CEw2CTor96M/PFBxg=,ewxNdLwWp8OaWrr8qxU45r/bk6A=
42,-26,M4RUHYUPR3CEw2CTor96M/PFBxg=,ewxNdLwWp8OaWrr8qxU45r/bk6A=
39,-28,M4RUHYUPR3CEw2CTor96M/PFBxg=,TNJLg4fM7vaXSFebVPj+mNTULqg=
39,-27,M4RUHYUPR3CEw2CTor96M/PFBxg=,TNJLg4fM7vaXSFebVPj+mNTULqg=
42,-27,M4RUHYUPR3CEw2CTor96M/PFBxg=,ewxNdLwWp8OaWrr8qxU45r/bk6A=
40,-28,M4RUHYUPR3CEw2CTor96M/PFBxg=,ewxNdLwWp8OaWrr8qxU45r/bk6A=
42,-29,M4RUHYUPR3CEw2CTor96M/PFBxg=,HT6i7ojToxZ4UKmeBoyPhwKo4LQ=
41,-29,M4RUHYUPR3CEw2CTor96M/PFBxg=,HT6i7ojToxZ4UKmeBoyPhwKo4LQ=
41,-28,M4RUHYUPR3CEw2CTor96M/PFBxg=,ewxNdLwWp8OaWrr8qxU45r/bk6A=
39,-29,M4RUHYUPR3CEw2CTor96M/PFBxg=,dYLA8OMRzlex+ffk3p4wdOyLnOA=
40,-29,M4RUHYUPR3CEw2CTor96M/PFBxg=,HT6i7ojToxZ4UKmeBoyPhwKo4LQ=
40,-27,M4RUHYUPR3CEw2CTor96M/PFBxg=,ewxNdLwWp8OaWrr8qxU45r/bk6A=
41,-27,M4RUHYUPR3CEw2CTor96M/PFBxg=,ewxNdLwWp8OaWrr8qxU45r/bk6A=
39,-26,M4RUHYUPR3CEw2CTor96M/PFBxg=,TNJLg4fM7vaXSFebVPj+mNTULqg=
36,-30,C3qKbPPoZEkBdrdc03alBUUNOYc=,dYLA8OMRzlex+ffk3p4wdOyLnOA=
33,-31,C3qKbPPoZEkBdrdc03alBUUNOYc=,F9QgICi4Bt4ErhtvZCaHZ5Eq40w=
35,-30,C3qKbPPoZEkBdrdc03alBUUNOYc=,F9QgICi4Bt4ErhtvZCaHZ5Eq40w=
34,-30,C3qKbPPoZEkBdrdc03alBUUNOYc=,F9QgICi4Bt4ErhtvZCaHZ5Eq40w=
33,-30,C3qKbPPoZEkBdrdc03alBUUNOYc=,F9QgICi4Bt4ErhtvZCaHZ5Eq40w=
35,-31,C3qKbPPoZEkBdrdc03alBUUNOYc=,F9QgICi4Bt4ErhtvZCaHZ5Eq40w=
34,-31,C3qKbPPoZEkBdrdc03alBUUNOYc=,F9QgICi4Bt4ErhtvZCaHZ5Eq40w=
36,-31,C3qKbPPoZEkBdrdc03alBUUNOYc=,dYLA8OMRzlex+ffk3p4wdOyLnOA=
34,-18,uNhXlyw0x7sNZ8RIqQncC45tYI4=,6plN/khYLbr7V5HaQgBLiSThz3U=
33,-19,uNhXlyw0x7sNZ8RIqQncC45tYI4=,6plN/khYLbr7V5HaQgBLiSThz3U=
35,-18,uNhXlyw0x7sNZ8RIqQncC45tYI4=,6plN/khYLbr7V5HaQgBLiSThz3U=
36,-18,uNhXlyw0x7sNZ8RIqQncC45tYI4=,3VhpvkOZSlCKOIB5M1grPN/U4Yk=
36,-21,uNhXlyw0x7sNZ8RIqQncC45tYI4=,F7HX5Fm4I5qMjgUEfyU5Wsq2Bg8=
35,-20,uNhXlyw0x7sNZ8RIqQncC45tYI4=,6plN/khYLbr7V5HaQgBLiSThz3U=
36,-19,uNhXlyw0x7sNZ8RIqQncC45tYI4=,3VhpvkOZSlCKOIB5M1grPN/U4Yk=
35,-19,uNhXlyw0x7sNZ8RIqQncC45tYI4=,6plN/khYLbr7V5HaQgBLiSThz3U=
33,-20,uNhXlyw0x7sNZ8RIqQncC45tYI4=,6plN/khYLbr7V5HaQgBLiSThz3U=
34,-20,uNhXlyw0x7sNZ8RIqQncC45tYI4=,6plN/khYLbr7V5HaQgBLiSThz3U=
33,-18,uNhXlyw0x7sNZ8RIqQncC45tYI4=,6plN/khYLbr7V5HaQgBLiSThz3U=
34,-19,uNhXlyw0x7sNZ8RIqQncC45tYI4=,6plN/khYLbr7V5HaQgBLiSThz3U=
35,-21,uNhXlyw0x7sNZ8RIqQncC45tYI4=,/q/oBk8/9Fx0OCflqjFkIL5mCT4=
36,-20,uNhXlyw0x7sNZ8RIqQncC45tYI4=,3VhpvkOZSlCKOIB5M1grPN/U4Yk=
34,-21,uNhXlyw0x7sNZ8RIqQncC45tYI4=,/q/oBk8/9Fx0OCflqjFkIL5mCT4=
33,-21,uNhXlyw0x7sNZ8RIqQncC45tYI4=,/q/oBk8/9Fx0OCflqjFkIL5mCT4=
42,-19,/hTwGMXEiPhsHfYEDkdQat0th9A=,BmpMxUFBz6WQFlCMmXyh6M7dka0=
41,-18,/hTwGMXEiPhsHfYEDkdQat0th9A=,BmpMxUFBz6WQFlCMmXyh6M7dka0=
40,-18,/hTwGMXEiPhsHfYEDkdQat0th9A=,BmpMxUFBz6WQFlCMmXyh6M7dka0=
39,-18,/hTwGMXEiPhsHfYEDkdQat0th9A=,3VhpvkOZSlCKOIB5M1grPN/U4Yk=
41,-19,/hTwGMXEiPhsHfYEDkdQat0th9A=,BmpMxUFBz6WQFlCMmXyh6M7dka0=
40,-19,/hTwGMXEiPhsHfYEDkdQat0th9A=,BmpMxUFBz6WQFlCMmXyh6M7dka0=
42,-18,/hTwGMXEiPhsHfYEDkdQat0th9A=,BmpMxUFBz6WQFlCMmXyh6M7dka0=
39,-19,/hTwGMXEiPhsHfYEDkdQat0th9A=,3VhpvkOZSlCKOIB5M1grPN/U4Yk=
46,-22,soRfLHA9D76is738K7RCvw8HpcM=,7T0RbVxJcuHMiqbjR8+iU7bpvrs=
45,-23,soRfLHA9D76is738K7RCvw8HpcM=,7T0RbVxJcuHMiqbjR8+iU7bpvrs=
45,-22,soRfLHA9D76is738K7RCvw8HpcM=,7T0RbVxJcuHMiqbjR8+iU7bpvrs=
46,-23,soRfLHA9D76is738K7RCvw8HpcM=,7T0RbVxJcuHMiqbjR8+iU7bpvrs=
36,-28,PQ0MYMNfQGF62CDs6lTifqTg2pI=,TNJLg4fM7vaXSFebVPj+mNTULqg=
35,-28,PQ0MYMNfQGF62CDs6lTifqTg2pI=,VkqsvYav0Az1Xlp+Ie1RHskIt/s=
34,-28,PQ0MYMNfQGF62CDs6lTifqTg2pI=,VkqsvYav0Az1Xlp+Ie1RHskIt/s=
33,-28,PQ0MYMNfQGF62CDs6lTifqTg2pI=,VkqsvYav0Az1Xlp+Ie1RHskIt/s=
35,-26,seZslr552Izv6qJ4R7UWKS9bU48=,VkqsvYav0Az1Xlp+Ie1RHskIt/s=
36,-27,seZslr552Izv6qJ4R7UWKS9bU48=,TNJLg4fM7vaXSFebVPj+mNTULqg=
34,-26,seZslr552Izv6qJ4R7UWKS9bU48=,VkqsvYav0Az1Xlp+Ie1RHskIt/s=
34,-29,seZslr552Izv6qJ4R7UWKS9bU48=,F9QgICi4Bt4ErhtvZCaHZ5Eq40w=
36,-29,seZslr552Izv6qJ4R7UWKS9bU48=,dYLA8OMRzlex+ffk3p4wdOyLnOA=
35,-29,seZslr552Izv6qJ4R7UWKS9bU48=,F9QgICi4Bt4ErhtvZCaHZ5Eq40w=
33,-29,seZslr552Izv6qJ4R7UWKS9bU48=,F9QgICi4Bt4ErhtvZCaHZ5Eq40w=
35,-24,seZslr552Izv6qJ4R7UWKS9bU48=,/q/oBk8/9Fx0OCflqjFkIL5mCT4=
33,-27,seZslr552Izv6qJ4R7UWKS9bU48=,VkqsvYav0Az1Xlp+Ie1RHskIt/s=
34,-24,seZslr552Izv6qJ4R7UWKS9bU48=,/q/oBk8/9Fx0OCflqjFkIL5mCT4=
34,-27,seZslr552Izv6qJ4R7UWKS9bU48=,VkqsvYav0Az1Xlp+Ie1RHskIt/s=
36,-24,seZslr552Izv6qJ4R7UWKS9bU48=,F7HX5Fm4I5qMjgUEfyU5Wsq2Bg8=
33,-24,seZslr552Izv6qJ4R7UWKS9bU48=,/q/oBk8/9Fx0OCflqjFkIL5mCT4=
35,-27,seZslr552Izv6qJ4R7UWKS9bU48=,VkqsvYav0Az1Xlp+Ie1RHskIt/s=
36,-26,seZslr552Izv6qJ4R7UWKS9bU48=,TNJLg4fM7vaXSFebVPj+mNTULqg=
33,-26,seZslr552Izv6qJ4R7UWKS9bU48=,VkqsvYav0Az1Xlp+Ie1RHskIt/s=
34,-25,seZslr552Izv6qJ4R7UWKS9bU48=,VkqsvYav0Az1Xlp+Ie1RHskIt/s=
33,-25,seZslr552Izv6qJ4R7UWKS9bU48=,VkqsvYav0Az1Xlp+Ie1RHskIt/s=
36,-25,seZslr552Izv6qJ4R7UWKS9bU48=,TNJLg4fM7vaXSFebVPj+mNTULqg=
35,-25,seZslr552Izv6qJ4R7UWKS9bU48=,VkqsvYav0Az1Xlp+Ie1RHskIt/s=
43,-19,seZslr552Izv6qJ4R7UWKS9bU48=,BmpMxUFBz6WQFlCMmXyh6M7dka0=
46,-21,seZslr552Izv6qJ4R7UWKS9bU48=,7T0RbVxJcuHMiqbjR8+iU7bpvrs=
45,-18,o/V7r97q9tSPVDaFWjB4qW1iebw=,uQfTDSKq6WeRlZHncZTox8Uq+ho=
43,-18,o/V7r97q9tSPVDaFWjB4qW1iebw=,BmpMxUFBz6WQFlCMmXyh6M7dka0=
45,-21,o/V7r97q9tSPVDaFWjB4qW1iebw=,7T0RbVxJcuHMiqbjR8+iU7bpvrs=
45,-19,o/V7r97q9tSPVDaFWjB4qW1iebw=,uQfTDSKq6WeRlZHncZTox8Uq+ho=
44,-18,o/V7r97q9tSPVDaFWjB4qW1iebw=,uQfTDSKq6WeRlZHncZTox8Uq+ho=
44,-19,o/V7r97q9tSPVDaFWjB4qW1iebw=,uQfTDSKq6WeRlZHncZTox8Uq+ho=
46,-18,o/V7r97q9tSPVDaFWjB4qW1iebw=,uQfTDSKq6WeRlZHncZTox8Uq+ho=
46,-20,o/V7r97q9tSPVDaFWjB4qW1iebw=,uQfTDSKq6WeRlZHncZTox8Uq+ho=
45,-20,o/V7r97q9tSPVDaFWjB4qW1iebw=,uQfTDSKq6WeRlZHncZTox8Uq+ho=
46,-19,o/V7r97q9tSPVDaFWjB4qW1iebw=,uQfTDSKq6WeRlZHncZTox8Uq+ho=
42,-32,o/V7r97q9tSPVDaFWjB4qW1iebw=,HT6i7ojToxZ4UKmeBoyPhwKo4LQ=
47,-23,o/V7r97q9tSPVDaFWjB4qW1iebw=,7T0RbVxJcuHMiqbjR8+iU7bpvrs=
40,-32,o/V7r97q9tSPVDaFWjB4qW1iebw=,HT6i7ojToxZ4UKmeBoyPhwKo4LQ=
47,-22,o/V7r97q9tSPVDaFWjB4qW1iebw=,7T0RbVxJcuHMiqbjR8+iU7bpvrs=
41,-32,o/V7r97q9tSPVDaFWjB4qW1iebw=,HT6i7ojToxZ4UKmeBoyPhwKo4LQ=
38,-32,o/V7r97q9tSPVDaFWjB4qW1iebw=,dYLA8OMRzlex+ffk3p4wdOyLnOA=
37,-32,o/V7r97q9tSPVDaFWjB4qW1iebw=,dYLA8OMRzlex+ffk3p4wdOyLnOA=
39,-32,tI01mIEsJmePNoPUz+g74/3Wy3M=,dYLA8OMRzlex+ffk3p4wdOyLnOA=
33,-32,tI01mIEsJmePNoPUz+g74/3Wy3M=,F9QgICi4Bt4ErhtvZCaHZ5Eq40w=
35,-32,tI01mIEsJmePNoPUz+g74/3Wy3M=,F9QgICi4Bt4ErhtvZCaHZ5Eq40w=
36,-32,tI01mIEsJmePNoPUz+g74/3Wy3M=,dYLA8OMRzlex+ffk3p4wdOyLnOA=
34,-32,tI01mIEsJmePNoPUz+g74/3Wy3M=,F9QgICi4Bt4ErhtvZCaHZ5Eq40w=
39,-25,tI01mIEsJmePNoPUz+g74/3Wy3M=,TNJLg4fM7vaXSFebVPj+mNTULqg=
42,-24,tI01mIEsJmePNoPUz+g74/3Wy3M=,1jHqqdt0Wrpu5hgIGm2vHsTGjKQ=
41,-24,tI01mIEsJmePNoPUz+g74/3Wy3M=,1jHqqdt0Wrpu5hgIGm2vHsTGjKQ=
41,-22,tI01mIEsJmePNoPUz+g74/3Wy3M=,1jHqqdt0Wrpu5hgIGm2vHsTGjKQ=
39,-22,oTyVKm6DIi2BnnznVj+hgm51mzU=,F7HX5Fm4I5qMjgUEfyU5Wsq2Bg8=
42,-22,oTyVKm6DIi2BnnznVj+hgm51mzU=,1jHqqdt0Wrpu5hgIGm2vHsTGjKQ=
43,-21,oTyVKm6DIi2BnnznVj+hgm51mzU=,1jHqqdt0Wrpu5hgIGm2vHsTGjKQ=
39,-24,oTyVKm6DIi2BnnznVj+hgm51mzU=,F7HX5Fm4I5qMjgUEfyU5Wsq2Bg8=
44,-21,oTyVKm6DIi2BnnznVj+hgm51mzU=,7T0RbVxJcuHMiqbjR8+iU7bpvrs=
43,-22,oTyVKm6DIi2BnnznVj+hgm51mzU=,1jHqqdt0Wrpu5hgIGm2vHsTGjKQ=
40,-22,oTyVKm6DIi2BnnznVj+hgm51mzU=,1jHqqdt0Wrpu5hgIGm2vHsTGjKQ=
40,-23,oTyVKm6DIi2BnnznVj+hgm51mzU=,1jHqqdt0Wrpu5hgIGm2vHsTGjKQ=
40,-24,oTyVKm6DIi2BnnznVj+hgm51mzU=,1jHqqdt0Wrpu5hgIGm2vHsTGjKQ=
42,-25,oTyVKm6DIi2BnnznVj+hgm51mzU=,ewxNdLwWp8OaWrr8qxU45r/bk6A=
40,-20,oTyVKm6DIi2BnnznVj+hgm51mzU=,BmpMxUFBz6WQFlCMmXyh6M7dka0=
44,-23,oTyVKm6DIi2BnnznVj+hgm51mzU=,7T0RbVxJcuHMiqbjR8+iU7bpvrs=
43,-20,oTyVKm6DIi2BnnznVj+hgm51mzU=,BmpMxUFBz6WQFlCMmXyh6M7dka0=
43,-23,oTyVKm6DIi2BnnznVj+hgm51mzU=,1jHqqdt0Wrpu5hgIGm2vHsTGjKQ=
41,-23,oTyVKm6DIi2BnnznVj+hgm51mzU=,1jHqqdt0Wrpu5hgIGm2vHsTGjKQ=
42,-20,oTyVKm6DIi2BnnznVj+hgm51mzU=,BmpMxUFBz6WQFlCMmXyh6M7dka0=
41,-25,oTyVKm6DIi2BnnznVj+hgm51mzU=,ewxNdLwWp8OaWrr8qxU45r/bk6A=
40,-21,oTyVKm6DIi2BnnznVj+hgm51mzU=,1jHqqdt0Wrpu5hgIGm2vHsTGjKQ=
42,-21,oTyVKm6DIi2BnnznVj+hgm51mzU=,1jHqqdt0Wrpu5hgIGm2vHsTGjKQ=
44,-30,oTyVKm6DIi2BnnznVj+hgm51mzU=,2MklfBJTA+HXb1bZp6YKW5HTLng=
44,-20,oTyVKm6DIi2BnnznVj+hgm51mzU=,uQfTDSKq6WeRlZHncZTox8Uq+ho=
42,-23,oTyVKm6DIi2BnnznVj+hgm51mzU=,1jHqqdt0Wrpu5hgIGm2vHsTGjKQ=
47,-31,oTyVKm6DIi2BnnznVj+hgm51mzU=,2MklfBJTA+HXb1bZp6YKW5HTLng=
47,-32,oTyVKm6DIi2BnnznVj+hgm51mzU=,2MklfBJTA+HXb1bZp6YKW5HTLng=
46,-32,oTyVKm6DIi2BnnznVj+hgm51mzU=,2MklfBJTA+HXb1bZp6YKW5HTLng=
46,-30,oTyVKm6DIi2BnnznVj+hgm51mzU=,2MklfBJTA+HXb1bZp6YKW5HTLng=
41,-21,oTyVKm6DIi2BnnznVj+hgm51mzU=,1jHqqdt0Wrpu5hgIGm2vHsTGjKQ=
43,-32,oTyVKm6DIi2BnnznVj+hgm51mzU=,HT6i7ojToxZ4UKmeBoyPhwKo4LQ=
39,-23,oTyVKm6DIi2BnnznVj+hgm51mzU=,F7HX5Fm4I5qMjgUEfyU5Wsq2Bg8=
45,-32,oTyVKm6DIi2BnnznVj+hgm51mzU=,2MklfBJTA+HXb1bZp6YKW5HTLng=
46,-31,oTyVKm6DIi2BnnznVj+hgm51mzU=,2MklfBJTA+HXb1bZp6YKW5HTLng=
44,-32,oTyVKm6DIi2BnnznVj+hgm51mzU=,2MklfBJTA+HXb1bZp6YKW5HTLng=
45,-31,oTyVKm6DIi2BnnznVj+hgm51mzU=,2MklfBJTA+HXb1bZp6YKW5HTLng=
44,-31,oTyVKm6DIi2BnnznVj+hgm51mzU=,2MklfBJTA+HXb1bZp6YKW5HTLng=
41,-20,oTyVKm6DIi2BnnznVj+hgm51mzU=,BmpMxUFBz6WQFlCMmXyh6M7dka0=
40,-25,oTyVKm6DIi2BnnznVj+hgm51mzU=,ewxNdLwWp8OaWrr8qxU45r/bk6A=
45,-30,oTyVKm6DIi2BnnznVj+hgm51mzU=,2MklfBJTA+HXb1bZp6YKW5HTLng=
43,-31,oTyVKm6DIi2BnnznVj+hgm51mzU=,HT6i7ojToxZ4UKmeBoyPhwKo4LQ=
39,-21,oTyVKm6DIi2BnnznVj+hgm51mzU=,F7HX5Fm4I5qMjgUEfyU5Wsq2Bg8=
47,-30,oTyVKm6DIi2BnnznVj+hgm51mzU=,2MklfBJTA+HXb1bZp6YKW5HTLng=
44,-22,oTyVKm6DIi2BnnznVj+hgm51mzU=,7T0RbVxJcuHMiqbjR8+iU7bpvrs=
43,-30,oTyVKm6DIi2BnnznVj+hgm51mzU=,HT6i7ojToxZ4UKmeBoyPhwKo4LQ=
39,-20,oTyVKm6DIi2BnnznVj+hgm51mzU=,3VhpvkOZSlCKOIB5M1grPN/U4Yk=
32,-31,oTyVKm6DIi2BnnznVj+hgm51mzU=,F9QgICi4Bt4ErhtvZCaHZ5Eq40w=
32,-30,oTyVKm6DIi2BnnznVj+hgm51mzU=,F9QgICi4Bt4ErhtvZCaHZ5Eq40w=
32,-22,WSKLCQrl2pI8svELk1aF9POmiEg=,/q/oBk8/9Fx0OCflqjFkIL5mCT4=
32,-23,WSKLCQrl2pI8svELk1aF9POmiEg=,/q/oBk8/9Fx0OCflqjFkIL5mCT4=
32,-29,WSKLCQrl2pI8svELk1aF9POmiEg=,F9QgICi4Bt4ErhtvZCaHZ5Eq40w=
32,-27,WSKLCQrl2pI8svELk1aF9POmiEg=,VkqsvYav0Az1Xlp+Ie1RHskIt/s=
32,-26,uEk6fWnrR6FdGejSFeANBy81wuk=,VkqsvYav0Az1Xlp+Ie1RHskIt/s=
32,-24,uEk6fWnrR6FdGejSFeANBy81wuk=,/q/oBk8/9Fx0OCflqjFkIL5mCT4=
32,-28,uEk6fWnrR6FdGejSFeANBy81wuk=,VkqsvYav0Az1Xlp+Ie1RHskIt/s=
32,-25,uEk6fWnrR6FdGejSFeANBy81wuk=,VkqsvYav0Az1Xlp+Ie1RHskIt/s=
32,-19,uEk6fWnrR6FdGejSFeANBy81wuk=,6plN/khYLbr7V5HaQgBLiSThz3U=
43,-26,uEk6fWnrR6FdGejSFeANBy81wuk=,ewxNdLwWp8OaWrr8qxU45r/bk6A=
32,-18,vmGZ3wqjD8sHw1nORKkzL3u9Kc0=,6plN/khYLbr7V5HaQgBLiSThz3U=
32,-21,vmGZ3wqjD8sHw1nORKkzL3u9Kc0=,/q/oBk8/9Fx0OCflqjFkIL5mCT4=
44,-25,vmGZ3wqjD8sHw1nORKkzL3u9Kc0=,fLmuPVboWilGHWtpy7jyhvypP4k=
32,-20,vmGZ3wqjD8sHw1nORKkzL3u9Kc0=,6plN/khYLbr7V5HaQgBLiSThz3U=
45,-27,vmGZ3wqjD8sHw1nORKkzL3u9Kc0=,fLmuPVboWilGHWtpy7jyhvypP4k=
43,-28,vmGZ3wqjD8sHw1nORKkzL3u9Kc0=,ewxNdLwWp8OaWrr8qxU45r/bk6A=
45,-26,vmGZ3wqjD8sHw1nORKkzL3u9Kc0=,fLmuPVboWilGHWtpy7jyhvypP4k=
43,-24,vmGZ3wqjD8sHw1nORKkzL3u9Kc0=,1jHqqdt0Wrpu5hgIGm2vHsTGjKQ=
45,-25,vmGZ3wqjD8sHw1nORKkzL3u9Kc0=,fLmuPVboWilGHWtpy7jyhvypP4k=
46,-27,vmGZ3wqjD8sHw1nORKkzL3u9Kc0=,fLmuPVboWilGHWtpy7jyhvypP4k=
47,-27,vmGZ3wqjD8sHw1nORKkzL3u9Kc0=,fLmuPVboWilGHWtpy7jyhvypP4k=
46,-26,vmGZ3wqjD8sHw1nORKkzL3u9Kc0=,fLmuPVboWilGHWtpy7jyhvypP4k=
44,-28,vmGZ3wqjD8sHw1nORKkzL3u9Kc0=,fLmuPVboWilGHWtpy7jyhvypP4k=
47,-25,vmGZ3wqjD8sHw1nORKkzL3u9Kc0=,fLmuPVboWilGHWtpy7jyhvypP4k=
44,-29,vmGZ3wqjD8sHw1nORKkzL3u9Kc0=,2MklfBJTA+HXb1bZp6YKW5HTLng=
45,-28,vmGZ3wqjD8sHw1nORKkzL3u9Kc0=,fLmuPVboWilGHWtpy7jyhvypP4k=
47,-24,vmGZ3wqjD8sHw1nORKkzL3u9Kc0=,7T0RbVxJcuHMiqbjR8+iU7bpvrs=
45,-29,vmGZ3wqjD8sHw1nORKkzL3u9Kc0=,2MklfBJTA+HXb1bZp6YKW5HTLng=
44,-26,vmGZ3wqjD8sHw1nORKkzL3u9Kc0=,fLmuPVboWilGHWtpy7jyhvypP4k=
46,-25,vmGZ3wqjD8sHw1nORKkzL3u9Kc0=,fLmuPVboWilGHWtpy7jyhvypP4k=
46,-29,vmGZ3wqjD8sHw1nORKkzL3u9Kc0=,2MklfBJTA+HXb1bZp6YKW5HTLng=
44,-27,vmGZ3wqjD8sHw1nORKkzL3u9Kc0=,fLmuPVboWilGHWtpy7jyhvypP4k=
47,-26,vmGZ3wqjD8sHw1nORKkzL3u9Kc0=,fLmuPVboWilGHWtpy7jyhvypP4k=
44,-24,vmGZ3wqjD8sHw1nORKkzL3u9Kc0=,7T0RbVxJcuHMiqbjR8+iU7bpvrs=
46,-28,vmGZ3wqjD8sHw1nORKkzL3u9Kc0=,fLmuPVboWilGHWtpy7jyhvypP4k=
43,-25,vmGZ3wqjD8sHw1nORKkzL3u9Kc0=,ewxNdLwWp8OaWrr8qxU45r/bk6A=
43,-29,vmGZ3wqjD8sHw1nORKkzL3u9Kc0=,HT6i7ojToxZ4UKmeBoyPhwKo4LQ=
47,-29,vmGZ3wqjD8sHw1nORKkzL3u9Kc0=,2MklfBJTA+HXb1bZp6YKW5HTLng=
47,-28,vmGZ3wqjD8sHw1nORKkzL3u9Kc0=,fLmuPVboWilGHWtpy7jyhvypP4k=
45,-24,vmGZ3wqjD8sHw1nORKkzL3u9Kc0=,7T0RbVxJcuHMiqbjR8+iU7bpvrs=
46,-24,vmGZ3wqjD8sHw1nORKkzL3u9Kc0=,7T0RbVxJcuHMiqbjR8+iU7bpvrs=
43,-27,vmGZ3wqjD8sHw1nORKkzL3u9Kc0=,ewxNdLwWp8OaWrr8qxU45r/bk6A=
46,-17,vmGZ3wqjD8sHw1nORKkzL3u9Kc0=,uQfTDSKq6WeRlZHncZTox8Uq+ho=
45,-17,vmGZ3wqjD8sHw1nORKkzL3u9Kc0=,uQfTDSKq6WeRlZHncZTox8Uq+ho=
47,-21,vmGZ3wqjD8sHw1nORKkzL3u9Kc0=,7T0RbVxJcuHMiqbjR8+iU7bpvrs=
47,-18,vmGZ3wqjD8sHw1nORKkzL3u9Kc0=,uQfTDSKq6WeRlZHncZTox8Uq+ho=
47,-20,vmGZ3wqjD8sHw1nORKkzL3u9Kc0=,uQfTDSKq6WeRlZHncZTox8Uq+ho=
47,-19,vmGZ3wqjD8sHw1nORKkzL3u9Kc0=,uQfTDSKq6WeRlZHncZTox8Uq+ho=
32,-32,vmGZ3wqjD8sHw1nORKkzL3u9Kc0=,F9QgICi4Bt4ErhtvZCaHZ5Eq40w=
47,-17,vmGZ3wqjD8sHw1nORKkzL3u9Kc0=,uQfTDSKq6WeRlZHncZTox8Uq+ho=
44,-17,vx+qknrJucr9Bl+LZoVZX4LCqaU=,uQfTDSKq6WeRlZHncZTox8Uq+ho=
41,-17,vx+qknrJucr9Bl+LZoVZX4LCqaU=,BmpMxUFBz6WQFlCMmXyh6M7dka0=
43,-17,vx+qknrJucr9Bl+LZoVZX4LCqaU=,BmpMxUFBz6WQFlCMmXyh6M7dka0=
42,-17,vx+qknrJucr9Bl+LZoVZX4LCqaU=,BmpMxUFBz6WQFlCMmXyh6M7dka0=
34,-17,iMOt/Af6vlLaISf0lUPCEEp2TwI=,6plN/khYLbr7V5HaQgBLiSThz3U=
32,-17,iMOt/Af6vlLaISf0lUPCEEp2TwI=,6plN/khYLbr7V5HaQgBLiSThz3U=
33,-17,iMOt/Af6vlLaISf0lUPCEEp2TwI=,6plN/khYLbr7V5HaQgBLiSThz3U=
39,-17,iMOt/Af6vlLaISf0lUPCEEp2TwI=,3VhpvkOZSlCKOIB5M1grPN/U4Yk=
36,-17,iMOt/Af6vlLaISf0lUPCEEp2TwI=,3VhpvkOZSlCKOIB5M1grPN/U4Yk=
38,-17,iMOt/Af6vlLaISf0lUPCEEp2TwI=,3VhpvkOZSlCKOIB5M1grPN/U4Yk=
37,-17,iMOt/Af6vlLaISf0lUPCEEp2TwI=,3VhpvkOZSlCKOIB5M1grPN/U4Yk=
40,-17,iMOt/Af6vlLaISf0lUPCEEp2TwI=,BmpMxUFBz6WQFlCMmXyh6M7dka0=
35,-17,iMOt/Af6vlLaISf0lUPCEEp2TwI=,6plN/khYLbr7V5HaQgBLiSThz3U=
37,-6,Nm3mmDdmDLjgEkeWrm7xGzBmtzU=,AG2JdtYL+56eDBAJ8+Sv3K7AxCI=
37,-7,Nm3mmDdmDLjgEkeWrm7xGzBmtzU=,AG2JdtYL+56eDBAJ8+Sv3K7AxCI=
38,-6,Nm3mmDdmDLjgEkeWrm7xGzBmtzU=,AG2JdtYL+56eDBAJ8+Sv3K7AxCI=
38,-7,Nm3mmDdmDLjgEkeWrm7xGzBmtzU=,AG2JdtYL+56eDBAJ8+Sv3K7AxCI=
33,-3,DVgRlbV/iWSeoYgq1FaiOOFVXBM=,Y2trbVD7LMXfDMeVIuu0qpxNDTE=
34,-2,DVgRlbV/iWSeoYgq1FaiOOFVXBM=,Y2trbVD7LMXfDMeVIuu0qpxNDTE=
33,-2,DVgRlbV/iWSeoYgq1FaiOOFVXBM=,Y2trbVD7LMXfDMeVIuu0qpxNDTE=
34,-3,DVgRlbV/iWSeoYgq1FaiOOFVXBM=,Y2trbVD7LMXfDMeVIuu0qpxNDTE=
36,-6,8ECEL9FLGXEuBuFoYd22xNrrmrY=,AG2JdtYL+56eDBAJ8+Sv3K7AxCI=
33,-5,Vz4T5fgCtjxb3fCpF3bGOd3C4eI=,jUDJRAK5iWxrlpYSv1w6sBykxZ4=
35,-6,Vz4T5fgCtjxb3fCpF3bGOd3C4eI=,jUDJRAK5iWxrlpYSv1w6sBykxZ4=
34,-6,Vz4T5fgCtjxb3fCpF3bGOd3C4eI=,jUDJRAK5iWxrlpYSv1w6sBykxZ4=
33,-6,Vz4T5fgCtjxb3fCpF3bGOd3C4eI=,jUDJRAK5iWxrlpYSv1w6sBykxZ4=
34,-5,Vz4T5fgCtjxb3fCpF3bGOd3C4eI=,jUDJRAK5iWxrlpYSv1w6sBykxZ4=
35,-7,Vz4T5fgCtjxb3fCpF3bGOd3C4eI=,jUDJRAK5iWxrlpYSv1w6sBykxZ4=
34,-4,Vz4T5fgCtjxb3fCpF3bGOd3C4eI=,Y2trbVD7LMXfDMeVIuu0qpxNDTE=
33,-4,Vz4T5fgCtjxb3fCpF3bGOd3C4eI=,Y2trbVD7LMXfDMeVIuu0qpxNDTE=
34,-7,Vz4T5fgCtjxb3fCpF3bGOd3C4eI=,jUDJRAK5iWxrlpYSv1w6sBykxZ4=
36,-7,Vz4T5fgCtjxb3fCpF3bGOd3C4eI=,AG2JdtYL+56eDBAJ8+Sv3K7AxCI=
33,-7,Vz4T5fgCtjxb3fCpF3bGOd3C4eI=,jUDJRAK5iWxrlpYSv1w6sBykxZ4=
38,-4,Vz4T5fgCtjxb3fCpF3bGOd3C4eI=,wZChSFiQO3hIFmNikjR9VLVumsE=
35,-2,K9bfO+6oC1xO0fgRPgJxP67csrE=,Y2trbVD7LMXfDMeVIuu0qpxNDTE=
36,-3,K9bfO+6oC1xO0fgRPgJxP67csrE=,wZChSFiQO3hIFmNikjR9VLVumsE=
37,-5,K9bfO+6oC1xO0fgRPgJxP67csrE=,AG2JdtYL+56eDBAJ8+Sv3K7AxCI=
37,-3,K9bfO+6oC1xO0fgRPgJxP67csrE=,wZChSFiQO3hIFmNikjR9VLVumsE=
38,-3,K9bfO+6oC1xO0fgRPgJxP67csrE=,wZChSFiQO3hIFmNikjR9VLVumsE=
36,-2,K9bfO+6oC1xO0fgRPgJxP67csrE=,wZChSFiQO3hIFmNikjR9VLVumsE=
35,-5,K9bfO+6oC1xO0fgRPgJxP67csrE=,jUDJRAK5iWxrlpYSv1w6sBykxZ4=
36,-4,K9bfO+6oC1xO0fgRPgJxP67csrE=,wZChSFiQO3hIFmNikjR9VLVumsE=
37,-4,K9bfO+6oC1xO0fgRPgJxP67csrE=,wZChSFiQO3hIFmNikjR9VLVumsE=
35,-4,K9bfO+6oC1xO0fgRPgJxP67csrE=,Y2trbVD7LMXfDMeVIuu0qpxNDTE=
38,-5,K9bfO+6oC1xO0fgRPgJxP67csrE=,AG2JdtYL+56eDBAJ8+Sv3K7AxCI=
38,-2,K9bfO+6oC1xO0fgRPgJxP67csrE=,wZChSFiQO3hIFmNikjR9VLVumsE=
35,-3,K9bfO+6oC1xO0fgRPgJxP67csrE=,Y2trbVD7LMXfDMeVIuu0qpxNDTE=
37,-2,K9bfO+6oC1xO0fgRPgJxP67csrE=,wZChSFiQO3hIFmNikjR9VLVumsE=
36,-5,K9bfO+6oC1xO0fgRPgJxP67csrE=,AG2JdtYL+56eDBAJ8+Sv3K7AxCI=
45,-7,UiW1LwohEVpG+mewViwHzNRXUrw=,VeWzJHWGvsM5O0H838vExKQZs7I=
46,-6,UiW1LwohEVpG+mewViwHzNRXUrw=,VeWzJHWGvsM5O0H838vExKQZs7I=
45,-6,UiW1LwohEVpG+mewViwHzNRXUrw=,VeWzJHWGvsM5O0H838vExKQZs7I=
46,-7,UiW1LwohEVpG+mewViwHzNRXUrw=,VeWzJHWGvsM5O0H838vExKQZs7I=
44,-7,81/RDdJv6udk128jWMWYU13gjYA=,VeWzJHWGvsM5O0H838vExKQZs7I=
40,-7,81/RDdJv6udk128jWMWYU13gjYA=,mdOjLYePQn2sIsFNcGlO18zezOE=
39,-6,81/RDdJv6udk128jWMWYU13gjYA=,AG2JdtYL+56eDBAJ8+Sv3K7AxCI=
39,-7,81/RDdJv6udk128jWMWYU13gjYA=,AG2JdtYL+56eDBAJ8+Sv3K7AxCI=
43,-6,81/RDdJv6udk128jWMWYU13gjYA=,mdOjLYePQn2sIsFNcGlO18zezOE=
41,-7,81/RDdJv6udk128jWMWYU13gjYA=,mdOjLYePQn2sIsFNcGlO18zezOE=
42,-6,81/RDdJv6udk128jWMWYU13gjYA=,mdOjLYePQn2sIsFNcGlO18zezOE=
41,-6,81/RDdJv6udk128jWMWYU13gjYA=,mdOjLYePQn2sIsFNcGlO18zezOE=
42,-7,81/RDdJv6udk128jWMWYU13gjYA=,mdOjLYePQn2sIsFNcGlO18zezOE=
44,-6,81/RDdJv6udk128jWMWYU13gjYA=,VeWzJHWGvsM5O0H838vExKQZs7I=
43,-7,81/RDdJv6udk128jWMWYU13gjYA=,mdOjLYePQn2sIsFNcGlO18zezOE=
40,-6,81/RDdJv6udk128jWMWYU13gjYA=,mdOjLYePQn2sIsFNcGlO18zezOE=
45,-3,+28FaPNOVgyJYESi4OurVocMscw=,OqYeR3kjTUbT8NIFFZW8FbTUaP0=
46,-5,+28FaPNOVgyJYESi4OurVocMscw=,VeWzJHWGvsM5O0H838vExKQZs7I=
46,-3,kIoE53bpqz833er+jh+Dv1O6Tw4=,OqYeR3kjTUbT8NIFFZW8FbTUaP0=
46,-2,kIoE53bpqz833er+jh+Dv1O6Tw4=,OqYeR3kjTUbT8NIFFZW8FbTUaP0=
45,-5,kIoE53bpqz833er+jh+Dv1O6Tw4=,VeWzJHWGvsM5O0H838vExKQZs7I=
46,-4,kIoE53bpqz833er+jh+Dv1O6Tw4=,OqYeR3kjTUbT8NIFFZW8FbTUaP0=
45,-2,kIoE53bpqz833er+jh+Dv1O6Tw4=,OqYeR3kjTUbT8NIFFZW8FbTUaP0=
45,-4,kIoE53bpqz833er+jh+Dv1O6Tw4=,OqYeR3kjTUbT8NIFFZW8FbTUaP0=
41,-11,kIoE53bpqz833er+jh+Dv1O6Tw4=,T8+EHyBi0nh1lBJYA8dNz/cOS/Y=
42,-8,kIoE53bpqz833er+jh+Dv1O6Tw4=,mdOjLYePQn2sIsFNcGlO18zezOE=
41,-8,kIoE53bpqz833er+jh+Dv1O6Tw4=,mdOjLYePQn2sIsFNcGlO18zezOE=
42,-11,kIoE53bpqz833er+jh+Dv1O6Tw4=,T8+EHyBi0nh1lBJYA8dNz/cOS/Y=
41,-9,kIoE53bpqz833er+jh+Dv1O6Tw4=,T8+EHyBi0nh1lBJYA8dNz/cOS/Y=
42,-9,kIoE53bpqz833er+jh+Dv1O6Tw4=,T8+EHyBi0nh1lBJYA8dNz/cOS/Y=
41,-10,kIoE53bpqz833er+jh+Dv1O6Tw4=,T8+EHyBi0nh1lBJYA8dNz/cOS/Y=
42,-10,kIoE53bpqz833er+jh+Dv1O6Tw4=,T8+EHyBi0nh1lBJYA8dNz/cOS/Y=
45,-15,D3ZtAAz67QA5T7Vb9H/LnN01ZNA=,Q0rkqert9EYiASkR9qTAN28yZMk=
46,-15,D3ZtAAz67QA5T7Vb9H/LnN01ZNA=,Q0rkqert9EYiASkR9qTAN28yZMk=
46,-14,D3ZtAAz67QA5T7Vb9H/LnN01ZNA=,Q0rkqert9EYiASkR9qTAN28yZMk=
45,-14,D3ZtAAz67QA5T7Vb9H/LnN01ZNA=,Q0rkqert9EYiASkR9qTAN28yZMk=
41,-13,kc+UYZgTPuXyGD5N2qEeRsm3Kbs=,STh1PWNrvVqmMyfiMSW8b2u01+E=
44,-14,kc+UYZgTPuXyGD5N2qEeRsm3Kbs=,Q0rkqert9EYiASkR9qTAN28yZMk=
42,-13,kc+UYZgTPuXyGD5N2qEeRsm3Kbs=,STh1PWNrvVqmMyfiMSW8b2u01+E=
44,-15,kc+UYZgTPuXyGD5N2qEeRsm3Kbs=,Q0rkqert9EYiASkR9qTAN28yZMk=
43,-14,kc+UYZgTPuXyGD5N2qEeRsm3Kbs=,STh1PWNrvVqmMyfiMSW8b2u01+E=
41,-15,kc+UYZgTPuXyGD5N2qEeRsm3Kbs=,STh1PWNrvVqmMyfiMSW8b2u01+E=
42,-14,kc+UYZgTPuXyGD5N2qEeRsm3Kbs=,STh1PWNrvVqmMyfiMSW8b2u01+E=
41,-14,kc+UYZgTPuXyGD5N2qEeRsm3Kbs=,STh1PWNrvVqmMyfiMSW8b2u01+E=
41,-12,kc+UYZgTPuXyGD5N2qEeRsm3Kbs=,T8+EHyBi0nh1lBJYA8dNz/cOS/Y=
42,-12,kc+UYZgTPuXyGD5N2qEeRsm3Kbs=,T8+EHyBi0nh1lBJYA8dNz/cOS/Y=
42,-15,kc+UYZgTPuXyGD5N2qEeRsm3Kbs=,STh1PWNrvVqmMyfiMSW8b2u01+E=
43,-15,kc+UYZgTPuXyGD5N2qEeRsm3Kbs=,STh1PWNrvVqmMyfiMSW8b2u01+E=
43,-5,ISbuspsadzn32z7LTArhDtU+Ykk=,mdOjLYePQn2sIsFNcGlO18zezOE=
44,-4,ISbuspsadzn32z7LTArhDtU+Ykk=,OqYeR3kjTUbT8NIFFZW8FbTUaP0=
39,-4,ISbuspsadzn32z7LTArhDtU+Ykk=,wZChSFiQO3hIFmNikjR9VLVumsE=
45,-9,ISbuspsadzn32z7LTArhDtU+Ykk=,iofS+DqYE+Z5gQHNC0EQN7xe9nU=
44,-3,ISbuspsadzn32z7LTArhDtU+Ykk=,OqYeR3kjTUbT8NIFFZW8FbTUaP0=
43,-2,ISbuspsadzn32z7LTArhDtU+Ykk=,LA+wZSOwap5sBLlKXEnSCNU5EHA=
46,-9,ISbuspsadzn32z7LTArhDtU+Ykk=,iofS+DqYE+Z5gQHNC0EQN7xe9nU=
42,-2,y9HnFnIZoMe5A3nC/59pOtmOeDQ=,LA+wZSOwap5sBLlKXEnSCNU5EHA=
39,-3,y9HnFnIZoMe5A3nC/59pOtmOeDQ=,wZChSFiQO3hIFmNikjR9VLVumsE=
45,-11,y9HnFnIZoMe5A3nC/59pOtmOeDQ=,iofS+DqYE+Z5gQHNC0EQN7xe9nU=
44,-11,y9HnFnIZoMe5A3nC/59pOtmOeDQ=,iofS+DqYE+Z5gQHNC0EQN7xe9nU=
40,-4,y9HnFnIZoMe5A3nC/59pOtmOeDQ=,LA+wZSOwap5sBLlKXEnSCNU5EHA=
45,-8,y9HnFnIZoMe5A3nC/59pOtmOeDQ=,VeWzJHWGvsM5O0H838vExKQZs7I=
41,-4,y9HnFnIZoMe5A3nC/59pOtmOeDQ=,LA+wZSOwap5sBLlKXEnSCNU5EHA=
45,-12,y9HnFnIZoMe5A3nC/59pOtmOeDQ=,iofS+DqYE+Z5gQHNC0EQN7xe9nU=
46,-12,y9HnFnIZoMe5A3nC/59pOtmOeDQ=,iofS+DqYE+Z5gQHNC0EQN7xe9nU=
44,-5,y9HnFnIZoMe5A3nC/59pOtmOeDQ=,VeWzJHWGvsM5O0H838vExKQZs7I=
44,-2,y9HnFnIZoMe5A3nC/59pOtmOeDQ=,OqYeR3kjTUbT8NIFFZW8FbTUaP0=
39,-5,y9HnFnIZoMe5A3nC/59pOtmOeDQ=,AG2JdtYL+56eDBAJ8+Sv3K7AxCI=
44,-13,y9HnFnIZoMe5A3nC/59pOtmOeDQ=,Q0rkqert9EYiASkR9qTAN28yZMk=
42,-4,y9HnFnIZoMe5A3nC/59pOtmOeDQ=,LA+wZSOwap5sBLlKXEnSCNU5EHA=
46,-11,y9HnFnIZoMe5A3nC/59pOtmOeDQ=,iofS+DqYE+Z5gQHNC0EQN7xe9nU=
44,-10,y9HnFnIZoMe5A3nC/59pOtmOeDQ=,iofS+DqYE+Z5gQHNC0EQN7xe9nU=
43,-4,y9HnFnIZoMe5A3nC/59pOtmOeDQ=,LA+wZSOwap5sBLlKXEnSCNU5EHA=
43,-11,y9HnFnIZoMe5A3nC/59pOtmOeDQ=,T8+EHyBi0nh1lBJYA8dNz/cOS/Y=
45,-13,y9HnFnIZoMe5A3nC/59pOtmOeDQ=,Q0rkqert9EYiASkR9qTAN28yZMk=
40,-3,y9HnFnIZoMe5A3nC/59pOtmOeDQ=,LA+wZSOwap5sBLlKXEnSCNU5EHA=
43,-10,y9HnFnIZoMe5A3nC/59pOtmOeDQ=,T8+EHyBi0nh1lBJYA8dNz/cOS/Y=
45,-10,y9HnFnIZoMe5A3nC/59pOtmOeDQ=,iofS+DqYE+Z5gQHNC0EQN7xe9nU=
43,-13,y9HnFnIZoMe5A3nC/59pOtmOeDQ=,STh1PWNrvVqmMyfiMSW8b2u01+E=
46,-8,y9HnFnIZoMe5A3nC/59pOtmOeDQ=,VeWzJHWGvsM5O0H838vExKQZs7I=
46,-10,y9HnFnIZoMe5A3nC/59pOtmOeDQ=,iofS+DqYE+Z5gQHNC0EQN7xe9nU=
43,-9,y9HnFnIZoMe5A3nC/59pOtmOeDQ=,T8+EHyBi0nh1lBJYA8dNz/cOS/Y=
46,-13,y9HnFnIZoMe5A3nC/59pOtmOeDQ=,Q0rkqert9EYiASkR9qTAN28yZMk=
44,-12,y9HnFnIZoMe5A3nC/59pOtmOeDQ=,iofS+DqYE+Z5gQHNC0EQN7xe9nU=
44,-9,y9HnFnIZoMe5A3nC/59pOtmOeDQ=,iofS+DqYE+Z5gQHNC0EQN7xe9nU=
43,-12,y9HnFnIZoMe5A3nC/59pOtmOeDQ=,T8+EHyBi0nh1lBJYA8dNz/cOS/Y=
43,-8,y9HnFnIZoMe5A3nC/59pOtmOeDQ=,mdOjLYePQn2sIsFNcGlO18zezOE=
44,-8,y9HnFnIZoMe5A3nC/59pOtmOeDQ=,VeWzJHWGvsM5O0H838vExKQZs7I=
39,-2,y9HnFnIZoMe5A3nC/59pOtmOeDQ=,wZChSFiQO3hIFmNikjR9VLVumsE=
40,-5,y9HnFnIZoMe5A3nC/59pOtmOeDQ=,mdOjLYePQn2sIsFNcGlO18zezOE=
41,-3,y9HnFnIZoMe5A3nC/59pOtmOeDQ=,LA+wZSOwap5sBLlKXEnSCNU5EHA=
42,-3,y9HnFnIZoMe5A3nC/59pOtmOeDQ=,LA+wZSOwap5sBLlKXEnSCNU5EHA=
43,-3,y9HnFnIZoMe5A3nC/59pOtmOeDQ=,LA+wZSOwap5sBLlKXEnSCNU5EHA=
41,-5,y9HnFnIZoMe5A3nC/59pOtmOeDQ=,mdOjLYePQn2sIsFNcGlO18zezOE=
40,-2,y9HnFnIZoMe5A3nC/59pOtmOeDQ=,LA+wZSOwap5sBLlKXEnSCNU5EHA=
42,-5,y9HnFnIZoMe5A3nC/59pOtmOeDQ=,mdOjLYePQn2sIsFNcGlO18zezOE=
41,-2,y9HnFnIZoMe5A3nC/59pOtmOeDQ=,LA+wZSOwap5sBLlKXEnSCNU5EHA=
37,-15,Wgoou826PiPzUzuWDw5zfQPPdhE=,BGVBxLp0muBObHFJuxd/xYTJwV0=
39,-14,Wgoou826PiPzUzuWDw5zfQPPdhE=,BGVBxLp0muBObHFJuxd/xYTJwV0=
40,-14,Wgoou826PiPzUzuWDw5zfQPPdhE=,STh1PWNrvVqmMyfiMSW8b2u01+E=
38,-14,Wgoou826PiPzUzuWDw5zfQPPdhE=,BGVBxLp0muBObHFJuxd/xYTJwV0=
40,-15,Wgoou826PiPzUzuWDw5zfQPPdhE=,STh1PWNrvVqmMyfiMSW8b2u01+E=
38,-15,Wgoou826PiPzUzuWDw5zfQPPdhE=,BGVBxLp0muBObHFJuxd/xYTJwV0=
39,-15,Wgoou826PiPzUzuWDw5zfQPPdhE=,BGVBxLp0muBObHFJuxd/xYTJwV0=
37,-14,Wgoou826PiPzUzuWDw5zfQPPdhE=,BGVBxLp0muBObHFJuxd/xYTJwV0=
38,-16,z3Q//2JBYsQCiQMc6VCiBheKzHc=,BGVBxLp0muBObHFJuxd/xYTJwV0=
37,-16,z3Q//2JBYsQCiQMc6VCiBheKzHc=,BGVBxLp0muBObHFJuxd/xYTJwV0=
39,-12,iYKVsSAGT1LIij1ubVRDq94XnYA=,hZfj5djqKjUhafpz5xZhvhIb1Xg=
38,-12,iYKVsSAGT1LIij1ubVRDq94XnYA=,hZfj5djqKjUhafpz5xZhvhIb1Xg=
37,-11,iYKVsSAGT1LIij1ubVRDq94XnYA=,hZfj5djqKjUhafpz5xZhvhIb1Xg=
39,-13,iYKVsSAGT1LIij1ubVRDq94XnYA=,BGVBxLp0muBObHFJuxd/xYTJwV0=
40,-13,iYKVsSAGT1LIij1ubVRDq94XnYA=,STh1PWNrvVqmMyfiMSW8b2u01+E=
38,-11,iYKVsSAGT1LIij1ubVRDq94XnYA=,hZfj5djqKjUhafpz5xZhvhIb1Xg=
37,-8,iYKVsSAGT1LIij1ubVRDq94XnYA=,AG2JdtYL+56eDBAJ8+Sv3K7AxCI=
40,-11,iYKVsSAGT1LIij1ubVRDq94XnYA=,T8+EHyBi0nh1lBJYA8dNz/cOS/Y=
38,-13,iYKVsSAGT1LIij1ubVRDq94XnYA=,BGVBxLp0muBObHFJuxd/xYTJwV0=
38,-8,iYKVsSAGT1LIij1ubVRDq94XnYA=,AG2JdtYL+56eDBAJ8+Sv3K7AxCI=
39,-9,iYKVsSAGT1LIij1ubVRDq94XnYA=,hZfj5djqKjUhafpz5xZhvhIb1Xg=
39,-11,lbcFnZFr2ieQd35VV3G7A473Bt4=,hZfj5djqKjUhafpz5xZhvhIb1Xg=
37,-10,lbcFnZFr2ieQd35VV3G7A473Bt4=,hZfj5djqKjUhafpz5xZhvhIb1Xg=
37,-13,lbcFnZFr2ieQd35VV3G7A473Bt4=,BGVBxLp0muBObHFJuxd/xYTJwV0=
39,-8,lbcFnZFr2ieQd35VV3G7A473Bt4=,AG2JdtYL+56eDBAJ8+Sv3K7AxCI=
40,-10,lbcFnZFr2ieQd35VV3G7A473Bt4=,T8+EHyBi0nh1lBJYA8dNz/cOS/Y=
38,-10,lbcFnZFr2ieQd35VV3G7A473Bt4=,hZfj5djqKjUhafpz5xZhvhIb1Xg=
39,-10,lbcFnZFr2ieQd35VV3G7A473Bt4=,hZfj5djqKjUhafpz5xZhvhIb1Xg=
37,-12,lbcFnZFr2ieQd35VV3G7A473Bt4=,hZfj5djqKjUhafpz5xZhvhIb1Xg=
40,-9,lbcFnZFr2ieQd35VV3G7A473Bt4=,T8+EHyBi0nh1lBJYA8dNz/cOS/Y=
37,-9,lbcFnZFr2ieQd35VV3G7A473Bt4=,hZfj5djqKjUhafpz5xZhvhIb1Xg=
38,-9,lbcFnZFr2ieQd35VV3G7A473Bt4=,hZfj5djqKjUhafpz5xZhvhIb1Xg=
40,-8,lbcFnZFr2ieQd35VV3G7A473Bt4=,mdOjLYePQn2sIsFNcGlO18zezOE=
40,-12,lbcFnZFr2ieQd35VV3G7A473Bt4=,T8+EHyBi0nh1lBJYA8dNz/cOS/Y=
36,-14,lbcFnZFr2ieQd35VV3G7A473Bt4=,BGVBxLp0muBObHFJuxd/xYTJwV0=
33,-15,lbcFnZFr2ieQd35VV3G7A473Bt4=,ZENgHqwvqFuDMqWEJGBer1RKOFI=
33,-16,lbcFnZFr2ieQd35VV3G7A473Bt4=,ZENgHqwvqFuDMqWEJGBer1RKOFI=
35,-14,lbcFnZFr2ieQd35VV3G7A473Bt4=,ZENgHqwvqFuDMqWEJGBer1RKOFI=
34,-15,lbcFnZFr2ieQd35VV3G7A473Bt4=,ZENgHqwvqFuDMqWEJGBer1RKOFI=
34,-14,lbcFnZFr2ieQd35VV3G7A473Bt4=,ZENgHqwvqFuDMqWEJGBer1RKOFI=
33,-14,lbcFnZFr2ieQd35VV3G7A473Bt4=,ZENgHqwvqFuDMqWEJGBer1RKOFI=
35,-15,lbcFnZFr2ieQd35VV3G7A473Bt4=,ZENgHqwvqFuDMqWEJGBer1RKOFI=
36,-15,lbcFnZFr2ieQd35VV3G7A473Bt4=,BGVBxLp0muBObHFJuxd/xYTJwV0=
35,-16,lbcFnZFr2ieQd35VV3G7A473Bt4=,ZENgHqwvqFuDMqWEJGBer1RKOFI=
36,-16,lbcFnZFr2ieQd35VV3G7A473Bt4=,BGVBxLp0muBObHFJuxd/xYTJwV0=
34,-16,lbcFnZFr2ieQd35VV3G7A473Bt4=,ZENgHqwvqFuDMqWEJGBer1RKOFI=
32,-15,5Y/5wTIcITVKRAcRRJKo969BHbU=,ZENgHqwvqFuDMqWEJGBer1RKOFI=
32,-14,5Y/5wTIcITVKRAcRRJKo969BHbU=,ZENgHqwvqFuDMqWEJGBer1RKOFI=
35,-12,5bz5qkl0qVFroqg/D4Vx+DdyNAc=,YY8jHcXChuJ+2c0DtoNanNAHSE4=
36,-11,5bz5qkl0qVFroqg/D4Vx+DdyNAc=,hZfj5djqKjUhafpz5xZhvhIb1Xg=
34,-12,QR3BwQcQaO1bMtpnv4E24u6Lrz0=,YY8jHcXChuJ+2c0DtoNanNAHSE4=
32,-11,QR3BwQcQaO1bMtpnv4E24u6Lrz0=,YY8jHcXChuJ+2c0DtoNanNAHSE4=
36,-13,QR3BwQcQaO1bMtpnv4E24u6Lrz0=,BGVBxLp0muBObHFJuxd/xYTJwV0=
36,-12,QR3BwQcQaO1bMtpnv4E24u6Lrz0=,hZfj5djqKjUhafpz5xZhvhIb1Xg=
35,-10,UC+IduaEDuyIvZD+UvIp/I8Hl30=,YY8jHcXChuJ+2c0DtoNanNAHSE4=
36,-9,UC+IduaEDuyIvZD+UvIp/I8Hl30=,hZfj5djqKjUhafpz5xZhvhIb1Xg=
33,-12,UC+IduaEDuyIvZD+UvIp/I8Hl30=,YY8jHcXChuJ+2c0DtoNanNAHSE4=
33,-11,UC+IduaEDuyIvZD+UvIp/I8Hl30=,YY8jHcXChuJ+2c0DtoNanNAHSE4=
34,-10,UC+IduaEDuyIvZD+UvIp/I8Hl30=,YY8jHcXChuJ+2c0DtoNanNAHSE4=
32,-12,UC+IduaEDuyIvZD+UvIp/I8Hl30=,YY8jHcXChuJ+2c0DtoNanNAHSE4=
35,-8,UC+IduaEDuyIvZD+UvIp/I8Hl30=,jUDJRAK5iWxrlpYSv1w6sBykxZ4=
33,-10,UC+IduaEDuyIvZD+UvIp/I8Hl30=,YY8jHcXChuJ+2c0DtoNanNAHSE4=
36,-8,UC+IduaEDuyIvZD+UvIp/I8Hl30=,AG2JdtYL+56eDBAJ8+Sv3K7AxCI=
34,-8,UC+IduaEDuyIvZD+UvIp/I8Hl30=,jUDJRAK5iWxrlpYSv1w6sBykxZ4=
35,-13,UC+IduaEDuyIvZD+UvIp/I8Hl30=,ZENgHqwvqFuDMqWEJGBer1RKOFI=
34,-13,bAdGDU2ck8dF35o6X/wbJfNFdzU=,ZENgHqwvqFuDMqWEJGBer1RKOFI=
33,-9,bAdGDU2ck8dF35o6X/wbJfNFdzU=,YY8jHcXChuJ+2c0DtoNanNAHSE4=
33,-13,bAdGDU2ck8dF35o6X/wbJfNFdzU=,ZENgHqwvqFuDMqWEJGBer1RKOFI=
33,-8,bAdGDU2ck8dF35o6X/wbJfNFdzU=,jUDJRAK5iWxrlpYSv1w6sBykxZ4=
32,-13,bAdGDU2ck8dF35o6X/wbJfNFdzU=,ZENgHqwvqFuDMqWEJGBer1RKOFI=
34,-9,bAdGDU2ck8dF35o6X/wbJfNFdzU=,YY8jHcXChuJ+2c0DtoNanNAHSE4=
32,-10,bAdGDU2ck8dF35o6X/wbJfNFdzU=,YY8jHcXChuJ+2c0DtoNanNAHSE4=
35,-9,bAdGDU2ck8dF35o6X/wbJfNFdzU=,YY8jHcXChuJ+2c0DtoNanNAHSE4=
35,-11,bAdGDU2ck8dF35o6X/wbJfNFdzU=,YY8jHcXChuJ+2c0DtoNanNAHSE4=
34,-11,bAdGDU2ck8dF35o6X/wbJfNFdzU=,YY8jHcXChuJ+2c0DtoNanNAHSE4=
36,-10,bAdGDU2ck8dF35o6X/wbJfNFdzU=,hZfj5djqKjUhafpz5xZhvhIb1Xg=
32,-2,bAdGDU2ck8dF35o6X/wbJfNFdzU=,Y2trbVD7LMXfDMeVIuu0qpxNDTE=
32,-3,bAdGDU2ck8dF35o6X/wbJfNFdzU=,Y2trbVD7LMXfDMeVIuu0qpxNDTE=
32,-9,bAdGDU2ck8dF35o6X/wbJfNFdzU=,YY8jHcXChuJ+2c0DtoNanNAHSE4=
32,-6,bAdGDU2ck8dF35o6X/wbJfNFdzU=,jUDJRAK5iWxrlpYSv1w6sBykxZ4=
32,-8,bAdGDU2ck8dF35o6X/wbJfNFdzU=,jUDJRAK5iWxrlpYSv1w6sBykxZ4=
32,-7,bAdGDU2ck8dF35o6X/wbJfNFdzU=,jUDJRAK5iWxrlpYSv1w6sBykxZ4=
32,-4,bAdGDU2ck8dF35o6X/wbJfNFdzU=,Y2trbVD7LMXfDMeVIuu0qpxNDTE=
32,-5,bAdGDU2ck8dF35o6X/wbJfNFdzU=,jUDJRAK5iWxrlpYSv1w6sBykxZ4=
33,-1,bAdGDU2ck8dF35o6X/wbJfNFdzU=,Y2trbVD7LMXfDMeVIuu0qpxNDTE=
34,-1,bAdGDU2ck8dF35o6X/wbJfNFdzU=,Y2trbVD7LMXfDMeVIuu0qpxNDTE=
47,-2,kU7qQjp4Nu4yFh4P8G/krQl1dik=,OqYeR3kjTUbT8NIFFZW8FbTUaP0=
47,-3,kU7qQjp4Nu4yFh4P8G/krQl1dik=,OqYeR3kjTUbT8NIFFZW8FbTUaP0=
45,-1,kU7qQjp4Nu4yFh4P8G/krQl1dik=,OqYeR3kjTUbT8NIFFZW8FbTUaP0=
46,-1,kU7qQjp4Nu4yFh4P8G/krQl1dik=,OqYeR3kjTUbT8NIFFZW8FbTUaP0=
36,-1,2lVO7y7FbT5yiETWgewx/OkOaoc=,wZChSFiQO3hIFmNikjR9VLVumsE=
35,-1,aOwSwlLNfsdELSyy8MYJkvxsQ4s=,Y2trbVD7LMXfDMeVIuu0qpxNDTE=
37,-1,aOwSwlLNfsdELSyy8MYJkvxsQ4s=,wZChSFiQO3hIFmNikjR9VLVumsE=
38,-1,aOwSwlLNfsdELSyy8MYJkvxsQ4s=,wZChSFiQO3hIFmNikjR9VLVumsE=
40,-1,aOwSwlLNfsdELSyy8MYJkvxsQ4s=,LA+wZSOwap5sBLlKXEnSCNU5EHA=
44,-1,aOwSwlLNfsdELSyy8MYJkvxsQ4s=,OqYeR3kjTUbT8NIFFZW8FbTUaP0=
42,-1,aOwSwlLNfsdELSyy8MYJkvxsQ4s=,LA+wZSOwap5sBLlKXEnSCNU5EHA=
41,-1,aOwSwlLNfsdELSyy8MYJkvxsQ4s=,LA+wZSOwap5sBLlKXEnSCNU5EHA=
39,-1,aOwSwlLNfsdELSyy8MYJkvxsQ4s=,wZChSFiQO3hIFmNikjR9VLVumsE=
43,-1,aOwSwlLNfsdELSyy8MYJkvxsQ4s=,LA+wZSOwap5sBLlKXEnSCNU5EHA=
47,-6,aOwSwlLNfsdELSyy8MYJkvxsQ4s=,VeWzJHWGvsM5O0H838vExKQZs7I=
47,-5,JosAElc1bsuf3y0AgIa1+ZpM7P0=,VeWzJHWGvsM5O0H838vExKQZs7I=
47,-4,JosAElc1bsuf3y0AgIa1+ZpM7P0=,OqYeR3kjTUbT8NIFFZW8FbTUaP0=
47,-7,JosAElc1bsuf3y0AgIa1+ZpM7P0=,VeWzJHWGvsM5O0H838vExKQZs7I=
46,-16,JosAElc1bsuf3y0AgIa1+ZpM7P0=,Q0rkqert9EYiASkR9qTAN28yZMk=
45,-16,JosAElc1bsuf3y0AgIa1+ZpM7P0=,Q0rkqert9EYiASkR9qTAN28yZMk=
32,-16,JosAElc1bsuf3y0AgIa1+ZpM7P0=,ZENgHqwvqFuDMqWEJGBer1RKOFI=
47,-16,JosAElc1bsuf3y0AgIa1+ZpM7P0=,Q0rkqert9EYiASkR9qTAN28yZMk=
47,-14,JosAElc1bsuf3y0AgIa1+ZpM7P0=,Q0rkqert9EYiASkR9qTAN28yZMk=
47,-15,JosAElc1bsuf3y0AgIa1+ZpM7P0=,Q0rkqert9EYiASkR9qTAN28yZMk=
47,-1,JosAElc1bsuf3y0AgIa1+ZpM7P0=,OqYeR3kjTUbT8NIFFZW8FbTUaP0=
32,-1,JosAElc1bsuf3y0AgIa1+ZpM7P0=,Y2trbVD7LMXfDMeVIuu0qpxNDTE=
42,-16,JosAElc1bsuf3y0AgIa1+ZpM7P0=,STh1PWNrvVqmMyfiMSW8b2u01+E=
39,-16,JosAElc1bsuf3y0AgIa1+ZpM7P0=,BGVBxLp0muBObHFJuxd/xYTJwV0=
44,-16,JosAElc1bsuf3y0AgIa1+ZpM7P0=,Q0rkqert9EYiASkR9qTAN28yZMk=
43,-16,JosAElc1bsuf3y0AgIa1+ZpM7P0=,STh1PWNrvVqmMyfiMSW8b2u01+E=
41,-16,JosAElc1bsuf3y0AgIa1+ZpM7P0=,STh1PWNrvVqmMyfiMSW8b2u01+E=
40,-16,JosAElc1bsuf3y0AgIa1+ZpM7P0=,STh1PWNrvVqmMyfiMSW8b2u01+E=
47,-8,JosAElc1bsuf3y0AgIa1+ZpM7P0=,VeWzJHWGvsM5O0H838vExKQZs7I=
47,-12,JosAElc1bsuf3y0AgIa1+ZpM7P0=,iofS+DqYE+Z5gQHNC0EQN7xe9nU=
47,-10,JosAElc1bsuf3y0AgIa1+ZpM7P0=,iofS+DqYE+Z5gQHNC0EQN7xe9nU=
47,-13,JosAElc1bsuf3y0AgIa1+ZpM7P0=,Q0rkqert9EYiASkR9qTAN28yZMk=
47,-9,JosAElc1bsuf3y0AgIa1+ZpM7P0=,iofS+DqYE+Z5gQHNC0EQN7xe9nU=
47,-11,JosAElc1bsuf3y0AgIa1+ZpM7P0=,iofS+DqYE+Z5gQHNC0EQN7xe9nU=
