98,-28,rwGQeeqjGVvg9we/DNI7t7r3u/k=,AKjPb9FBMzVI8gNn7Jp09JXdBm8=
101,-27,rwGQeeqjGVvg9we/DNI7t7r3u/k=,AKjPb9FBMzVI8gNn7Jp09JXdBm8=
101,-26,rwGQeeqjGVvg9we/DNI7t7r3u/k=,AKjPb9FBMzVI8gNn7Jp09JXdBm8=
100,-27,rwGQeeqjGVvg9we/DNI7t7r3u/k=,AKjPb9FBMzVI8gNn7Jp09JXdBm8=
99,-27,rwGQeeqjGVvg9we/DNI7t7r3u/k=,AKjPb9FBMzVI8gNn7Jp09JXdBm8=
100,-26,rwGQeeqjGVvg9we/DNI7t7r3u/k=,AKjPb9FBMzVI8gNn7Jp09JXdBm8=
97,-28,44R6ok4/Ng0o3MAKjC/5SEN8AD4=,AKjPb9FBMzVI8gNn7Jp09JXdBm8=
102,-28,44R6ok4/Ng0o3MAKjC/5SEN8AD4=,AKjPb9FBMzVI8gNn7Jp09JXdBm8=
99,-26,/+9JrPWL/BwFCSLN0GZXov6lzYU=,AKjPb9FBMzVI8gNn7Jp09JXdBm8=
99,-31,/+9JrPWL/BwFCSLN0GZXov6lzYU=,AKjPb9FBMzVI8gNn7Jp09JXdBm8=
99,-29,/+9JrPWL/BwFCSLN0GZXov6lzYU=,AKjPb9FBMzVI8gNn7Jp09JXdBm8=
98,-31,geqb2eJsVSyfqDmRV6iVXWyzWjQ=,AKjPb9FBMzVI8gNn7Jp09JXdBm8=
97,-31,FFdt4UKqb/APJtdu9qqTQemI3HE=,AKjPb9FBMzVI8gNn7Jp09JXdBm8=
97,-29,FFdt4UKqb/APJtdu9qqTQemI3HE=,AKjPb9FBMzVI8gNn7Jp09JXdBm8=
98,-29,FFdt4UKqb/APJtdu9qqTQemI3HE=,AKjPb9FBMzVI8gNn7Jp09JXdBm8=
98,-26,FFdt4UKqb/APJtdu9qqTQemI3HE=,AKjPb9FBMzVI8gNn7Jp09JXdBm8=
99,-30,FFdt4UKqb/APJtdu9qqTQemI3HE=,AKjPb9FBMzVI8gNn7Jp09JXdBm8=
98,-30,FFdt4UKqb/APJtdu9qqTQemI3HE=,AKjPb9FBMzVI8gNn7Jp09JXdBm8=
97,-30,FFdt4UKqb/APJtdu9qqTQemI3HE=,AKjPb9FBMzVI8gNn7Jp09JXdBm8=
102,-29,FFdt4UKqb/APJtdu9qqTQemI3HE=,AKjPb9FBMzVI8gNn7Jp09JXdBm8=
101,-28,FFdt4UKqb/APJtdu9qqTQemI3HE=,AKjPb9FBMzVI8gNn7Jp09JXdBm8=
102,-31,FFdt4UKqb/APJtdu9qqTQemI3HE=,AKjPb9FBMzVI8gNn7Jp09JXdBm8=
97,-26,FFdt4UKqb/APJtdu9qqTQemI3HE=,AKjPb9FBMzVI8gNn7Jp09JXdBm8=
100,-28,FFdt4UKqb/APJtdu9qqTQemI3HE=,AKjPb9FBMzVI8gNn7Jp09JXdBm8=
101,-29,FFdt4UKqb/APJtdu9qqTQemI3HE=,AKjPb9FBMzVI8gNn7Jp09JXdBm8=
102,-30,FFdt4UKqb/APJtdu9qqTQemI3HE=,AKjPb9FBMzVI8gNn7Jp09JXdBm8=
102,-26,FFdt4UKqb/APJtdu9qqTQemI3HE=,AKjPb9FBMzVI8gNn7Jp09JXdBm8=
100,-31,FFdt4UKqb/APJtdu9qqTQemI3HE=,AKjPb9FBMzVI8gNn7Jp09JXdBm8=
98,-27,FFdt4UKqb/APJtdu9qqTQemI3HE=,AKjPb9FBMzVI8gNn7Jp09JXdBm8=
97,-27,FFdt4UKqb/APJtdu9qqTQemI3HE=,AKjPb9FBMzVI8gNn7Jp09JXdBm8=
100,-29,FFdt4UKqb/APJtdu9qqTQemI3HE=,AKjPb9FBMzVI8gNn7Jp09JXdBm8=
101,-30,FFdt4UKqb/APJtdu9qqTQemI3HE=,AKjPb9FBMzVI8gNn7Jp09JXdBm8=
102,-27,FFdt4UKqb/APJtdu9qqTQemI3HE=,AKjPb9FBMzVI8gNn7Jp09JXdBm8=
99,-28,FFdt4UKqb/APJtdu9qqTQemI3HE=,AKjPb9FBMzVI8gNn7Jp09JXdBm8=
100,-30,FFdt4UKqb/APJtdu9qqTQemI3HE=,AKjPb9FBMzVI8gNn7Jp09JXdBm8=
97,-32,FFdt4UKqb/APJtdu9qqTQemI3HE=,AKjPb9FBMzVI8gNn7Jp09JXdBm8=
98,-32,FFdt4UKqb/APJtdu9qqTQemI3HE=,AKjPb9FBMzVI8gNn7Jp09JXdBm8=
100,-32,FFdt4UKqb/APJtdu9qqTQemI3HE=,AKjPb9FBMzVI8gNn7Jp09JXdBm8=
101,-32,FFdt4UKqb/APJtdu9qqTQemI3HE=,AKjPb9FBMzVI8gNn7Jp09JXdBm8=
102,-32,FFdt4UKqb/APJtdu9qqTQemI3HE=,AKjPb9FBMzVI8gNn7Jp09JXdBm8=
99,-32,FFdt4UKqb/APJtdu9qqTQemI3HE=,AKjPb9FBMzVI8gNn7Jp09JXdBm8=
96,-27,FFdt4UKqb/APJtdu9qqTQemI3HE=,AKjPb9FBMzVI8gNn7Jp09JXdBm8=
96,-26,FFdt4UKqb/APJtdu9qqTQemI3HE=,AKjPb9FBMzVI8gNn7Jp09JXdBm8=
96,-29,FFdt4UKqb/APJtdu9qqTQemI3HE=,AKjPb9FBMzVI8gNn7Jp09JXdBm8=
96,-30,FFdt4UKqb/APJtdu9qqTQemI3HE=,AKjPb9FBMzVI8gNn7Jp09JXdBm8=
96,-28,FFdt4UKqb/APJtdu9qqTQemI3HE=,AKjPb9FBMzVI8gNn7Jp09JXdBm8=
96,-31,FFdt4UKqb/APJtdu9qqTQemI3HE=,AKjPb9FBMzVI8gNn7Jp09JXdBm8=
108,-29,FFdt4UKqb/APJtdu9qqTQemI3HE=,2FRwvN8ALpjAjATOV76T+vdsaIE=
109,-29,FFdt4UKqb/APJtdu9qqTQemI3HE=,2FRwvN8ALpjAjATOV76T+vdsaIE=
110,-29,FFdt4UKqb/APJtdu9qqTQemI3HE=,2FRwvN8ALpjAjATOV76T+vdsaIE=
103,-27,FFdt4UKqb/APJtdu9qqTQemI3HE=,AKjPb9FBMzVI8gNn7Jp09JXdBm8=
111,-29,FFdt4UKqb/APJtdu9qqTQemI3HE=,2FRwvN8ALpjAjATOV76T+vdsaIE=
104,-32,FFdt4UKqb/APJtdu9qqTQemI3HE=,2FRwvN8ALpjAjATOV76T+vdsaIE=
104,-28,FFdt4UKqb/APJtdu9qqTQemI3HE=,2FRwvN8ALpjAjATOV76T+vdsaIE=
105,-32,FFdt4UKqb/APJtdu9qqTQemI3HE=,2FRwvN8ALpjAjATOV76T+vdsaIE=
103,-30,FFdt4UKqb/APJtdu9qqTQemI3HE=,AKjPb9FBMzVI8gNn7Jp09JXdBm8=
103,-31,FFdt4UKqb/APJtdu9qqTQemI3HE=,AKjPb9FBMzVI8gNn7Jp09JXdBm8=
105,-28,FFdt4UKqb/APJtdu9qqTQemI3HE=,2FRwvN8ALpjAjATOV76T+vdsaIE=
106,-32,FFdt4UKqb/APJtdu9qqTQemI3HE=,2FRwvN8ALpjAjATOV76T+vdsaIE=
106,-28,FFdt4UKqb/APJtdu9qqTQemI3HE=,2FRwvN8ALpjAjATOV76T+vdsaIE=
107,-32,FFdt4UKqb/APJtdu9qqTQemI3HE=,2FRwvN8ALpjAjATOV76T+vdsaIE=
108,-32,FFdt4UKqb/APJtdu9qqTQemI3HE=,2FRwvN8ALpjAjATOV76T+vdsaIE=
109,-32,FFdt4UKqb/APJtdu9qqTQemI3HE=,2FRwvN8ALpjAjATOV76T+vdsaIE=
110,-32,FFdt4UKqb/APJtdu9qqTQemI3HE=,2FRwvN8ALpjAjATOV76T+vdsaIE=
101,-31,FFdt4UKqb/APJtdu9qqTQemI3HE=,AKjPb9FBMzVI8gNn7Jp09JXdBm8=
107,-28,FFdt4UKqb/APJtdu9qqTQemI3HE=,2FRwvN8ALpjAjATOV76T+vdsaIE=
108,-28,FFdt4UKqb/APJtdu9qqTQemI3HE=,2FRwvN8ALpjAjATOV76T+vdsaIE=
103,-26,FFdt4UKqb/APJtdu9qqTQemI3HE=,AKjPb9FBMzVI8gNn7Jp09JXdBm8=
103,-29,FFdt4UKqb/APJtdu9qqTQemI3HE=,AKjPb9FBMzVI8gNn7Jp09JXdBm8=
103,-32,FFdt4UKqb/APJtdu9qqTQemI3HE=,AKjPb9FBMzVI8gNn7Jp09JXdBm8=
111,-32,FFdt4UKqb/APJtdu9qqTQemI3HE=,2FRwvN8ALpjAjATOV76T+vdsaIE=
109,-28,FFdt4UKqb/APJtdu9qqTQemI3HE=,2FRwvN8ALpjAjATOV76T+vdsaIE=
104,-31,FFdt4UKqb/APJtdu9qqTQemI3HE=,2FRwvN8ALpjAjATOV76T+vdsaIE=
105,-31,FFdt4UKqb/APJtdu9qqTQemI3HE=,2FRwvN8ALpjAjATOV76T+vdsaIE=
110,-28,FFdt4UKqb/APJtdu9qqTQemI3HE=,2FRwvN8ALpjAjATOV76T+vdsaIE=
106,-31,FFdt4UKqb/APJtdu9qqTQemI3HE=,2FRwvN8ALpjAjATOV76T+vdsaIE=
107,-31,FFdt4UKqb/APJtdu9qqTQemI3HE=,2FRwvN8ALpjAjATOV76T+vdsaIE=
108,-31,FFdt4UKqb/APJtdu9qqTQemI3HE=,2FRwvN8ALpjAjATOV76T+vdsaIE=
109,-31,FFdt4UKqb/APJtdu9qqTQemI3HE=,2FRwvN8ALpjAjATOV76T+vdsaIE=
111,-28,FFdt4UKqb/APJtdu9qqTQemI3HE=,2FRwvN8ALpjAjATOV76T+vdsaIE=
104,-27,FFdt4UKqb/APJtdu9qqTQemI3HE=,2FRwvN8ALpjAjATOV76T+vdsaIE=
105,-27,FFdt4UKqb/APJtdu9qqTQemI3HE=,2FRwvN8ALpjAjATOV76T+vdsaIE=
106,-27,FFdt4UKqb/APJtdu9qqTQemI3HE=,2FRwvN8ALpjAjATOV76T+vdsaIE=
107,-27,FFdt4UKqb/APJtdu9qqTQemI3HE=,2FRwvN8ALpjAjATOV76T+vdsaIE=
108,-27,FFdt4UKqb/APJtdu9qqTQemI3HE=,2FRwvN8ALpjAjATOV76T+vdsaIE=
109,-27,FFdt4UKqb/APJtdu9qqTQemI3HE=,2FRwvN8ALpjAjATOV76T+vdsaIE=
96,-32,FFdt4UKqb/APJtdu9qqTQemI3HE=,AKjPb9FBMzVI8gNn7Jp09JXdBm8=
107,-29,FFdt4UKqb/APJtdu9qqTQemI3HE=,2FRwvN8ALpjAjATOV76T+vdsaIE=
106,-29,FFdt4UKqb/APJtdu9qqTQemI3HE=,2FRwvN8ALpjAjATOV76T+vdsaIE=
105,-29,FFdt4UKqb/APJtdu9qqTQemI3HE=,2FRwvN8ALpjAjATOV76T+vdsaIE=
104,-29,FFdt4UKqb/APJtdu9qqTQemI3HE=,2FRwvN8ALpjAjATOV76T+vdsaIE=
111,-30,FFdt4UKqb/APJtdu9qqTQemI3HE=,2FRwvN8ALpjAjATOV76T+vdsaIE=
103,-28,FFdt4UKqb/APJtdu9qqTQemI3HE=,AKjPb9FBMzVI8gNn7Jp09JXdBm8=
110,-30,FFdt4UKqb/APJtdu9qqTQemI3HE=,2FRwvN8ALpjAjATOV76T+vdsaIE=
109,-30,FFdt4UKqb/APJtdu9qqTQemI3HE=,2FRwvN8ALpjAjATOV76T+vdsaIE=
108,-30,FFdt4UKqb/APJtdu9qqTQemI3HE=,2FRwvN8ALpjAjATOV76T+vdsaIE=
107,-30,FFdt4UKqb/APJtdu9qqTQemI3HE=,2FRwvN8ALpjAjATOV76T+vdsaIE=
111,-26,FFdt4UKqb/APJtdu9qqTQemI3HE=,2FRwvN8ALpjAjATOV76T+vdsaIE=
110,-26,FFdt4UKqb/APJtdu9qqTQemI3HE=,2FRwvN8ALpjAjATOV76T+vdsaIE=
106,-30,FFdt4UKqb/APJtdu9qqTQemI3HE=,2FRwvN8ALpjAjATOV76T+vdsaIE=
109,-26,FFdt4UKqb/APJtdu9qqTQemI3HE=,2FRwvN8ALpjAjATOV76T+vdsaIE=
105,-30,FFdt4UKqb/APJtdu9qqTQemI3HE=,2FRwvN8ALpjAjATOV76T+vdsaIE=
105,-26,FFdt4UKqb/APJtdu9qqTQemI3HE=,2FRwvN8ALpjAjATOV76T+vdsaIE=
104,-30,FFdt4UKqb/APJtdu9qqTQemI3HE=,2FRwvN8ALpjAjATOV76T+vdsaIE=
111,-31,FFdt4UKqb/APJtdu9qqTQemI3HE=,2FRwvN8ALpjAjATOV76T+vdsaIE=
106,-26,FFdt4UKqb/APJtdu9qqTQemI3HE=,2FRwvN8ALpjAjATOV76T+vdsaIE=
111,-27,FFdt4UKqb/APJtdu9qqTQemI3HE=,2FRwvN8ALpjAjATOV76T+vdsaIE=
110,-31,FFdt4UKqb/APJtdu9qqTQemI3HE=,2FRwvN8ALpjAjATOV76T+vdsaIE=
104,-26,FFdt4UKqb/APJtdu9qqTQemI3HE=,2FRwvN8ALpjAjATOV76T+vdsaIE=
107,-26,FFdt4UKqb/APJtdu9qqTQemI3HE=,2FRwvN8ALpjAjATOV76T+vdsaIE=
108,-26,FFdt4UKqb/APJtdu9qqTQemI3HE=,2FRwvN8ALpjAjATOV76T+vdsaIE=
110,-27,FFdt4UKqb/APJtdu9qqTQemI3HE=,2FRwvN8ALpjAjATOV76T+vdsaIE=
107,-19,FFdt4UKqb/APJtdu9qqTQemI3HE=,1zbdJmqsA/ngoMlfoaF8wNw465A=
110,-25,FFdt4UKqb/APJtdu9qqTQemI3HE=,2FRwvN8ALpjAjATOV76T+vdsaIE=
111,-25,FFdt4UKqb/APJtdu9qqTQemI3HE=,2FRwvN8ALpjAjATOV76T+vdsaIE=
108,-19,FFdt4UKqb/APJtdu9qqTQemI3HE=,1zbdJmqsA/ngoMlfoaF8wNw465A=
109,-19,FFdt4UKqb/APJtdu9qqTQemI3HE=,1zbdJmqsA/ngoMlfoaF8wNw465A=
110,-19,FFdt4UKqb/APJtdu9qqTQemI3HE=,1zbdJmqsA/ngoMlfoaF8wNw465A=
106,-19,FFdt4UKqb/APJtdu9qqTQemI3HE=,1zbdJmqsA/ngoMlfoaF8wNw465A=
109,-25,FFdt4UKqb/APJtdu9qqTQemI3HE=,2FRwvN8ALpjAjATOV76T+vdsaIE=
105,-19,FFdt4UKqb/APJtdu9qqTQemI3HE=,1zbdJmqsA/ngoMlfoaF8wNw465A=
111,-19,FFdt4UKqb/APJtdu9qqTQemI3HE=,1zbdJmqsA/ngoMlfoaF8wNw465A=
105,-18,FFdt4UKqb/APJtdu9qqTQemI3HE=,1zbdJmqsA/ngoMlfoaF8wNw465A=
106,-18,FFdt4UKqb/APJtdu9qqTQemI3HE=,1zbdJmqsA/ngoMlfoaF8wNw465A=
107,-18,FFdt4UKqb/APJtdu9qqTQemI3HE=,1zbdJmqsA/ngoMlfoaF8wNw465A=
108,-18,FFdt4UKqb/APJtdu9qqTQemI3HE=,1zbdJmqsA/ngoMlfoaF8wNw465A=
108,-25,FFdt4UKqb/APJtdu9qqTQemI3HE=,2FRwvN8ALpjAjATOV76T+vdsaIE=
111,-20,FFdt4UKqb/APJtdu9qqTQemI3HE=,1zbdJmqsA/ngoMlfoaF8wNw465A=
109,-18,FFdt4UKqb/APJtdu9qqTQemI3HE=,1zbdJmqsA/ngoMlfoaF8wNw465A=
107,-25,FFdt4UKqb/APJtdu9qqTQemI3HE=,2FRwvN8ALpjAjATOV76T+vdsaIE=
110,-20,FFdt4UKqb/APJtdu9qqTQemI3HE=,1zbdJmqsA/ngoMlfoaF8wNw465A=
105,-25,FFdt4UKqb/APJtdu9qqTQemI3HE=,2FRwvN8ALpjAjATOV76T+vdsaIE=
109,-20,FFdt4UKqb/APJtdu9qqTQemI3HE=,1zbdJmqsA/ngoMlfoaF8wNw465A=
108,-20,FFdt4UKqb/APJtdu9qqTQemI3HE=,1zbdJmqsA/ngoMlfoaF8wNw465A=
107,-20,FFdt4UKqb/APJtdu9qqTQemI3HE=,1zbdJmqsA/ngoMlfoaF8wNw465A=
106,-20,FFdt4UKqb/APJtdu9qqTQemI3HE=,1zbdJmqsA/ngoMlfoaF8wNw465A=
105,-20,FFdt4UKqb/APJtdu9qqTQemI3HE=,1zbdJmqsA/ngoMlfoaF8wNw465A=
106,-25,FFdt4UKqb/APJtdu9qqTQemI3HE=,2FRwvN8ALpjAjATOV76T+vdsaIE=
109,-21,FFdt4UKqb/APJtdu9qqTQemI3HE=,1zbdJmqsA/ngoMlfoaF8wNw465A=
110,-21,FFdt4UKqb/APJtdu9qqTQemI3HE=,1zbdJmqsA/ngoMlfoaF8wNw465A=
108,-21,FFdt4UKqb/APJtdu9qqTQemI3HE=,1zbdJmqsA/ngoMlfoaF8wNw465A=
107,-21,FFdt4UKqb/APJtdu9qqTQemI3HE=,1zbdJmqsA/ngoMlfoaF8wNw465A=
106,-21,FFdt4UKqb/APJtdu9qqTQemI3HE=,1zbdJmqsA/ngoMlfoaF8wNw465A=
105,-21,FFdt4UKqb/APJtdu9qqTQemI3HE=,1zbdJmqsA/ngoMlfoaF8wNw465A=
111,-22,FFdt4UKqb/APJtdu9qqTQemI3HE=,1zbdJmqsA/ngoMlfoaF8wNw465A=
110,-22,FFdt4UKqb/APJtdu9qqTQemI3HE=,1zbdJmqsA/ngoMlfoaF8wNw465A=
109,-22,FFdt4UKqb/APJtdu9qqTQemI3HE=,1zbdJmqsA/ngoMlfoaF8wNw465A=
108,-22,FFdt4UKqb/APJtdu9qqTQemI3HE=,1zbdJmqsA/ngoMlfoaF8wNw465A=
107,-22,FFdt4UKqb/APJtdu9qqTQemI3HE=,1zbdJmqsA/ngoMlfoaF8wNw465A=
106,-22,FFdt4UKqb/APJtdu9qqTQemI3HE=,1zbdJmqsA/ngoMlfoaF8wNw465A=
105,-22,FFdt4UKqb/APJtdu9qqTQemI3HE=,1zbdJmqsA/ngoMlfoaF8wNw465A=
111,-21,FFdt4UKqb/APJtdu9qqTQemI3HE=,1zbdJmqsA/ngoMlfoaF8wNw465A=
110,-23,FFdt4UKqb/APJtdu9qqTQemI3HE=,1zbdJmqsA/ngoMlfoaF8wNw465A=
111,-23,FFdt4UKqb/APJtdu9qqTQemI3HE=,1zbdJmqsA/ngoMlfoaF8wNw465A=
109,-23,FFdt4UKqb/APJtdu9qqTQemI3HE=,1zbdJmqsA/ngoMlfoaF8wNw465A=
108,-23,FFdt4UKqb/APJtdu9qqTQemI3HE=,1zbdJmqsA/ngoMlfoaF8wNw465A=
106,-23,FFdt4UKqb/APJtdu9qqTQemI3HE=,1zbdJmqsA/ngoMlfoaF8wNw465A=
111,-17,FFdt4UKqb/APJtdu9qqTQemI3HE=,1zbdJmqsA/ngoMlfoaF8wNw465A=
108,-17,FFdt4UKqb/APJtdu9qqTQemI3HE=,1zbdJmqsA/ngoMlfoaF8wNw465A=
107,-23,FFdt4UKqb/APJtdu9qqTQemI3HE=,1zbdJmqsA/ngoMlfoaF8wNw465A=
107,-17,FFdt4UKqb/APJtdu9qqTQemI3HE=,1zbdJmqsA/ngoMlfoaF8wNw465A=
106,-17,FFdt4UKqb/APJtdu9qqTQemI3HE=,1zbdJmqsA/ngoMlfoaF8wNw465A=
111,-18,FFdt4UKqb/APJtdu9qqTQemI3HE=,1zbdJmqsA/ngoMlfoaF8wNw465A=
105,-17,FFdt4UKqb/APJtdu9qqTQemI3HE=,1zbdJmqsA/ngoMlfoaF8wNw465A=
105,-23,FFdt4UKqb/APJtdu9qqTQemI3HE=,1zbdJmqsA/ngoMlfoaF8wNw465A=
111,-24,FFdt4UKqb/APJtdu9qqTQemI3HE=,1zbdJmqsA/ngoMlfoaF8wNw465A=
110,-24,FFdt4UKqb/APJtdu9qqTQemI3HE=,1zbdJmqsA/ngoMlfoaF8wNw465A=
109,-24,u06ecZDRuoKwmqRJ8xit4KBHEO0=,1zbdJmqsA/ngoMlfoaF8wNw465A=
109,-17,u06ecZDRuoKwmqRJ8xit4KBHEO0=,1zbdJmqsA/ngoMlfoaF8wNw465A=
108,-24,u06ecZDRuoKwmqRJ8xit4KBHEO0=,1zbdJmqsA/ngoMlfoaF8wNw465A=
105,-24,u06ecZDRuoKwmqRJ8xit4KBHEO0=,1zbdJmqsA/ngoMlfoaF8wNw465A=
106,-24,u06ecZDRuoKwmqRJ8xit4KBHEO0=,1zbdJmqsA/ngoMlfoaF8wNw465A=
107,-24,u06ecZDRuoKwmqRJ8xit4KBHEO0=,1zbdJmqsA/ngoMlfoaF8wNw465A=
110,-17,u06ecZDRuoKwmqRJ8xit4KBHEO0=,1zbdJmqsA/ngoMlfoaF8wNw465A=
99,-25,u06ecZDRuoKwmqRJ8xit4KBHEO0=,AKjPb9FBMzVI8gNn7Jp09JXdBm8=
104,-19,u06ecZDRuoKwmqRJ8xit4KBHEO0=,1zbdJmqsA/ngoMlfoaF8wNw465A=
99,-17,u06ecZDRuoKwmqRJ8xit4KBHEO0=,TXyupOfr2pd1uUuANSsE/clUR1A=
110,-18,u06ecZDRuoKwmqRJ8xit4KBHEO0=,1zbdJmqsA/ngoMlfoaF8wNw465A=
98,-17,u06ecZDRuoKwmqRJ8xit4KBHEO0=,TXyupOfr2pd1uUuANSsE/clUR1A=
98,-25,u06ecZDRuoKwmqRJ8xit4KBHEO0=,AKjPb9FBMzVI8gNn7Jp09JXdBm8=
97,-17,u06ecZDRuoKwmqRJ8xit4KBHEO0=,TXyupOfr2pd1uUuANSsE/clUR1A=
100,-25,u06ecZDRuoKwmqRJ8xit4KBHEO0=,AKjPb9FBMzVI8gNn7Jp09JXdBm8=
101,-25,u06ecZDRuoKwmqRJ8xit4KBHEO0=,AKjPb9FBMzVI8gNn7Jp09JXdBm8=
102,-25,u06ecZDRuoKwmqRJ8xit4KBHEO0=,AKjPb9FBMzVI8gNn7Jp09JXdBm8=
100,-17,u06ecZDRuoKwmqRJ8xit4KBHEO0=,TXyupOfr2pd1uUuANSsE/clUR1A=
103,-25,u06ecZDRuoKwmqRJ8xit4KBHEO0=,AKjPb9FBMzVI8gNn7Jp09JXdBm8=
96,-24,u06ecZDRuoKwmqRJ8xit4KBHEO0=,TXyupOfr2pd1uUuANSsE/clUR1A=
97,-24,u06ecZDRuoKwmqRJ8xit4KBHEO0=,TXyupOfr2pd1uUuANSsE/clUR1A=
99,-24,u06ecZDRuoKwmqRJ8xit4KBHEO0=,TXyupOfr2pd1uUuANSsE/clUR1A=
98,-24,u06ecZDRuoKwmqRJ8xit4KBHEO0=,TXyupOfr2pd1uUuANSsE/clUR1A=
100,-24,u06ecZDRuoKwmqRJ8xit4KBHEO0=,TXyupOfr2pd1uUuANSsE/clUR1A=
101,-24,u06ecZDRuoKwmqRJ8xit4KBHEO0=,TXyupOfr2pd1uUuANSsE/clUR1A=
101,-17,u06ecZDRuoKwmqRJ8xit4KBHEO0=,TXyupOfr2pd1uUuANSsE/clUR1A=
103,-24,u06ecZDRuoKwmqRJ8xit4KBHEO0=,TXyupOfr2pd1uUuANSsE/clUR1A=
102,-24,u06ecZDRuoKwmqRJ8xit4KBHEO0=,TXyupOfr2pd1uUuANSsE/clUR1A=
102,-17,u06ecZDRuoKwmqRJ8xit4KBHEO0=,TXyupOfr2pd1uUuANSsE/clUR1A=
96,-23,u06ecZDRuoKwmqRJ8xit4KBHEO0=,TXyupOfr2pd1uUuANSsE/clUR1A=
104,-18,u06ecZDRuoKwmqRJ8xit4KBHEO0=,1zbdJmqsA/ngoMlfoaF8wNw465A=
97,-23,u06ecZDRuoKwmqRJ8xit4KBHEO0=,TXyupOfr2pd1uUuANSsE/clUR1A=
103,-17,u06ecZDRuoKwmqRJ8xit4KBHEO0=,TXyupOfr2pd1uUuANSsE/clUR1A=
98,-23,u06ecZDRuoKwmqRJ8xit4KBHEO0=,TXyupOfr2pd1uUuANSsE/clUR1A=
99,-23,u06ecZDRuoKwmqRJ8xit4KBHEO0=,TXyupOfr2pd1uUuANSsE/clUR1A=
104,-25,u06ecZDRuoKwmqRJ8xit4KBHEO0=,2FRwvN8ALpjAjATOV76T+vdsaIE=
103,-18,u06ecZDRuoKwmqRJ8xit4KBHEO0=,TXyupOfr2pd1uUuANSsE/clUR1A=
97,-25,u06ecZDRuoKwmqRJ8xit4KBHEO0=,AKjPb9FBMzVI8gNn7Jp09JXdBm8=
101,-18,u06ecZDRuoKwmqRJ8xit4KBHEO0=,TXyupOfr2pd1uUuANSsE/clUR1A=
102,-18,u06ecZDRuoKwmqRJ8xit4KBHEO0=,TXyupOfr2pd1uUuANSsE/clUR1A=
100,-18,u06ecZDRuoKwmqRJ8xit4KBHEO0=,TXyupOfr2pd1uUuANSsE/clUR1A=
98,-18,u06ecZDRuoKwmqRJ8xit4KBHEO0=,TXyupOfr2pd1uUuANSsE/clUR1A=
99,-18,u06ecZDRuoKwmqRJ8xit4KBHEO0=,TXyupOfr2pd1uUuANSsE/clUR1A=
96,-17,u06ecZDRuoKwmqRJ8xit4KBHEO0=,TXyupOfr2pd1uUuANSsE/clUR1A=
97,-18,u06ecZDRuoKwmqRJ8xit4KBHEO0=,TXyupOfr2pd1uUuANSsE/clUR1A=
96,-18,u06ecZDRuoKwmqRJ8xit4KBHEO0=,TXyupOfr2pd1uUuANSsE/clUR1A=
103,-19,u06ecZDRuoKwmqRJ8xit4KBHEO0=,TXyupOfr2pd1uUuANSsE/clUR1A=
101,-19,u06ecZDRuoKwmqRJ8xit4KBHEO0=,TXyupOfr2pd1uUuANSsE/clUR1A=
102,-19,u06ecZDRuoKwmqRJ8xit4KBHEO0=,TXyupOfr2pd1uUuANSsE/clUR1A=
100,-19,u06ecZDRuoKwmqRJ8xit4KBHEO0=,TXyupOfr2pd1uUuANSsE/clUR1A=
99,-19,u06ecZDRuoKwmqRJ8xit4KBHEO0=,TXyupOfr2pd1uUuANSsE/clUR1A=
104,-20,u06ecZDRuoKwmqRJ8xit4KBHEO0=,1zbdJmqsA/ngoMlfoaF8wNw465A=
96,-25,u06ecZDRuoKwmqRJ8xit4KBHEO0=,AKjPb9FBMzVI8gNn7Jp09JXdBm8=
98,-19,u06ecZDRuoKwmqRJ8xit4KBHEO0=,TXyupOfr2pd1uUuANSsE/clUR1A=
97,-19,u06ecZDRuoKwmqRJ8xit4KBHEO0=,TXyupOfr2pd1uUuANSsE/clUR1A=
102,-20,u06ecZDRuoKwmqRJ8xit4KBHEO0=,TXyupOfr2pd1uUuANSsE/clUR1A=
103,-20,u06ecZDRuoKwmqRJ8xit4KBHEO0=,TXyupOfr2pd1uUuANSsE/clUR1A=
96,-19,u06ecZDRuoKwmqRJ8xit4KBHEO0=,TXyupOfr2pd1uUuANSsE/clUR1A=
101,-20,u06ecZDRuoKwmqRJ8xit4KBHEO0=,TXyupOfr2pd1uUuANSsE/clUR1A=
100,-20,u06ecZDRuoKwmqRJ8xit4KBHEO0=,TXyupOfr2pd1uUuANSsE/clUR1A=
100,-23,u06ecZDRuoKwmqRJ8xit4KBHEO0=,TXyupOfr2pd1uUuANSsE/clUR1A=
104,-24,u06ecZDRuoKwmqRJ8xit4KBHEO0=,1zbdJmqsA/ngoMlfoaF8wNw465A=
101,-23,u06ecZDRuoKwmqRJ8xit4KBHEO0=,TXyupOfr2pd1uUuANSsE/clUR1A=
99,-20,u06ecZDRuoKwmqRJ8xit4KBHEO0=,TXyupOfr2pd1uUuANSsE/clUR1A=
102,-23,u06ecZDRuoKwmqRJ8xit4KBHEO0=,TXyupOfr2pd1uUuANSsE/clUR1A=
103,-23,u06ecZDRuoKwmqRJ8xit4KBHEO0=,TXyupOfr2pd1uUuANSsE/clUR1A=
97,-20,u06ecZDRuoKwmqRJ8xit4KBHEO0=,TXyupOfr2pd1uUuANSsE/clUR1A=
104,-23,u06ecZDRuoKwmqRJ8xit4KBHEO0=,1zbdJmqsA/ngoMlfoaF8wNw465A=
104,-21,u06ecZDRuoKwmqRJ8xit4KBHEO0=,1zbdJmqsA/ngoMlfoaF8wNw465A=
104,-17,u06ecZDRuoKwmqRJ8xit4KBHEO0=,1zbdJmqsA/ngoMlfoaF8wNw465A=
96,-22,u06ecZDRuoKwmqRJ8xit4KBHEO0=,TXyupOfr2pd1uUuANSsE/clUR1A=
96,-20,u06ecZDRuoKwmqRJ8xit4KBHEO0=,TXyupOfr2pd1uUuANSsE/clUR1A=
97,-22,u06ecZDRuoKwmqRJ8xit4KBHEO0=,TXyupOfr2pd1uUuANSsE/clUR1A=
98,-22,u06ecZDRuoKwmqRJ8xit4KBHEO0=,TXyupOfr2pd1uUuANSsE/clUR1A=
103,-21,u06ecZDRuoKwmqRJ8xit4KBHEO0=,TXyupOfr2pd1uUuANSsE/clUR1A=
99,-22,u06ecZDRuoKwmqRJ8xit4KBHEO0=,TXyupOfr2pd1uUuANSsE/clUR1A=
100,-22,u06ecZDRuoKwmqRJ8xit4KBHEO0=,TXyupOfr2pd1uUuANSsE/clUR1A=
102,-21,u06ecZDRuoKwmqRJ8xit4KBHEO0=,TXyupOfr2pd1uUuANSsE/clUR1A=
101,-22,u06ecZDRuoKwmqRJ8xit4KBHEO0=,TXyupOfr2pd1uUuANSsE/clUR1A=
102,-22,u06ecZDRuoKwmqRJ8xit4KBHEO0=,TXyupOfr2pd1uUuANSsE/clUR1A=
101,-21,u06ecZDRuoKwmqRJ8xit4KBHEO0=,TXyupOfr2pd1uUuANSsE/clUR1A=
100,-21,u06ecZDRuoKwmqRJ8xit4KBHEO0=,TXyupOfr2pd1uUuANSsE/clUR1A=
99,-21,u06ecZDRuoKwmqRJ8xit4KBHEO0=,TXyupOfr2pd1uUuANSsE/clUR1A=
103,-22,u06ecZDRuoKwmqRJ8xit4KBHEO0=,TXyupOfr2pd1uUuANSsE/clUR1A=
96,-21,u06ecZDRuoKwmqRJ8xit4KBHEO0=,TXyupOfr2pd1uUuANSsE/clUR1A=
104,-22,u06ecZDRuoKwmqRJ8xit4KBHEO0=,1zbdJmqsA/ngoMlfoaF8wNw465A=
98,-21,u06ecZDRuoKwmqRJ8xit4KBHEO0=,TXyupOfr2pd1uUuANSsE/clUR1A=
97,-21,u06ecZDRuoKwmqRJ8xit4KBHEO0=,TXyupOfr2pd1uUuANSsE/clUR1A=
98,-20,u06ecZDRuoKwmqRJ8xit4KBHEO0=,TXyupOfr2pd1uUuANSsE/clUR1A=
108,-5,mTPi6E1ZHl9Xk/FaMZG3mDy8QLA=,mjcM0knrjANutl4QD2NkYBdJBT4=
106,-5,mTPi6E1ZHl9Xk/FaMZG3mDy8QLA=,mjcM0knrjANutl4QD2NkYBdJBT4=
107,-5,mTPi6E1ZHl9Xk/FaMZG3mDy8QLA=,mjcM0knrjANutl4QD2NkYBdJBT4=
105,-5,mTPi6E1ZHl9Xk/FaMZG3mDy8QLA=,mjcM0knrjANutl4QD2NkYBdJBT4=
110,-6,mTPi6E1ZHl9Xk/FaMZG3mDy8QLA=,mjcM0knrjANutl4QD2NkYBdJBT4=
109,-6,mTPi6E1ZHl9Xk/FaMZG3mDy8QLA=,mjcM0knrjANutl4QD2NkYBdJBT4=
108,-6,mTPi6E1ZHl9Xk/FaMZG3mDy8QLA=,mjcM0knrjANutl4QD2NkYBdJBT4=
107,-6,mTPi6E1ZHl9Xk/FaMZG3mDy8QLA=,mjcM0knrjANutl4QD2NkYBdJBT4=
105,-6,mTPi6E1ZHl9Xk/FaMZG3mDy8QLA=,mjcM0knrjANutl4QD2NkYBdJBT4=
106,-6,mTPi6E1ZHl9Xk/FaMZG3mDy8QLA=,mjcM0knrjANutl4QD2NkYBdJBT4=
108,-2,mTPi6E1ZHl9Xk/FaMZG3mDy8QLA=,mjcM0knrjANutl4QD2NkYBdJBT4=
107,-2,mTPi6E1ZHl9Xk/FaMZG3mDy8QLA=,mjcM0knrjANutl4QD2NkYBdJBT4=
110,-7,AduwfGxgau5B4nA731tcZhNYH9s=,mjcM0knrjANutl4QD2NkYBdJBT4=
109,-2,Z+d7tLs9E7Eg4n27GmcYbiF5qxU=,mjcM0knrjANutl4QD2NkYBdJBT4=
109,-7,Z+d7tLs9E7Eg4n27GmcYbiF5qxU=,mjcM0knrjANutl4QD2NkYBdJBT4=
105,-2,Z+d7tLs9E7Eg4n27GmcYbiF5qxU=,mjcM0knrjANutl4QD2NkYBdJBT4=
108,-7,Z+d7tLs9E7Eg4n27GmcYbiF5qxU=,mjcM0knrjANutl4QD2NkYBdJBT4=
107,-7,Z+d7tLs9E7Eg4n27GmcYbiF5qxU=,mjcM0knrjANutl4QD2NkYBdJBT4=
106,-7,Z+d7tLs9E7Eg4n27GmcYbiF5qxU=,mjcM0knrjANutl4QD2NkYBdJBT4=
105,-7,Z+d7tLs9E7Eg4n27GmcYbiF5qxU=,mjcM0knrjANutl4QD2NkYBdJBT4=
106,-2,gHufKeoswID2YpQifk69XGwvTaY=,mjcM0knrjANutl4QD2NkYBdJBT4=
108,-3,gHufKeoswID2YpQifk69XGwvTaY=,mjcM0knrjANutl4QD2NkYBdJBT4=
107,-3,gHufKeoswID2YpQifk69XGwvTaY=,mjcM0knrjANutl4QD2NkYBdJBT4=
109,-3,gHufKeoswID2YpQifk69XGwvTaY=,mjcM0knrjANutl4QD2NkYBdJBT4=
106,-3,gHufKeoswID2YpQifk69XGwvTaY=,mjcM0knrjANutl4QD2NkYBdJBT4=
105,-3,H094EL6nDR3vRamHOaq1ZPk2Pc0=,mjcM0knrjANutl4QD2NkYBdJBT4=
110,-4,KE2/iuzfFt18x7ACcRfs232nWjo=,mjcM0knrjANutl4QD2NkYBdJBT4=
108,-4,KE2/iuzfFt18x7ACcRfs232nWjo=,mjcM0knrjANutl4QD2NkYBdJBT4=
109,-4,KE2/iuzfFt18x7ACcRfs232nWjo=,mjcM0knrjANutl4QD2NkYBdJBT4=
107,-4,KE2/iuzfFt18x7ACcRfs232nWjo=,mjcM0knrjANutl4QD2NkYBdJBT4=
106,-4,KE2/iuzfFt18x7ACcRfs232nWjo=,mjcM0knrjANutl4QD2NkYBdJBT4=
105,-4,KE2/iuzfFt18x7ACcRfs232nWjo=,mjcM0knrjANutl4QD2NkYBdJBT4=
110,-5,KE2/iuzfFt18x7ACcRfs232nWjo=,mjcM0knrjANutl4QD2NkYBdJBT4=
109,-5,KE2/iuzfFt18x7ACcRfs232nWjo=,mjcM0knrjANutl4QD2NkYBdJBT4=
110,-3,KE2/iuzfFt18x7ACcRfs232nWjo=,mjcM0knrjANutl4QD2NkYBdJBT4=
110,-2,KE2/iuzfFt18x7ACcRfs232nWjo=,mjcM0knrjANutl4QD2NkYBdJBT4=
101,-11,KE2/iuzfFt18x7ACcRfs232nWjo=,XuOij4fbnkJnM3u+pE36NXzdtMI=
102,-11,KE2/iuzfFt18x7ACcRfs232nWjo=,XuOij4fbnkJnM3u+pE36NXzdtMI=
99,-15,KE2/iuzfFt18x7ACcRfs232nWjo=,XuOij4fbnkJnM3u+pE36NXzdtMI=
100,-15,KE2/iuzfFt18x7ACcRfs232nWjo=,XuOij4fbnkJnM3u+pE36NXzdtMI=
101,-15,KE2/iuzfFt18x7ACcRfs232nWjo=,XuOij4fbnkJnM3u+pE36NXzdtMI=
96,-10,KE2/iuzfFt18x7ACcRfs232nWjo=,XuOij4fbnkJnM3u+pE36NXzdtMI=
98,-16,KE2/iuzfFt18x7ACcRfs232nWjo=,XuOij4fbnkJnM3u+pE36NXzdtMI=
97,-12,KE2/iuzfFt18x7ACcRfs232nWjo=,XuOij4fbnkJnM3u+pE36NXzdtMI=
97,-10,KE2/iuzfFt18x7ACcRfs232nWjo=,XuOij4fbnkJnM3u+pE36NXzdtMI=
98,-12,KE2/iuzfFt18x7ACcRfs232nWjo=,XuOij4fbnkJnM3u+pE36NXzdtMI=
97,-13,KE2/iuzfFt18x7ACcRfs232nWjo=,XuOij4fbnkJnM3u+pE36NXzdtMI=
96,-15,KE2/iuzfFt18x7ACcRfs232nWjo=,XuOij4fbnkJnM3u+pE36NXzdtMI=
98,-10,KE2/iuzfFt18x7ACcRfs232nWjo=,XuOij4fbnkJnM3u+pE36NXzdtMI=
97,-14,KE2/iuzfFt18x7ACcRfs232nWjo=,XuOij4fbnkJnM3u+pE36NXzdtMI=
98,-14,KE2/iuzfFt18x7ACcRfs232nWjo=,XuOij4fbnkJnM3u+pE36NXzdtMI=
99,-14,KE2/iuzfFt18x7ACcRfs232nWjo=,XuOij4fbnkJnM3u+pE36NXzdtMI=
100,-14,KE2/iuzfFt18x7ACcRfs232nWjo=,XuOij4fbnkJnM3u+pE36NXzdtMI=
102,-14,KE2/iuzfFt18x7ACcRfs232nWjo=,XuOij4fbnkJnM3u+pE36NXzdtMI=
101,-14,KE2/iuzfFt18x7ACcRfs232nWjo=,XuOij4fbnkJnM3u+pE36NXzdtMI=
97,-15,KE2/iuzfFt18x7ACcRfs232nWjo=,XuOij4fbnkJnM3u+pE36NXzdtMI=
98,-13,KE2/iuzfFt18x7ACcRfs232nWjo=,XuOij4fbnkJnM3u+pE36NXzdtMI=
99,-10,KE2/iuzfFt18x7ACcRfs232nWjo=,XuOij4fbnkJnM3u+pE36NXzdtMI=
99,-16,KE2/iuzfFt18x7ACcRfs232nWjo=,XuOij4fbnkJnM3u+pE36NXzdtMI=
100,-16,KE2/iuzfFt18x7ACcRfs232nWjo=,XuOij4fbnkJnM3u+pE36NXzdtMI=
99,-12,KE2/iuzfFt18x7ACcRfs232nWjo=,XuOij4fbnkJnM3u+pE36NXzdtMI=
100,-12,KE2/iuzfFt18x7ACcRfs232nWjo=,XuOij4fbnkJnM3u+pE36NXzdtMI=
96,-11,KE2/iuzfFt18x7ACcRfs232nWjo=,XuOij4fbnkJnM3u+pE36NXzdtMI=
100,-10,KE2/iuzfFt18x7ACcRfs232nWjo=,XuOij4fbnkJnM3u+pE36NXzdtMI=
99,-13,KE2/iuzfFt18x7ACcRfs232nWjo=,XuOij4fbnkJnM3u+pE36NXzdtMI=
96,-13,KE2/iuzfFt18x7ACcRfs232nWjo=,XuOij4fbnkJnM3u+pE36NXzdtMI=
101,-16,KE2/iuzfFt18x7ACcRfs232nWjo=,XuOij4fbnkJnM3u+pE36NXzdtMI=
102,-16,KE2/iuzfFt18x7ACcRfs232nWjo=,XuOij4fbnkJnM3u+pE36NXzdtMI=
97,-11,KE2/iuzfFt18x7ACcRfs232nWjo=,XuOij4fbnkJnM3u+pE36NXzdtMI=
100,-13,KE2/iuzfFt18x7ACcRfs232nWjo=,XuOij4fbnkJnM3u+pE36NXzdtMI=
111,-5,KE2/iuzfFt18x7ACcRfs232nWjo=,mjcM0knrjANutl4QD2NkYBdJBT4=
111,-4,KE2/iuzfFt18x7ACcRfs232nWjo=,mjcM0knrjANutl4QD2NkYBdJBT4=
101,-10,KE2/iuzfFt18x7ACcRfs232nWjo=,XuOij4fbnkJnM3u+pE36NXzdtMI=
111,-3,KE2/iuzfFt18x7ACcRfs232nWjo=,mjcM0knrjANutl4QD2NkYBdJBT4=
102,-10,KE2/iuzfFt18x7ACcRfs232nWjo=,XuOij4fbnkJnM3u+pE36NXzdtMI=
98,-11,KE2/iuzfFt18x7ACcRfs232nWjo=,XuOij4fbnkJnM3u+pE36NXzdtMI=
111,-7,KE2/iuzfFt18x7ACcRfs232nWjo=,mjcM0knrjANutl4QD2NkYBdJBT4=
101,-12,KE2/iuzfFt18x7ACcRfs232nWjo=,XuOij4fbnkJnM3u+pE36NXzdtMI=
101,-13,KE2/iuzfFt18x7ACcRfs232nWjo=,XuOij4fbnkJnM3u+pE36NXzdtMI=
102,-13,KE2/iuzfFt18x7ACcRfs232nWjo=,XuOij4fbnkJnM3u+pE36NXzdtMI=
99,-11,KE2/iuzfFt18x7ACcRfs232nWjo=,XuOij4fbnkJnM3u+pE36NXzdtMI=
97,-16,KE2/iuzfFt18x7ACcRfs232nWjo=,XuOij4fbnkJnM3u+pE36NXzdtMI=
111,-2,KE2/iuzfFt18x7ACcRfs232nWjo=,mjcM0knrjANutl4QD2NkYBdJBT4=
96,-12,KE2/iuzfFt18x7ACcRfs232nWjo=,XuOij4fbnkJnM3u+pE36NXzdtMI=
102,-12,KE2/iuzfFt18x7ACcRfs232nWjo=,XuOij4fbnkJnM3u+pE36NXzdtMI=
98,-15,KE2/iuzfFt18x7ACcRfs232nWjo=,XuOij4fbnkJnM3u+pE36NXzdtMI=
111,-6,KE2/iuzfFt18x7ACcRfs232nWjo=,mjcM0knrjANutl4QD2NkYBdJBT4=
102,-15,KE2/iuzfFt18x7ACcRfs232nWjo=,XuOij4fbnkJnM3u+pE36NXzdtMI=
96,-14,KE2/iuzfFt18x7ACcRfs232nWjo=,XuOij4fbnkJnM3u+pE36NXzdtMI=
100,-11,KE2/iuzfFt18x7ACcRfs232nWjo=,XuOij4fbnkJnM3u+pE36NXzdtMI=
96,-16,KE2/iuzfFt18x7ACcRfs232nWjo=,XuOij4fbnkJnM3u+pE36NXzdtMI=
105,-1,KE2/iuzfFt18x7ACcRfs232nWjo=,mjcM0knrjANutl4QD2NkYBdJBT4=
106,-1,KE2/iuzfFt18x7ACcRfs232nWjo=,mjcM0knrjANutl4QD2NkYBdJBT4=
108,-1,KE2/iuzfFt18x7ACcRfs232nWjo=,mjcM0knrjANutl4QD2NkYBdJBT4=
107,-1,KE2/iuzfFt18x7ACcRfs232nWjo=,mjcM0knrjANutl4QD2NkYBdJBT4=
109,-1,KE2/iuzfFt18x7ACcRfs232nWjo=,mjcM0knrjANutl4QD2NkYBdJBT4=
111,-1,KE2/iuzfFt18x7ACcRfs232nWjo=,mjcM0knrjANutl4QD2NkYBdJBT4=
110,-1,KE2/iuzfFt18x7ACcRfs232nWjo=,mjcM0knrjANutl4QD2NkYBdJBT4=
103,-11,KE2/iuzfFt18x7ACcRfs232nWjo=,XuOij4fbnkJnM3u+pE36NXzdtMI=
108,-13,KE2/iuzfFt18x7ACcRfs232nWjo=,Cw0l2yNqpECgmgPVLc7F3qLlS54=
107,-13,KE2/iuzfFt18x7ACcRfs232nWjo=,Cw0l2yNqpECgmgPVLc7F3qLlS54=
110,-9,KE2/iuzfFt18x7ACcRfs232nWjo=,Cw0l2yNqpECgmgPVLc7F3qLlS54=
106,-13,KE2/iuzfFt18x7ACcRfs232nWjo=,Cw0l2yNqpECgmgPVLc7F3qLlS54=
103,-15,KE2/iuzfFt18x7ACcRfs232nWjo=,XuOij4fbnkJnM3u+pE36NXzdtMI=
109,-9,KE2/iuzfFt18x7ACcRfs232nWjo=,Cw0l2yNqpECgmgPVLc7F3qLlS54=
105,-13,KE2/iuzfFt18x7ACcRfs232nWjo=,Cw0l2yNqpECgmgPVLc7F3qLlS54=
108,-9,KE2/iuzfFt18x7ACcRfs232nWjo=,Cw0l2yNqpECgmgPVLc7F3qLlS54=
104,-13,KE2/iuzfFt18x7ACcRfs232nWjo=,Cw0l2yNqpECgmgPVLc7F3qLlS54=
111,-14,KE2/iuzfFt18x7ACcRfs232nWjo=,Cw0l2yNqpECgmgPVLc7F3qLlS54=
108,-14,KE2/iuzfFt18x7ACcRfs232nWjo=,Cw0l2yNqpECgmgPVLc7F3qLlS54=
111,-9,KE2/iuzfFt18x7ACcRfs232nWjo=,Cw0l2yNqpECgmgPVLc7F3qLlS54=
107,-14,KE2/iuzfFt18x7ACcRfs232nWjo=,Cw0l2yNqpECgmgPVLc7F3qLlS54=
107,-9,KE2/iuzfFt18x7ACcRfs232nWjo=,Cw0l2yNqpECgmgPVLc7F3qLlS54=
106,-14,KE2/iuzfFt18x7ACcRfs232nWjo=,Cw0l2yNqpECgmgPVLc7F3qLlS54=
104,-14,KE2/iuzfFt18x7ACcRfs232nWjo=,Cw0l2yNqpECgmgPVLc7F3qLlS54=
105,-14,KE2/iuzfFt18x7ACcRfs232nWjo=,Cw0l2yNqpECgmgPVLc7F3qLlS54=
109,-14,KE2/iuzfFt18x7ACcRfs232nWjo=,Cw0l2yNqpECgmgPVLc7F3qLlS54=
109,-15,KE2/iuzfFt18x7ACcRfs232nWjo=,Cw0l2yNqpECgmgPVLc7F3qLlS54=
111,-15,KE2/iuzfFt18x7ACcRfs232nWjo=,Cw0l2yNqpECgmgPVLc7F3qLlS54=
108,-15,KE2/iuzfFt18x7ACcRfs232nWjo=,Cw0l2yNqpECgmgPVLc7F3qLlS54=
107,-15,KE2/iuzfFt18x7ACcRfs232nWjo=,Cw0l2yNqpECgmgPVLc7F3qLlS54=
105,-15,KE2/iuzfFt18x7ACcRfs232nWjo=,Cw0l2yNqpECgmgPVLc7F3qLlS54=
106,-15,KE2/iuzfFt18x7ACcRfs232nWjo=,Cw0l2yNqpECgmgPVLc7F3qLlS54=
104,-15,KE2/iuzfFt18x7ACcRfs232nWjo=,Cw0l2yNqpECgmgPVLc7F3qLlS54=
110,-15,KE2/iuzfFt18x7ACcRfs232nWjo=,Cw0l2yNqpECgmgPVLc7F3qLlS54=
109,-16,KE2/iuzfFt18x7ACcRfs232nWjo=,Cw0l2yNqpECgmgPVLc7F3qLlS54=
107,-16,KE2/iuzfFt18x7ACcRfs232nWjo=,Cw0l2yNqpECgmgPVLc7F3qLlS54=
108,-16,KE2/iuzfFt18x7ACcRfs232nWjo=,Cw0l2yNqpECgmgPVLc7F3qLlS54=
106,-9,KE2/iuzfFt18x7ACcRfs232nWjo=,Cw0l2yNqpECgmgPVLc7F3qLlS54=
105,-16,KE2/iuzfFt18x7ACcRfs232nWjo=,Cw0l2yNqpECgmgPVLc7F3qLlS54=
106,-16,KE2/iuzfFt18x7ACcRfs232nWjo=,Cw0l2yNqpECgmgPVLc7F3qLlS54=
103,-13,KE2/iuzfFt18x7ACcRfs232nWjo=,XuOij4fbnkJnM3u+pE36NXzdtMI=
105,-9,KE2/iuzfFt18x7ACcRfs232nWjo=,Cw0l2yNqpECgmgPVLc7F3qLlS54=
104,-16,KE2/iuzfFt18x7ACcRfs232nWjo=,Cw0l2yNqpECgmgPVLc7F3qLlS54=
111,-10,KE2/iuzfFt18x7ACcRfs232nWjo=,Cw0l2yNqpECgmgPVLc7F3qLlS54=
103,-10,KE2/iuzfFt18x7ACcRfs232nWjo=,XuOij4fbnkJnM3u+pE36NXzdtMI=
110,-10,KE2/iuzfFt18x7ACcRfs232nWjo=,Cw0l2yNqpECgmgPVLc7F3qLlS54=
109,-10,KE2/iuzfFt18x7ACcRfs232nWjo=,Cw0l2yNqpECgmgPVLc7F3qLlS54=
108,-10,KE2/iuzfFt18x7ACcRfs232nWjo=,Cw0l2yNqpECgmgPVLc7F3qLlS54=
109,-13,KE2/iuzfFt18x7ACcRfs232nWjo=,Cw0l2yNqpECgmgPVLc7F3qLlS54=
106,-10,KE2/iuzfFt18x7ACcRfs232nWjo=,Cw0l2yNqpECgmgPVLc7F3qLlS54=
103,-16,KE2/iuzfFt18x7ACcRfs232nWjo=,XuOij4fbnkJnM3u+pE36NXzdtMI=
105,-10,KE2/iuzfFt18x7ACcRfs232nWjo=,Cw0l2yNqpECgmgPVLc7F3qLlS54=
111,-8,KE2/iuzfFt18x7ACcRfs232nWjo=,mjcM0knrjANutl4QD2NkYBdJBT4=
110,-13,KE2/iuzfFt18x7ACcRfs232nWjo=,Cw0l2yNqpECgmgPVLc7F3qLlS54=
111,-16,KE2/iuzfFt18x7ACcRfs232nWjo=,Cw0l2yNqpECgmgPVLc7F3qLlS54=
110,-16,KE2/iuzfFt18x7ACcRfs232nWjo=,Cw0l2yNqpECgmgPVLc7F3qLlS54=
111,-11,KE2/iuzfFt18x7ACcRfs232nWjo=,Cw0l2yNqpECgmgPVLc7F3qLlS54=
110,-8,KE2/iuzfFt18x7ACcRfs232nWjo=,mjcM0knrjANutl4QD2NkYBdJBT4=
107,-10,KE2/iuzfFt18x7ACcRfs232nWjo=,Cw0l2yNqpECgmgPVLc7F3qLlS54=
109,-11,KE2/iuzfFt18x7ACcRfs232nWjo=,Cw0l2yNqpECgmgPVLc7F3qLlS54=
109,-8,KE2/iuzfFt18x7ACcRfs232nWjo=,mjcM0knrjANutl4QD2NkYBdJBT4=
108,-8,KE2/iuzfFt18x7ACcRfs232nWjo=,mjcM0knrjANutl4QD2NkYBdJBT4=
104,-12,KE2/iuzfFt18x7ACcRfs232nWjo=,Cw0l2yNqpECgmgPVLc7F3qLlS54=
111,-13,KE2/iuzfFt18x7ACcRfs232nWjo=,Cw0l2yNqpECgmgPVLc7F3qLlS54=
105,-12,KE2/iuzfFt18x7ACcRfs232nWjo=,Cw0l2yNqpECgmgPVLc7F3qLlS54=
107,-8,KE2/iuzfFt18x7ACcRfs232nWjo=,mjcM0knrjANutl4QD2NkYBdJBT4=
104,-10,KE2/iuzfFt18x7ACcRfs232nWjo=,Cw0l2yNqpECgmgPVLc7F3qLlS54=
106,-8,KE2/iuzfFt18x7ACcRfs232nWjo=,mjcM0knrjANutl4QD2NkYBdJBT4=
105,-8,KE2/iuzfFt18x7ACcRfs232nWjo=,mjcM0knrjANutl4QD2NkYBdJBT4=
106,-12,KE2/iuzfFt18x7ACcRfs232nWjo=,Cw0l2yNqpECgmgPVLc7F3qLlS54=
107,-11,KE2/iuzfFt18x7ACcRfs232nWjo=,Cw0l2yNqpECgmgPVLc7F3qLlS54=
107,-12,KE2/iuzfFt18x7ACcRfs232nWjo=,Cw0l2yNqpECgmgPVLc7F3qLlS54=
106,-11,KE2/iuzfFt18x7ACcRfs232nWjo=,Cw0l2yNqpECgmgPVLc7F3qLlS54=
110,-11,KE2/iuzfFt18x7ACcRfs232nWjo=,Cw0l2yNqpECgmgPVLc7F3qLlS54=
104,-11,KE2/iuzfFt18x7ACcRfs232nWjo=,Cw0l2yNqpECgmgPVLc7F3qLlS54=
103,-12,KE2/iuzfFt18x7ACcRfs232nWjo=,XuOij4fbnkJnM3u+pE36NXzdtMI=
111,-12,KE2/iuzfFt18x7ACcRfs232nWjo=,Cw0l2yNqpECgmgPVLc7F3qLlS54=
110,-12,KE2/iuzfFt18x7ACcRfs232nWjo=,Cw0l2yNqpECgmgPVLc7F3qLlS54=
103,-14,KE2/iuzfFt18x7ACcRfs232nWjo=,XuOij4fbnkJnM3u+pE36NXzdtMI=
110,-14,KE2/iuzfFt18x7ACcRfs232nWjo=,Cw0l2yNqpECgmgPVLc7F3qLlS54=
108,-12,KE2/iuzfFt18x7ACcRfs232nWjo=,Cw0l2yNqpECgmgPVLc7F3qLlS54=
105,-11,KE2/iuzfFt18x7ACcRfs232nWjo=,Cw0l2yNqpECgmgPVLc7F3qLlS54=
109,-12,KE2/iuzfFt18x7ACcRfs232nWjo=,Cw0l2yNqpECgmgPVLc7F3qLlS54=
100,-9,KE2/iuzfFt18x7ACcRfs232nWjo=,XuOij4fbnkJnM3u+pE36NXzdtMI=
108,-11,KE2/iuzfFt18x7ACcRfs232nWjo=,Cw0l2yNqpECgmgPVLc7F3qLlS54=
104,-5,KE2/iuzfFt18x7ACcRfs232nWjo=,mjcM0knrjANutl4QD2NkYBdJBT4=
101,-9,KE2/iuzfFt18x7ACcRfs232nWjo=,XuOij4fbnkJnM3u+pE36NXzdtMI=
102,-9,KE2/iuzfFt18x7ACcRfs232nWjo=,XuOij4fbnkJnM3u+pE36NXzdtMI=
104,-1,KE2/iuzfFt18x7ACcRfs232nWjo=,mjcM0knrjANutl4QD2NkYBdJBT4=
99,-9,KE2/iuzfFt18x7ACcRfs232nWjo=,XuOij4fbnkJnM3u+pE36NXzdtMI=
98,-9,KE2/iuzfFt18x7ACcRfs232nWjo=,XuOij4fbnkJnM3u+pE36NXzdtMI=
99,-3,KE2/iuzfFt18x7ACcRfs232nWjo=,JsBakq0Xu2JPw35LJLKwkZjX3Ws=
103,-9,KE2/iuzfFt18x7ACcRfs232nWjo=,XuOij4fbnkJnM3u+pE36NXzdtMI=
100,-3,KE2/iuzfFt18x7ACcRfs232nWjo=,JsBakq0Xu2JPw35LJLKwkZjX3Ws=
97,-8,KE2/iuzfFt18x7ACcRfs232nWjo=,JsBakq0Xu2JPw35LJLKwkZjX3Ws=
96,-8,KE2/iuzfFt18x7ACcRfs232nWjo=,JsBakq0Xu2JPw35LJLKwkZjX3Ws=
101,-3,KE2/iuzfFt18x7ACcRfs232nWjo=,JsBakq0Xu2JPw35LJLKwkZjX3Ws=
102,-3,KE2/iuzfFt18x7ACcRfs232nWjo=,JsBakq0Xu2JPw35LJLKwkZjX3Ws=
103,-3,KE2/iuzfFt18x7ACcRfs232nWjo=,JsBakq0Xu2JPw35LJLKwkZjX3Ws=
98,-3,KE2/iuzfFt18x7ACcRfs232nWjo=,JsBakq0Xu2JPw35LJLKwkZjX3Ws=
97,-3,KE2/iuzfFt18x7ACcRfs232nWjo=,JsBakq0Xu2JPw35LJLKwkZjX3Ws=
96,-3,KE2/iuzfFt18x7ACcRfs232nWjo=,JsBakq0Xu2JPw35LJLKwkZjX3Ws=
103,-4,KE2/iuzfFt18x7ACcRfs232nWjo=,JsBakq0Xu2JPw35LJLKwkZjX3Ws=
97,-9,KE2/iuzfFt18x7ACcRfs232nWjo=,XuOij4fbnkJnM3u+pE36NXzdtMI=
102,-4,KE2/iuzfFt18x7ACcRfs232nWjo=,JsBakq0Xu2JPw35LJLKwkZjX3Ws=
96,-9,KE2/iuzfFt18x7ACcRfs232nWjo=,XuOij4fbnkJnM3u+pE36NXzdtMI=
101,-4,KE2/iuzfFt18x7ACcRfs232nWjo=,JsBakq0Xu2JPw35LJLKwkZjX3Ws=
100,-4,KE2/iuzfFt18x7ACcRfs232nWjo=,JsBakq0Xu2JPw35LJLKwkZjX3Ws=
99,-4,KE2/iuzfFt18x7ACcRfs232nWjo=,JsBakq0Xu2JPw35LJLKwkZjX3Ws=
98,-4,KE2/iuzfFt18x7ACcRfs232nWjo=,JsBakq0Xu2JPw35LJLKwkZjX3Ws=
97,-4,KE2/iuzfFt18x7ACcRfs232nWjo=,JsBakq0Xu2JPw35LJLKwkZjX3Ws=
96,-4,KE2/iuzfFt18x7ACcRfs232nWjo=,JsBakq0Xu2JPw35LJLKwkZjX3Ws=
96,-2,KE2/iuzfFt18x7ACcRfs232nWjo=,JsBakq0Xu2JPw35LJLKwkZjX3Ws=
99,-8,KE2/iuzfFt18x7ACcRfs232nWjo=,JsBakq0Xu2JPw35LJLKwkZjX3Ws=
98,-8,KE2/iuzfFt18x7ACcRfs232nWjo=,JsBakq0Xu2JPw35LJLKwkZjX3Ws=
100,-8,KE2/iuzfFt18x7ACcRfs232nWjo=,JsBakq0Xu2JPw35LJLKwkZjX3Ws=
101,-8,KE2/iuzfFt18x7ACcRfs232nWjo=,JsBakq0Xu2JPw35LJLKwkZjX3Ws=
104,-9,KE2/iuzfFt18x7ACcRfs232nWjo=,Cw0l2yNqpECgmgPVLc7F3qLlS54=
103,-5,KE2/iuzfFt18x7ACcRfs232nWjo=,JsBakq0Xu2JPw35LJLKwkZjX3Ws=
102,-5,KE2/iuzfFt18x7ACcRfs232nWjo=,JsBakq0Xu2JPw35LJLKwkZjX3Ws=
104,-6,KE2/iuzfFt18x7ACcRfs232nWjo=,mjcM0knrjANutl4QD2NkYBdJBT4=
101,-5,KE2/iuzfFt18x7ACcRfs232nWjo=,JsBakq0Xu2JPw35LJLKwkZjX3Ws=
100,-5,KE2/iuzfFt18x7ACcRfs232nWjo=,JsBakq0Xu2JPw35LJLKwkZjX3Ws=
99,-5,KE2/iuzfFt18x7ACcRfs232nWjo=,JsBakq0Xu2JPw35LJLKwkZjX3Ws=
97,-2,KE2/iuzfFt18x7ACcRfs232nWjo=,JsBakq0Xu2JPw35LJLKwkZjX3Ws=
98,-5,KE2/iuzfFt18x7ACcRfs232nWjo=,JsBakq0Xu2JPw35LJLKwkZjX3Ws=
102,-8,KE2/iuzfFt18x7ACcRfs232nWjo=,JsBakq0Xu2JPw35LJLKwkZjX3Ws=
97,-5,KE2/iuzfFt18x7ACcRfs232nWjo=,JsBakq0Xu2JPw35LJLKwkZjX3Ws=
98,-2,KE2/iuzfFt18x7ACcRfs232nWjo=,JsBakq0Xu2JPw35LJLKwkZjX3Ws=
103,-8,KE2/iuzfFt18x7ACcRfs232nWjo=,JsBakq0Xu2JPw35LJLKwkZjX3Ws=
99,-2,KE2/iuzfFt18x7ACcRfs232nWjo=,JsBakq0Xu2JPw35LJLKwkZjX3Ws=
104,-4,KE2/iuzfFt18x7ACcRfs232nWjo=,mjcM0knrjANutl4QD2NkYBdJBT4=
96,-5,KE2/iuzfFt18x7ACcRfs232nWjo=,JsBakq0Xu2JPw35LJLKwkZjX3Ws=
103,-6,KE2/iuzfFt18x7ACcRfs232nWjo=,JsBakq0Xu2JPw35LJLKwkZjX3Ws=
102,-6,KE2/iuzfFt18x7ACcRfs232nWjo=,JsBakq0Xu2JPw35LJLKwkZjX3Ws=
101,-6,KE2/iuzfFt18x7ACcRfs232nWjo=,JsBakq0Xu2JPw35LJLKwkZjX3Ws=
100,-6,KE2/iuzfFt18x7ACcRfs232nWjo=,JsBakq0Xu2JPw35LJLKwkZjX3Ws=
104,-7,KE2/iuzfFt18x7ACcRfs232nWjo=,mjcM0knrjANutl4QD2NkYBdJBT4=
100,-2,KE2/iuzfFt18x7ACcRfs232nWjo=,JsBakq0Xu2JPw35LJLKwkZjX3Ws=
102,-2,KE2/iuzfFt18x7ACcRfs232nWjo=,JsBakq0Xu2JPw35LJLKwkZjX3Ws=
101,-2,KE2/iuzfFt18x7ACcRfs232nWjo=,JsBakq0Xu2JPw35LJLKwkZjX3Ws=
103,-2,KE2/iuzfFt18x7ACcRfs232nWjo=,JsBakq0Xu2JPw35LJLKwkZjX3Ws=
96,-7,KE2/iuzfFt18x7ACcRfs232nWjo=,JsBakq0Xu2JPw35LJLKwkZjX3Ws=
97,-7,KE2/iuzfFt18x7ACcRfs232nWjo=,JsBakq0Xu2JPw35LJLKwkZjX3Ws=
99,-6,KE2/iuzfFt18x7ACcRfs232nWjo=,JsBakq0Xu2JPw35LJLKwkZjX3Ws=
98,-7,KE2/iuzfFt18x7ACcRfs232nWjo=,JsBakq0Xu2JPw35LJLKwkZjX3Ws=
98,-6,KE2/iuzfFt18x7ACcRfs232nWjo=,JsBakq0Xu2JPw35LJLKwkZjX3Ws=
97,-6,KE2/iuzfFt18x7ACcRfs232nWjo=,JsBakq0Xu2JPw35LJLKwkZjX3Ws=
96,-1,KE2/iuzfFt18x7ACcRfs232nWjo=,JsBakq0Xu2JPw35LJLKwkZjX3Ws=
104,-2,KE2/iuzfFt18x7ACcRfs232nWjo=,mjcM0knrjANutl4QD2NkYBdJBT4=
96,-6,KE2/iuzfFt18x7ACcRfs232nWjo=,JsBakq0Xu2JPw35LJLKwkZjX3Ws=
103,-7,KE2/iuzfFt18x7ACcRfs232nWjo=,JsBakq0Xu2JPw35LJLKwkZjX3Ws=
102,-7,KE2/iuzfFt18x7ACcRfs232nWjo=,JsBakq0Xu2JPw35LJLKwkZjX3Ws=
104,-3,KE2/iuzfFt18x7ACcRfs232nWjo=,mjcM0knrjANutl4QD2NkYBdJBT4=
104,-8,KE2/iuzfFt18x7ACcRfs232nWjo=,mjcM0knrjANutl4QD2NkYBdJBT4=
103,-1,KE2/iuzfFt18x7ACcRfs232nWjo=,JsBakq0Xu2JPw35LJLKwkZjX3Ws=
102,-1,KE2/iuzfFt18x7ACcRfs232nWjo=,JsBakq0Xu2JPw35LJLKwkZjX3Ws=
101,-7,KE2/iuzfFt18x7ACcRfs232nWjo=,JsBakq0Xu2JPw35LJLKwkZjX3Ws=
101,-1,KE2/iuzfFt18x7ACcRfs232nWjo=,JsBakq0Xu2JPw35LJLKwkZjX3Ws=
100,-7,KE2/iuzfFt18x7ACcRfs232nWjo=,JsBakq0Xu2JPw35LJLKwkZjX3Ws=
99,-7,KE2/iuzfFt18x7ACcRfs232nWjo=,JsBakq0Xu2JPw35LJLKwkZjX3Ws=
100,-1,KE2/iuzfFt18x7ACcRfs232nWjo=,JsBakq0Xu2JPw35LJLKwkZjX3Ws=
97,-1,KE2/iuzfFt18x7ACcRfs232nWjo=,JsBakq0Xu2JPw35LJLKwkZjX3Ws=
99,-1,KE2/iuzfFt18x7ACcRfs232nWjo=,JsBakq0Xu2JPw35LJLKwkZjX3Ws=
98,-1,KE2/iuzfFt18x7ACcRfs232nWjo=,JsBakq0Xu2JPw35LJLKwkZjX3Ws=
121,-15,bINbLhSCbxdOKJ0UdR0WY7bpyZ8=,FioYKnluvFHX0Mr9YPI5JXwqnAk=
122,-15,yrJ8PQiiFAT5UuVjW+32UXPWREI=,FioYKnluvFHX0Mr9YPI5JXwqnAk=
126,-10,yrJ8PQiiFAT5UuVjW+32UXPWREI=,FioYKnluvFHX0Mr9YPI5JXwqnAk=
125,-10,yrJ8PQiiFAT5UuVjW+32UXPWREI=,FioYKnluvFHX0Mr9YPI5JXwqnAk=
124,-10,yrJ8PQiiFAT5UuVjW+32UXPWREI=,FioYKnluvFHX0Mr9YPI5JXwqnAk=
123,-10,yrJ8PQiiFAT5UuVjW+32UXPWREI=,FioYKnluvFHX0Mr9YPI5JXwqnAk=
122,-10,yrJ8PQiiFAT5UuVjW+32UXPWREI=,FioYKnluvFHX0Mr9YPI5JXwqnAk=
121,-10,yrJ8PQiiFAT5UuVjW+32UXPWREI=,FioYKnluvFHX0Mr9YPI5JXwqnAk=
126,-11,yrJ8PQiiFAT5UuVjW+32UXPWREI=,FioYKnluvFHX0Mr9YPI5JXwqnAk=
125,-11,yrJ8PQiiFAT5UuVjW+32UXPWREI=,FioYKnluvFHX0Mr9YPI5JXwqnAk=
123,-11,yrJ8PQiiFAT5UuVjW+32UXPWREI=,FioYKnluvFHX0Mr9YPI5JXwqnAk=
124,-11,yrJ8PQiiFAT5UuVjW+32UXPWREI=,FioYKnluvFHX0Mr9YPI5JXwqnAk=
122,-11,yrJ8PQiiFAT5UuVjW+32UXPWREI=,FioYKnluvFHX0Mr9YPI5JXwqnAk=
121,-11,yrJ8PQiiFAT5UuVjW+32UXPWREI=,FioYKnluvFHX0Mr9YPI5JXwqnAk=
126,-12,yrJ8PQiiFAT5UuVjW+32UXPWREI=,FioYKnluvFHX0Mr9YPI5JXwqnAk=
125,-12,yrJ8PQiiFAT5UuVjW+32UXPWREI=,FioYKnluvFHX0Mr9YPI5JXwqnAk=
124,-12,yrJ8PQiiFAT5UuVjW+32UXPWREI=,FioYKnluvFHX0Mr9YPI5JXwqnAk=
122,-12,yrJ8PQiiFAT5UuVjW+32UXPWREI=,FioYKnluvFHX0Mr9YPI5JXwqnAk=
123,-12,yrJ8PQiiFAT5UuVjW+32UXPWREI=,FioYKnluvFHX0Mr9YPI5JXwqnAk=
121,-12,yrJ8PQiiFAT5UuVjW+32UXPWREI=,FioYKnluvFHX0Mr9YPI5JXwqnAk=
126,-13,yrJ8PQiiFAT5UuVjW+32UXPWREI=,FioYKnluvFHX0Mr9YPI5JXwqnAk=
125,-13,IU3Hl/pv2lPbBcxjbrdWDoRyU6w=,FioYKnluvFHX0Mr9YPI5JXwqnAk=
124,-13,IU3Hl/pv2lPbBcxjbrdWDoRyU6w=,FioYKnluvFHX0Mr9YPI5JXwqnAk=
123,-13,hC/V2kHirVVCSF8NoM6+O6K2xXw=,FioYKnluvFHX0Mr9YPI5JXwqnAk=
122,-13,hC/V2kHirVVCSF8NoM6+O6K2xXw=,FioYKnluvFHX0Mr9YPI5JXwqnAk=
121,-13,Y6Y/x5T+ALfna9kQDSSuzH5hG+4=,FioYKnluvFHX0Mr9YPI5JXwqnAk=
126,-14,CyVT/ZXlzevPSvdonMm+tVSad1U=,FioYKnluvFHX0Mr9YPI5JXwqnAk=
125,-14,CyVT/ZXlzevPSvdonMm+tVSad1U=,FioYKnluvFHX0Mr9YPI5JXwqnAk=
124,-14,CyVT/ZXlzevPSvdonMm+tVSad1U=,FioYKnluvFHX0Mr9YPI5JXwqnAk=
123,-14,sXEqLcNGC5LkFTvpbQFw19Sdxs0=,FioYKnluvFHX0Mr9YPI5JXwqnAk=
121,-14,sXEqLcNGC5LkFTvpbQFw19Sdxs0=,FioYKnluvFHX0Mr9YPI5JXwqnAk=
122,-14,sXEqLcNGC5LkFTvpbQFw19Sdxs0=,FioYKnluvFHX0Mr9YPI5JXwqnAk=
126,-15,sXEqLcNGC5LkFTvpbQFw19Sdxs0=,FioYKnluvFHX0Mr9YPI5JXwqnAk=
125,-15,sXEqLcNGC5LkFTvpbQFw19Sdxs0=,FioYKnluvFHX0Mr9YPI5JXwqnAk=
124,-15,sXEqLcNGC5LkFTvpbQFw19Sdxs0=,FioYKnluvFHX0Mr9YPI5JXwqnAk=
123,-15,sXEqLcNGC5LkFTvpbQFw19Sdxs0=,FioYKnluvFHX0Mr9YPI5JXwqnAk=
127,-15,sXEqLcNGC5LkFTvpbQFw19Sdxs0=,FioYKnluvFHX0Mr9YPI5JXwqnAk=
127,-13,sXEqLcNGC5LkFTvpbQFw19Sdxs0=,FioYKnluvFHX0Mr9YPI5JXwqnAk=
127,-14,sXEqLcNGC5LkFTvpbQFw19Sdxs0=,FioYKnluvFHX0Mr9YPI5JXwqnAk=
127,-10,sXEqLcNGC5LkFTvpbQFw19Sdxs0=,FioYKnluvFHX0Mr9YPI5JXwqnAk=
127,-11,sXEqLcNGC5LkFTvpbQFw19Sdxs0=,FioYKnluvFHX0Mr9YPI5JXwqnAk=
127,-12,sXEqLcNGC5LkFTvpbQFw19Sdxs0=,FioYKnluvFHX0Mr9YPI5JXwqnAk=
122,-16,sXEqLcNGC5LkFTvpbQFw19Sdxs0=,FioYKnluvFHX0Mr9YPI5JXwqnAk=
121,-16,sXEqLcNGC5LkFTvpbQFw19Sdxs0=,FioYKnluvFHX0Mr9YPI5JXwqnAk=
123,-16,sXEqLcNGC5LkFTvpbQFw19Sdxs0=,FioYKnluvFHX0Mr9YPI5JXwqnAk=
125,-16,sXEqLcNGC5LkFTvpbQFw19Sdxs0=,FioYKnluvFHX0Mr9YPI5JXwqnAk=
124,-16,sXEqLcNGC5LkFTvpbQFw19Sdxs0=,FioYKnluvFHX0Mr9YPI5JXwqnAk=
126,-16,sXEqLcNGC5LkFTvpbQFw19Sdxs0=,FioYKnluvFHX0Mr9YPI5JXwqnAk=
116,-11,sXEqLcNGC5LkFTvpbQFw19Sdxs0=,8dJMgjMXZvPIXuB/Es5UXH25JbQ=
117,-11,sXEqLcNGC5LkFTvpbQFw19Sdxs0=,8dJMgjMXZvPIXuB/Es5UXH25JbQ=
118,-11,sXEqLcNGC5LkFTvpbQFw19Sdxs0=,8dJMgjMXZvPIXuB/Es5UXH25JbQ=
119,-11,sXEqLcNGC5LkFTvpbQFw19Sdxs0=,8dJMgjMXZvPIXuB/Es5UXH25JbQ=
127,-16,sXEqLcNGC5LkFTvpbQFw19Sdxs0=,FioYKnluvFHX0Mr9YPI5JXwqnAk=
120,-16,sXEqLcNGC5LkFTvpbQFw19Sdxs0=,FioYKnluvFHX0Mr9YPI5JXwqnAk=
115,-11,sXEqLcNGC5LkFTvpbQFw19Sdxs0=,8dJMgjMXZvPIXuB/Es5UXH25JbQ=
114,-11,sXEqLcNGC5LkFTvpbQFw19Sdxs0=,8dJMgjMXZvPIXuB/Es5UXH25JbQ=
113,-11,sXEqLcNGC5LkFTvpbQFw19Sdxs0=,8dJMgjMXZvPIXuB/Es5UXH25JbQ=
119,-12,sXEqLcNGC5LkFTvpbQFw19Sdxs0=,8dJMgjMXZvPIXuB/Es5UXH25JbQ=
112,-11,sXEqLcNGC5LkFTvpbQFw19Sdxs0=,8dJMgjMXZvPIXuB/Es5UXH25JbQ=
118,-12,sXEqLcNGC5LkFTvpbQFw19Sdxs0=,8dJMgjMXZvPIXuB/Es5UXH25JbQ=
117,-12,sXEqLcNGC5LkFTvpbQFw19Sdxs0=,8dJMgjMXZvPIXuB/Es5UXH25JbQ=
116,-12,sXEqLcNGC5LkFTvpbQFw19Sdxs0=,8dJMgjMXZvPIXuB/Es5UXH25JbQ=
115,-12,sXEqLcNGC5LkFTvpbQFw19Sdxs0=,8dJMgjMXZvPIXuB/Es5UXH25JbQ=
114,-12,sXEqLcNGC5LkFTvpbQFw19Sdxs0=,8dJMgjMXZvPIXuB/Es5UXH25JbQ=
112,-10,sXEqLcNGC5LkFTvpbQFw19Sdxs0=,8dJMgjMXZvPIXuB/Es5UXH25JbQ=
113,-10,sXEqLcNGC5LkFTvpbQFw19Sdxs0=,8dJMgjMXZvPIXuB/Es5UXH25JbQ=
114,-10,sXEqLcNGC5LkFTvpbQFw19Sdxs0=,8dJMgjMXZvPIXuB/Es5UXH25JbQ=
115,-10,sXEqLcNGC5LkFTvpbQFw19Sdxs0=,8dJMgjMXZvPIXuB/Es5UXH25JbQ=
120,-15,sXEqLcNGC5LkFTvpbQFw19Sdxs0=,FioYKnluvFHX0Mr9YPI5JXwqnAk=
113,-12,sXEqLcNGC5LkFTvpbQFw19Sdxs0=,8dJMgjMXZvPIXuB/Es5UXH25JbQ=
112,-12,sXEqLcNGC5LkFTvpbQFw19Sdxs0=,8dJMgjMXZvPIXuB/Es5UXH25JbQ=
120,-10,sXEqLcNGC5LkFTvpbQFw19Sdxs0=,FioYKnluvFHX0Mr9YPI5JXwqnAk=
119,-13,sXEqLcNGC5LkFTvpbQFw19Sdxs0=,8dJMgjMXZvPIXuB/Es5UXH25JbQ=
118,-13,sXEqLcNGC5LkFTvpbQFw19Sdxs0=,8dJMgjMXZvPIXuB/Es5UXH25JbQ=
117,-13,sXEqLcNGC5LkFTvpbQFw19Sdxs0=,8dJMgjMXZvPIXuB/Es5UXH25JbQ=
116,-13,sXEqLcNGC5LkFTvpbQFw19Sdxs0=,8dJMgjMXZvPIXuB/Es5UXH25JbQ=
115,-13,sXEqLcNGC5LkFTvpbQFw19Sdxs0=,8dJMgjMXZvPIXuB/Es5UXH25JbQ=
114,-13,sXEqLcNGC5LkFTvpbQFw19Sdxs0=,8dJMgjMXZvPIXuB/Es5UXH25JbQ=
113,-13,sXEqLcNGC5LkFTvpbQFw19Sdxs0=,8dJMgjMXZvPIXuB/Es5UXH25JbQ=
120,-11,sXEqLcNGC5LkFTvpbQFw19Sdxs0=,FioYKnluvFHX0Mr9YPI5JXwqnAk=
112,-16,sXEqLcNGC5LkFTvpbQFw19Sdxs0=,8dJMgjMXZvPIXuB/Es5UXH25JbQ=
117,-10,sXEqLcNGC5LkFTvpbQFw19Sdxs0=,8dJMgjMXZvPIXuB/Es5UXH25JbQ=
116,-10,sXEqLcNGC5LkFTvpbQFw19Sdxs0=,8dJMgjMXZvPIXuB/Es5UXH25JbQ=
113,-16,sXEqLcNGC5LkFTvpbQFw19Sdxs0=,8dJMgjMXZvPIXuB/Es5UXH25JbQ=
114,-16,sXEqLcNGC5LkFTvpbQFw19Sdxs0=,8dJMgjMXZvPIXuB/Es5UXH25JbQ=
115,-16,sXEqLcNGC5LkFTvpbQFw19Sdxs0=,8dJMgjMXZvPIXuB/Es5UXH25JbQ=
116,-16,sXEqLcNGC5LkFTvpbQFw19Sdxs0=,8dJMgjMXZvPIXuB/Es5UXH25JbQ=
120,-14,sXEqLcNGC5LkFTvpbQFw19Sdxs0=,FioYKnluvFHX0Mr9YPI5JXwqnAk=
118,-10,sXEqLcNGC5LkFTvpbQFw19Sdxs0=,8dJMgjMXZvPIXuB/Es5UXH25JbQ=
119,-10,sXEqLcNGC5LkFTvpbQFw19Sdxs0=,8dJMgjMXZvPIXuB/Es5UXH25JbQ=
117,-16,sXEqLcNGC5LkFTvpbQFw19Sdxs0=,8dJMgjMXZvPIXuB/Es5UXH25JbQ=
120,-13,sXEqLcNGC5LkFTvpbQFw19Sdxs0=,FioYKnluvFHX0Mr9YPI5JXwqnAk=
118,-16,sXEqLcNGC5LkFTvpbQFw19Sdxs0=,8dJMgjMXZvPIXuB/Es5UXH25JbQ=
119,-16,sXEqLcNGC5LkFTvpbQFw19Sdxs0=,8dJMgjMXZvPIXuB/Es5UXH25JbQ=
113,-15,sXEqLcNGC5LkFTvpbQFw19Sdxs0=,8dJMgjMXZvPIXuB/Es5UXH25JbQ=
112,-15,sXEqLcNGC5LkFTvpbQFw19Sdxs0=,8dJMgjMXZvPIXuB/Es5UXH25JbQ=
114,-15,sXEqLcNGC5LkFTvpbQFw19Sdxs0=,8dJMgjMXZvPIXuB/Es5UXH25JbQ=
115,-15,sXEqLcNGC5LkFTvpbQFw19Sdxs0=,8dJMgjMXZvPIXuB/Es5UXH25JbQ=
116,-15,sXEqLcNGC5LkFTvpbQFw19Sdxs0=,8dJMgjMXZvPIXuB/Es5UXH25JbQ=
117,-15,sXEqLcNGC5LkFTvpbQFw19Sdxs0=,8dJMgjMXZvPIXuB/Es5UXH25JbQ=
119,-15,sXEqLcNGC5LkFTvpbQFw19Sdxs0=,8dJMgjMXZvPIXuB/Es5UXH25JbQ=
112,-14,sXEqLcNGC5LkFTvpbQFw19Sdxs0=,8dJMgjMXZvPIXuB/Es5UXH25JbQ=
118,-15,sXEqLcNGC5LkFTvpbQFw19Sdxs0=,8dJMgjMXZvPIXuB/Es5UXH25JbQ=
120,-12,sXEqLcNGC5LkFTvpbQFw19Sdxs0=,FioYKnluvFHX0Mr9YPI5JXwqnAk=
113,-14,sXEqLcNGC5LkFTvpbQFw19Sdxs0=,8dJMgjMXZvPIXuB/Es5UXH25JbQ=
114,-14,sXEqLcNGC5LkFTvpbQFw19Sdxs0=,8dJMgjMXZvPIXuB/Es5UXH25JbQ=
115,-14,sXEqLcNGC5LkFTvpbQFw19Sdxs0=,8dJMgjMXZvPIXuB/Es5UXH25JbQ=
116,-14,sXEqLcNGC5LkFTvpbQFw19Sdxs0=,8dJMgjMXZvPIXuB/Es5UXH25JbQ=
117,-14,sXEqLcNGC5LkFTvpbQFw19Sdxs0=,8dJMgjMXZvPIXuB/Es5UXH25JbQ=
119,-14,sXEqLcNGC5LkFTvpbQFw19Sdxs0=,8dJMgjMXZvPIXuB/Es5UXH25JbQ=
118,-14,sXEqLcNGC5LkFTvpbQFw19Sdxs0=,8dJMgjMXZvPIXuB/Es5UXH25JbQ=
112,-13,sXEqLcNGC5LkFTvpbQFw19Sdxs0=,8dJMgjMXZvPIXuB/Es5UXH25JbQ=
116,-5,sXEqLcNGC5LkFTvpbQFw19Sdxs0=,PWG15LZWIESA9wtjfIkuzoPqMdU=
117,-5,sXEqLcNGC5LkFTvpbQFw19Sdxs0=,PWG15LZWIESA9wtjfIkuzoPqMdU=
112,-4,sXEqLcNGC5LkFTvpbQFw19Sdxs0=,PWG15LZWIESA9wtjfIkuzoPqMdU=
118,-5,sXEqLcNGC5LkFTvpbQFw19Sdxs0=,PWG15LZWIESA9wtjfIkuzoPqMdU=
113,-4,sXEqLcNGC5LkFTvpbQFw19Sdxs0=,PWG15LZWIESA9wtjfIkuzoPqMdU=
114,-4,sXEqLcNGC5LkFTvpbQFw19Sdxs0=,PWG15LZWIESA9wtjfIkuzoPqMdU=
115,-4,sXEqLcNGC5LkFTvpbQFw19Sdxs0=,PWG15LZWIESA9wtjfIkuzoPqMdU=
117,-4,sXEqLcNGC5LkFTvpbQFw19Sdxs0=,PWG15LZWIESA9wtjfIkuzoPqMdU=
116,-4,sXEqLcNGC5LkFTvpbQFw19Sdxs0=,PWG15LZWIESA9wtjfIkuzoPqMdU=
112,-9,sXEqLcNGC5LkFTvpbQFw19Sdxs0=,8dJMgjMXZvPIXuB/Es5UXH25JbQ=
118,-4,sXEqLcNGC5LkFTvpbQFw19Sdxs0=,PWG15LZWIESA9wtjfIkuzoPqMdU=
113,-9,sXEqLcNGC5LkFTvpbQFw19Sdxs0=,8dJMgjMXZvPIXuB/Es5UXH25JbQ=
115,-9,sXEqLcNGC5LkFTvpbQFw19Sdxs0=,8dJMgjMXZvPIXuB/Es5UXH25JbQ=
114,-9,sXEqLcNGC5LkFTvpbQFw19Sdxs0=,8dJMgjMXZvPIXuB/Es5UXH25JbQ=
112,-3,sXEqLcNGC5LkFTvpbQFw19Sdxs0=,PWG15LZWIESA9wtjfIkuzoPqMdU=
113,-3,sXEqLcNGC5LkFTvpbQFw19Sdxs0=,PWG15LZWIESA9wtjfIkuzoPqMdU=
117,-1,sXEqLcNGC5LkFTvpbQFw19Sdxs0=,PWG15LZWIESA9wtjfIkuzoPqMdU=
118,-1,sXEqLcNGC5LkFTvpbQFw19Sdxs0=,PWG15LZWIESA9wtjfIkuzoPqMdU=
116,-1,sXEqLcNGC5LkFTvpbQFw19Sdxs0=,PWG15LZWIESA9wtjfIkuzoPqMdU=
114,-5,sXEqLcNGC5LkFTvpbQFw19Sdxs0=,PWG15LZWIESA9wtjfIkuzoPqMdU=
115,-5,sXEqLcNGC5LkFTvpbQFw19Sdxs0=,PWG15LZWIESA9wtjfIkuzoPqMdU=
114,-3,sXEqLcNGC5LkFTvpbQFw19Sdxs0=,PWG15LZWIESA9wtjfIkuzoPqMdU=
115,-3,sXEqLcNGC5LkFTvpbQFw19Sdxs0=,PWG15LZWIESA9wtjfIkuzoPqMdU=
116,-9,sXEqLcNGC5LkFTvpbQFw19Sdxs0=,8dJMgjMXZvPIXuB/Es5UXH25JbQ=
116,-3,sXEqLcNGC5LkFTvpbQFw19Sdxs0=,PWG15LZWIESA9wtjfIkuzoPqMdU=
118,-9,sXEqLcNGC5LkFTvpbQFw19Sdxs0=,8dJMgjMXZvPIXuB/Es5UXH25JbQ=
117,-9,sXEqLcNGC5LkFTvpbQFw19Sdxs0=,8dJMgjMXZvPIXuB/Es5UXH25JbQ=
117,-3,sXEqLcNGC5LkFTvpbQFw19Sdxs0=,PWG15LZWIESA9wtjfIkuzoPqMdU=
118,-3,sXEqLcNGC5LkFTvpbQFw19Sdxs0=,PWG15LZWIESA9wtjfIkuzoPqMdU=
115,-1,sXEqLcNGC5LkFTvpbQFw19Sdxs0=,PWG15LZWIESA9wtjfIkuzoPqMdU=
113,-5,sXEqLcNGC5LkFTvpbQFw19Sdxs0=,PWG15LZWIESA9wtjfIkuzoPqMdU=
114,-1,sXEqLcNGC5LkFTvpbQFw19Sdxs0=,PWG15LZWIESA9wtjfIkuzoPqMdU=
112,-8,sXEqLcNGC5LkFTvpbQFw19Sdxs0=,PWG15LZWIESA9wtjfIkuzoPqMdU=
113,-8,sXEqLcNGC5LkFTvpbQFw19Sdxs0=,PWG15LZWIESA9wtjfIkuzoPqMdU=
112,-2,sXEqLcNGC5LkFTvpbQFw19Sdxs0=,PWG15LZWIESA9wtjfIkuzoPqMdU=
112,-5,sXEqLcNGC5LkFTvpbQFw19Sdxs0=,PWG15LZWIESA9wtjfIkuzoPqMdU=
114,-8,sXEqLcNGC5LkFTvpbQFw19Sdxs0=,PWG15LZWIESA9wtjfIkuzoPqMdU=
113,-1,sXEqLcNGC5LkFTvpbQFw19Sdxs0=,PWG15LZWIESA9wtjfIkuzoPqMdU=
118,-6,sXEqLcNGC5LkFTvpbQFw19Sdxs0=,PWG15LZWIESA9wtjfIkuzoPqMdU=
117,-6,sXEqLcNGC5LkFTvpbQFw19Sdxs0=,PWG15LZWIESA9wtjfIkuzoPqMdU=
112,-1,sXEqLcNGC5LkFTvpbQFw19Sdxs0=,PWG15LZWIESA9wtjfIkuzoPqMdU=
116,-6,sXEqLcNGC5LkFTvpbQFw19Sdxs0=,PWG15LZWIESA9wtjfIkuzoPqMdU=
115,-6,sXEqLcNGC5LkFTvpbQFw19Sdxs0=,PWG15LZWIESA9wtjfIkuzoPqMdU=
114,-6,sXEqLcNGC5LkFTvpbQFw19Sdxs0=,PWG15LZWIESA9wtjfIkuzoPqMdU=
115,-8,sXEqLcNGC5LkFTvpbQFw19Sdxs0=,PWG15LZWIESA9wtjfIkuzoPqMdU=
113,-2,sXEqLcNGC5LkFTvpbQFw19Sdxs0=,PWG15LZWIESA9wtjfIkuzoPqMdU=
114,-2,sXEqLcNGC5LkFTvpbQFw19Sdxs0=,PWG15LZWIESA9wtjfIkuzoPqMdU=
116,-8,sXEqLcNGC5LkFTvpbQFw19Sdxs0=,PWG15LZWIESA9wtjfIkuzoPqMdU=
115,-2,sXEqLcNGC5LkFTvpbQFw19Sdxs0=,PWG15LZWIESA9wtjfIkuzoPqMdU=
113,-6,sXEqLcNGC5LkFTvpbQFw19Sdxs0=,PWG15LZWIESA9wtjfIkuzoPqMdU=
112,-6,sXEqLcNGC5LkFTvpbQFw19Sdxs0=,PWG15LZWIESA9wtjfIkuzoPqMdU=
118,-7,sXEqLcNGC5LkFTvpbQFw19Sdxs0=,PWG15LZWIESA9wtjfIkuzoPqMdU=
118,-2,sXEqLcNGC5LkFTvpbQFw19Sdxs0=,PWG15LZWIESA9wtjfIkuzoPqMdU=
117,-7,sXEqLcNGC5LkFTvpbQFw19Sdxs0=,PWG15LZWIESA9wtjfIkuzoPqMdU=
116,-7,sXEqLcNGC5LkFTvpbQFw19Sdxs0=,PWG15LZWIESA9wtjfIkuzoPqMdU=
115,-7,sXEqLcNGC5LkFTvpbQFw19Sdxs0=,PWG15LZWIESA9wtjfIkuzoPqMdU=
114,-7,sXEqLcNGC5LkFTvpbQFw19Sdxs0=,PWG15LZWIESA9wtjfIkuzoPqMdU=
116,-2,sXEqLcNGC5LkFTvpbQFw19Sdxs0=,PWG15LZWIESA9wtjfIkuzoPqMdU=
113,-7,sXEqLcNGC5LkFTvpbQFw19Sdxs0=,PWG15LZWIESA9wtjfIkuzoPqMdU=
117,-8,sXEqLcNGC5LkFTvpbQFw19Sdxs0=,PWG15LZWIESA9wtjfIkuzoPqMdU=
118,-8,sXEqLcNGC5LkFTvpbQFw19Sdxs0=,PWG15LZWIESA9wtjfIkuzoPqMdU=
112,-7,sXEqLcNGC5LkFTvpbQFw19Sdxs0=,PWG15LZWIESA9wtjfIkuzoPqMdU=
117,-2,sXEqLcNGC5LkFTvpbQFw19Sdxs0=,PWG15LZWIESA9wtjfIkuzoPqMdU=
124,-6,sXEqLcNGC5LkFTvpbQFw19Sdxs0=,zSEO13Jucq8xFj+9lDK4JWwr/y4=
124,-9,sXEqLcNGC5LkFTvpbQFw19Sdxs0=,FioYKnluvFHX0Mr9YPI5JXwqnAk=
124,-1,sXEqLcNGC5LkFTvpbQFw19Sdxs0=,zSEO13Jucq8xFj+9lDK4JWwr/y4=
125,-1,sXEqLcNGC5LkFTvpbQFw19Sdxs0=,zSEO13Jucq8xFj+9lDK4JWwr/y4=
126,-1,sXEqLcNGC5LkFTvpbQFw19Sdxs0=,zSEO13Jucq8xFj+9lDK4JWwr/y4=
119,-1,sXEqLcNGC5LkFTvpbQFw19Sdxs0=,PWG15LZWIESA9wtjfIkuzoPqMdU=
123,-4,sXEqLcNGC5LkFTvpbQFw19Sdxs0=,zSEO13Jucq8xFj+9lDK4JWwr/y4=
123,-9,sXEqLcNGC5LkFTvpbQFw19Sdxs0=,FioYKnluvFHX0Mr9YPI5JXwqnAk=
122,-9,sXEqLcNGC5LkFTvpbQFw19Sdxs0=,FioYKnluvFHX0Mr9YPI5JXwqnAk=
121,-9,sXEqLcNGC5LkFTvpbQFw19Sdxs0=,FioYKnluvFHX0Mr9YPI5JXwqnAk=
127,-1,sXEqLcNGC5LkFTvpbQFw19Sdxs0=,zSEO13Jucq8xFj+9lDK4JWwr/y4=
123,-1,sXEqLcNGC5LkFTvpbQFw19Sdxs0=,zSEO13Jucq8xFj+9lDK4JWwr/y4=
122,-1,sXEqLcNGC5LkFTvpbQFw19Sdxs0=,zSEO13Jucq8xFj+9lDK4JWwr/y4=
120,-9,sXEqLcNGC5LkFTvpbQFw19Sdxs0=,FioYKnluvFHX0Mr9YPI5JXwqnAk=
123,-6,sXEqLcNGC5LkFTvpbQFw19Sdxs0=,zSEO13Jucq8xFj+9lDK4JWwr/y4=
122,-4,sXEqLcNGC5LkFTvpbQFw19Sdxs0=,zSEO13Jucq8xFj+9lDK4JWwr/y4=
121,-1,sXEqLcNGC5LkFTvpbQFw19Sdxs0=,zSEO13Jucq8xFj+9lDK4JWwr/y4=
120,-1,sXEqLcNGC5LkFTvpbQFw19Sdxs0=,zSEO13Jucq8xFj+9lDK4JWwr/y4=
125,-2,sXEqLcNGC5LkFTvpbQFw19Sdxs0=,zSEO13Jucq8xFj+9lDK4JWwr/y4=
127,-3,sXEqLcNGC5LkFTvpbQFw19Sdxs0=,zSEO13Jucq8xFj+9lDK4JWwr/y4=
119,-6,sXEqLcNGC5LkFTvpbQFw19Sdxs0=,PWG15LZWIESA9wtjfIkuzoPqMdU=
127,-2,sXEqLcNGC5LkFTvpbQFw19Sdxs0=,zSEO13Jucq8xFj+9lDK4JWwr/y4=
123,-8,sXEqLcNGC5LkFTvpbQFw19Sdxs0=,zSEO13Jucq8xFj+9lDK4JWwr/y4=
123,-5,sXEqLcNGC5LkFTvpbQFw19Sdxs0=,zSEO13Jucq8xFj+9lDK4JWwr/y4=
121,-4,sXEqLcNGC5LkFTvpbQFw19Sdxs0=,zSEO13Jucq8xFj+9lDK4JWwr/y4=
122,-5,sXEqLcNGC5LkFTvpbQFw19Sdxs0=,zSEO13Jucq8xFj+9lDK4JWwr/y4=
122,-6,sXEqLcNGC5LkFTvpbQFw19Sdxs0=,zSEO13Jucq8xFj+9lDK4JWwr/y4=
126,-3,sXEqLcNGC5LkFTvpbQFw19Sdxs0=,zSEO13Jucq8xFj+9lDK4JWwr/y4=
121,-6,sXEqLcNGC5LkFTvpbQFw19Sdxs0=,zSEO13Jucq8xFj+9lDK4JWwr/y4=
119,-7,sXEqLcNGC5LkFTvpbQFw19Sdxs0=,PWG15LZWIESA9wtjfIkuzoPqMdU=
119,-2,sXEqLcNGC5LkFTvpbQFw19Sdxs0=,PWG15LZWIESA9wtjfIkuzoPqMdU=
121,-5,sXEqLcNGC5LkFTvpbQFw19Sdxs0=,zSEO13Jucq8xFj+9lDK4JWwr/y4=
120,-4,sXEqLcNGC5LkFTvpbQFw19Sdxs0=,zSEO13Jucq8xFj+9lDK4JWwr/y4=
124,-2,sXEqLcNGC5LkFTvpbQFw19Sdxs0=,zSEO13Jucq8xFj+9lDK4JWwr/y4=
127,-5,sXEqLcNGC5LkFTvpbQFw19Sdxs0=,zSEO13Jucq8xFj+9lDK4JWwr/y4=
120,-6,sXEqLcNGC5LkFTvpbQFw19Sdxs0=,zSEO13Jucq8xFj+9lDK4JWwr/y4=
119,-8,sXEqLcNGC5LkFTvpbQFw19Sdxs0=,PWG15LZWIESA9wtjfIkuzoPqMdU=
125,-3,sXEqLcNGC5LkFTvpbQFw19Sdxs0=,zSEO13Jucq8xFj+9lDK4JWwr/y4=
120,-5,sXEqLcNGC5LkFTvpbQFw19Sdxs0=,zSEO13Jucq8xFj+9lDK4JWwr/y4=
123,-7,sXEqLcNGC5LkFTvpbQFw19Sdxs0=,zSEO13Jucq8xFj+9lDK4JWwr/y4=
127,-7,sXEqLcNGC5LkFTvpbQFw19Sdxs0=,zSEO13Jucq8xFj+9lDK4JWwr/y4=
126,-7,sXEqLcNGC5LkFTvpbQFw19Sdxs0=,zSEO13Jucq8xFj+9lDK4JWwr/y4=
119,-3,sXEqLcNGC5LkFTvpbQFw19Sdxs0=,PWG15LZWIESA9wtjfIkuzoPqMdU=
119,-9,sXEqLcNGC5LkFTvpbQFw19Sdxs0=,8dJMgjMXZvPIXuB/Es5UXH25JbQ=
121,-7,sXEqLcNGC5LkFTvpbQFw19Sdxs0=,zSEO13Jucq8xFj+9lDK4JWwr/y4=
122,-7,sXEqLcNGC5LkFTvpbQFw19Sdxs0=,zSEO13Jucq8xFj+9lDK4JWwr/y4=
120,-7,sXEqLcNGC5LkFTvpbQFw19Sdxs0=,zSEO13Jucq8xFj+9lDK4JWwr/y4=
124,-5,sXEqLcNGC5LkFTvpbQFw19Sdxs0=,zSEO13Jucq8xFj+9lDK4JWwr/y4=
125,-5,sXEqLcNGC5LkFTvpbQFw19Sdxs0=,zSEO13Jucq8xFj+9lDK4JWwr/y4=
126,-5,sXEqLcNGC5LkFTvpbQFw19Sdxs0=,zSEO13Jucq8xFj+9lDK4JWwr/y4=
119,-5,sXEqLcNGC5LkFTvpbQFw19Sdxs0=,PWG15LZWIESA9wtjfIkuzoPqMdU=
125,-9,sXEqLcNGC5LkFTvpbQFw19Sdxs0=,FioYKnluvFHX0Mr9YPI5JXwqnAk=
127,-8,sXEqLcNGC5LkFTvpbQFw19Sdxs0=,zSEO13Jucq8xFj+9lDK4JWwr/y4=
126,-8,sXEqLcNGC5LkFTvpbQFw19Sdxs0=,zSEO13Jucq8xFj+9lDK4JWwr/y4=
125,-6,sXEqLcNGC5LkFTvpbQFw19Sdxs0=,zSEO13Jucq8xFj+9lDK4JWwr/y4=
120,-8,sXEqLcNGC5LkFTvpbQFw19Sdxs0=,zSEO13Jucq8xFj+9lDK4JWwr/y4=
126,-2,sXEqLcNGC5LkFTvpbQFw19Sdxs0=,zSEO13Jucq8xFj+9lDK4JWwr/y4=
124,-3,sXEqLcNGC5LkFTvpbQFw19Sdxs0=,zSEO13Jucq8xFj+9lDK4JWwr/y4=
122,-8,sXEqLcNGC5LkFTvpbQFw19Sdxs0=,zSEO13Jucq8xFj+9lDK4JWwr/y4=
125,-8,sXEqLcNGC5LkFTvpbQFw19Sdxs0=,zSEO13Jucq8xFj+9lDK4JWwr/y4=
127,-6,sXEqLcNGC5LkFTvpbQFw19Sdxs0=,zSEO13Jucq8xFj+9lDK4JWwr/y4=
119,-4,sXEqLcNGC5LkFTvpbQFw19Sdxs0=,PWG15LZWIESA9wtjfIkuzoPqMdU=
122,-2,sXEqLcNGC5LkFTvpbQFw19Sdxs0=,zSEO13Jucq8xFj+9lDK4JWwr/y4=
121,-8,sXEqLcNGC5LkFTvpbQFw19Sdxs0=,zSEO13Jucq8xFj+9lDK4JWwr/y4=
123,-2,sXEqLcNGC5LkFTvpbQFw19Sdxs0=,zSEO13Jucq8xFj+9lDK4JWwr/y4=
121,-2,sXEqLcNGC5LkFTvpbQFw19Sdxs0=,zSEO13Jucq8xFj+9lDK4JWwr/y4=
126,-6,sXEqLcNGC5LkFTvpbQFw19Sdxs0=,zSEO13Jucq8xFj+9lDK4JWwr/y4=
121,-3,sXEqLcNGC5LkFTvpbQFw19Sdxs0=,zSEO13Jucq8xFj+9lDK4JWwr/y4=
120,-3,sXEqLcNGC5LkFTvpbQFw19Sdxs0=,zSEO13Jucq8xFj+9lDK4JWwr/y4=
127,-4,sXEqLcNGC5LkFTvpbQFw19Sdxs0=,zSEO13Jucq8xFj+9lDK4JWwr/y4=
126,-4,sXEqLcNGC5LkFTvpbQFw19Sdxs0=,zSEO13Jucq8xFj+9lDK4JWwr/y4=
127,-9,sXEqLcNGC5LkFTvpbQFw19Sdxs0=,FioYKnluvFHX0Mr9YPI5JXwqnAk=
123,-3,sXEqLcNGC5LkFTvpbQFw19Sdxs0=,zSEO13Jucq8xFj+9lDK4JWwr/y4=
122,-3,sXEqLcNGC5LkFTvpbQFw19Sdxs0=,zSEO13Jucq8xFj+9lDK4JWwr/y4=
124,-7,sXEqLcNGC5LkFTvpbQFw19Sdxs0=,zSEO13Jucq8xFj+9lDK4JWwr/y4=
120,-2,sXEqLcNGC5LkFTvpbQFw19Sdxs0=,zSEO13Jucq8xFj+9lDK4JWwr/y4=
126,-9,sXEqLcNGC5LkFTvpbQFw19Sdxs0=,FioYKnluvFHX0Mr9YPI5JXwqnAk=
124,-4,sXEqLcNGC5LkFTvpbQFw19Sdxs0=,zSEO13Jucq8xFj+9lDK4JWwr/y4=
124,-8,sXEqLcNGC5LkFTvpbQFw19Sdxs0=,zSEO13Jucq8xFj+9lDK4JWwr/y4=
125,-7,sXEqLcNGC5LkFTvpbQFw19Sdxs0=,zSEO13Jucq8xFj+9lDK4JWwr/y4=
125,-4,sXEqLcNGC5LkFTvpbQFw19Sdxs0=,zSEO13Jucq8xFj+9lDK4JWwr/y4=
121,-31,sXEqLcNGC5LkFTvpbQFw19Sdxs0=,fUI25t+y6yEazlnTM5m/WNF+TVg=
122,-31,eSIHy+2EBL8SHEUTTjFHXjCVwrQ=,fUI25t+y6yEazlnTM5m/WNF+TVg=
126,-26,eSIHy+2EBL8SHEUTTjFHXjCVwrQ=,fUI25t+y6yEazlnTM5m/WNF+TVg=
124,-26,pSNxrQ1RKDFm11DILQEtKtCWKS8=,fUI25t+y6yEazlnTM5m/WNF+TVg=
123,-26,pSNxrQ1RKDFm11DILQEtKtCWKS8=,fUI25t+y6yEazlnTM5m/WNF+TVg=
125,-26,pSNxrQ1RKDFm11DILQEtKtCWKS8=,fUI25t+y6yEazlnTM5m/WNF+TVg=
122,-26,4XrHiC70WKcLIHP7wcY2LlrGxbY=,fUI25t+y6yEazlnTM5m/WNF+TVg=
121,-26,DnmzWiZdC9WY/UWg3zmv570wQz0=,fUI25t+y6yEazlnTM5m/WNF+TVg=
125,-27,DnmzWiZdC9WY/UWg3zmv570wQz0=,fUI25t+y6yEazlnTM5m/WNF+TVg=
126,-27,DnmzWiZdC9WY/UWg3zmv570wQz0=,fUI25t+y6yEazlnTM5m/WNF+TVg=
124,-27,DnmzWiZdC9WY/UWg3zmv570wQz0=,fUI25t+y6yEazlnTM5m/WNF+TVg=
123,-27,DnmzWiZdC9WY/UWg3zmv570wQz0=,fUI25t+y6yEazlnTM5m/WNF+TVg=
121,-27,DnmzWiZdC9WY/UWg3zmv570wQz0=,fUI25t+y6yEazlnTM5m/WNF+TVg=
122,-27,DnmzWiZdC9WY/UWg3zmv570wQz0=,fUI25t+y6yEazlnTM5m/WNF+TVg=
126,-28,DnmzWiZdC9WY/UWg3zmv570wQz0=,fUI25t+y6yEazlnTM5m/WNF+TVg=
125,-28,DnmzWiZdC9WY/UWg3zmv570wQz0=,fUI25t+y6yEazlnTM5m/WNF+TVg=
124,-28,DnmzWiZdC9WY/UWg3zmv570wQz0=,fUI25t+y6yEazlnTM5m/WNF+TVg=
123,-28,DnmzWiZdC9WY/UWg3zmv570wQz0=,fUI25t+y6yEazlnTM5m/WNF+TVg=
122,-28,DnmzWiZdC9WY/UWg3zmv570wQz0=,fUI25t+y6yEazlnTM5m/WNF+TVg=
126,-29,DnmzWiZdC9WY/UWg3zmv570wQz0=,fUI25t+y6yEazlnTM5m/WNF+TVg=
121,-28,DnmzWiZdC9WY/UWg3zmv570wQz0=,fUI25t+y6yEazlnTM5m/WNF+TVg=
125,-29,DnmzWiZdC9WY/UWg3zmv570wQz0=,fUI25t+y6yEazlnTM5m/WNF+TVg=
124,-29,DnmzWiZdC9WY/UWg3zmv570wQz0=,fUI25t+y6yEazlnTM5m/WNF+TVg=
123,-29,DnmzWiZdC9WY/UWg3zmv570wQz0=,fUI25t+y6yEazlnTM5m/WNF+TVg=
122,-29,DnmzWiZdC9WY/UWg3zmv570wQz0=,fUI25t+y6yEazlnTM5m/WNF+TVg=
121,-29,DnmzWiZdC9WY/UWg3zmv570wQz0=,fUI25t+y6yEazlnTM5m/WNF+TVg=
125,-30,DnmzWiZdC9WY/UWg3zmv570wQz0=,fUI25t+y6yEazlnTM5m/WNF+TVg=
126,-30,DnmzWiZdC9WY/UWg3zmv570wQz0=,fUI25t+y6yEazlnTM5m/WNF+TVg=
124,-30,DnmzWiZdC9WY/UWg3zmv570wQz0=,fUI25t+y6yEazlnTM5m/WNF+TVg=
123,-30,DnmzWiZdC9WY/UWg3zmv570wQz0=,fUI25t+y6yEazlnTM5m/WNF+TVg=
122,-30,DnmzWiZdC9WY/UWg3zmv570wQz0=,fUI25t+y6yEazlnTM5m/WNF+TVg=
121,-30,DnmzWiZdC9WY/UWg3zmv570wQz0=,fUI25t+y6yEazlnTM5m/WNF+TVg=
125,-31,DnmzWiZdC9WY/UWg3zmv570wQz0=,fUI25t+y6yEazlnTM5m/WNF+TVg=
126,-31,DnmzWiZdC9WY/UWg3zmv570wQz0=,fUI25t+y6yEazlnTM5m/WNF+TVg=
124,-31,DnmzWiZdC9WY/UWg3zmv570wQz0=,fUI25t+y6yEazlnTM5m/WNF+TVg=
123,-31,DnmzWiZdC9WY/UWg3zmv570wQz0=,fUI25t+y6yEazlnTM5m/WNF+TVg=
124,-25,DnmzWiZdC9WY/UWg3zmv570wQz0=,fUI25t+y6yEazlnTM5m/WNF+TVg=
125,-25,DnmzWiZdC9WY/UWg3zmv570wQz0=,fUI25t+y6yEazlnTM5m/WNF+TVg=
122,-25,DnmzWiZdC9WY/UWg3zmv570wQz0=,fUI25t+y6yEazlnTM5m/WNF+TVg=
124,-17,DnmzWiZdC9WY/UWg3zmv570wQz0=,jLSl/yjv2eCoR5I6uMtfB5Csvxo=
126,-19,DnmzWiZdC9WY/UWg3zmv570wQz0=,jLSl/yjv2eCoR5I6uMtfB5Csvxo=
126,-25,DnmzWiZdC9WY/UWg3zmv570wQz0=,fUI25t+y6yEazlnTM5m/WNF+TVg=
121,-24,DnmzWiZdC9WY/UWg3zmv570wQz0=,jLSl/yjv2eCoR5I6uMtfB5Csvxo=
125,-17,DnmzWiZdC9WY/UWg3zmv570wQz0=,jLSl/yjv2eCoR5I6uMtfB5Csvxo=
124,-24,DnmzWiZdC9WY/UWg3zmv570wQz0=,jLSl/yjv2eCoR5I6uMtfB5Csvxo=
126,-17,DnmzWiZdC9WY/UWg3zmv570wQz0=,jLSl/yjv2eCoR5I6uMtfB5Csvxo=
125,-24,DnmzWiZdC9WY/UWg3zmv570wQz0=,jLSl/yjv2eCoR5I6uMtfB5Csvxo=
126,-24,DnmzWiZdC9WY/UWg3zmv570wQz0=,jLSl/yjv2eCoR5I6uMtfB5Csvxo=
122,-23,DnmzWiZdC9WY/UWg3zmv570wQz0=,jLSl/yjv2eCoR5I6uMtfB5Csvxo=
121,-23,DnmzWiZdC9WY/UWg3zmv570wQz0=,jLSl/yjv2eCoR5I6uMtfB5Csvxo=
124,-23,DnmzWiZdC9WY/UWg3zmv570wQz0=,jLSl/yjv2eCoR5I6uMtfB5Csvxo=
122,-24,DnmzWiZdC9WY/UWg3zmv570wQz0=,jLSl/yjv2eCoR5I6uMtfB5Csvxo=
124,-22,DnmzWiZdC9WY/UWg3zmv570wQz0=,jLSl/yjv2eCoR5I6uMtfB5Csvxo=
122,-21,DnmzWiZdC9WY/UWg3zmv570wQz0=,jLSl/yjv2eCoR5I6uMtfB5Csvxo=
125,-22,DnmzWiZdC9WY/UWg3zmv570wQz0=,jLSl/yjv2eCoR5I6uMtfB5Csvxo=
126,-22,DnmzWiZdC9WY/UWg3zmv570wQz0=,jLSl/yjv2eCoR5I6uMtfB5Csvxo=
125,-23,DnmzWiZdC9WY/UWg3zmv570wQz0=,jLSl/yjv2eCoR5I6uMtfB5Csvxo=
121,-20,DnmzWiZdC9WY/UWg3zmv570wQz0=,jLSl/yjv2eCoR5I6uMtfB5Csvxo=
126,-23,DnmzWiZdC9WY/UWg3zmv570wQz0=,jLSl/yjv2eCoR5I6uMtfB5Csvxo=
123,-21,DnmzWiZdC9WY/UWg3zmv570wQz0=,jLSl/yjv2eCoR5I6uMtfB5Csvxo=
121,-21,DnmzWiZdC9WY/UWg3zmv570wQz0=,jLSl/yjv2eCoR5I6uMtfB5Csvxo=
122,-20,DnmzWiZdC9WY/UWg3zmv570wQz0=,jLSl/yjv2eCoR5I6uMtfB5Csvxo=
123,-23,DnmzWiZdC9WY/UWg3zmv570wQz0=,jLSl/yjv2eCoR5I6uMtfB5Csvxo=
121,-19,DnmzWiZdC9WY/UWg3zmv570wQz0=,jLSl/yjv2eCoR5I6uMtfB5Csvxo=
123,-20,DnmzWiZdC9WY/UWg3zmv570wQz0=,jLSl/yjv2eCoR5I6uMtfB5Csvxo=
124,-21,DnmzWiZdC9WY/UWg3zmv570wQz0=,jLSl/yjv2eCoR5I6uMtfB5Csvxo=
124,-20,DnmzWiZdC9WY/UWg3zmv570wQz0=,jLSl/yjv2eCoR5I6uMtfB5Csvxo=
122,-19,DnmzWiZdC9WY/UWg3zmv570wQz0=,jLSl/yjv2eCoR5I6uMtfB5Csvxo=
125,-21,DnmzWiZdC9WY/UWg3zmv570wQz0=,jLSl/yjv2eCoR5I6uMtfB5Csvxo=
127,-19,DnmzWiZdC9WY/UWg3zmv570wQz0=,jLSl/yjv2eCoR5I6uMtfB5Csvxo=
121,-25,DnmzWiZdC9WY/UWg3zmv570wQz0=,fUI25t+y6yEazlnTM5m/WNF+TVg=
124,-18,DnmzWiZdC9WY/UWg3zmv570wQz0=,jLSl/yjv2eCoR5I6uMtfB5Csvxo=
127,-22,DnmzWiZdC9WY/UWg3zmv570wQz0=,jLSl/yjv2eCoR5I6uMtfB5Csvxo=
127,-23,DnmzWiZdC9WY/UWg3zmv570wQz0=,jLSl/yjv2eCoR5I6uMtfB5Csvxo=
125,-19,DnmzWiZdC9WY/UWg3zmv570wQz0=,jLSl/yjv2eCoR5I6uMtfB5Csvxo=
123,-18,DnmzWiZdC9WY/UWg3zmv570wQz0=,jLSl/yjv2eCoR5I6uMtfB5Csvxo=
123,-17,DnmzWiZdC9WY/UWg3zmv570wQz0=,jLSl/yjv2eCoR5I6uMtfB5Csvxo=
122,-17,DnmzWiZdC9WY/UWg3zmv570wQz0=,jLSl/yjv2eCoR5I6uMtfB5Csvxo=
127,-21,DnmzWiZdC9WY/UWg3zmv570wQz0=,jLSl/yjv2eCoR5I6uMtfB5Csvxo=
127,-20,DnmzWiZdC9WY/UWg3zmv570wQz0=,jLSl/yjv2eCoR5I6uMtfB5Csvxo=
127,-18,DnmzWiZdC9WY/UWg3zmv570wQz0=,jLSl/yjv2eCoR5I6uMtfB5Csvxo=
122,-18,DnmzWiZdC9WY/UWg3zmv570wQz0=,jLSl/yjv2eCoR5I6uMtfB5Csvxo=
125,-18,DnmzWiZdC9WY/UWg3zmv570wQz0=,jLSl/yjv2eCoR5I6uMtfB5Csvxo=
123,-22,DnmzWiZdC9WY/UWg3zmv570wQz0=,jLSl/yjv2eCoR5I6uMtfB5Csvxo=
126,-18,DnmzWiZdC9WY/UWg3zmv570wQz0=,jLSl/yjv2eCoR5I6uMtfB5Csvxo=
126,-21,DnmzWiZdC9WY/UWg3zmv570wQz0=,jLSl/yjv2eCoR5I6uMtfB5Csvxo=
124,-19,DnmzWiZdC9WY/UWg3zmv570wQz0=,jLSl/yjv2eCoR5I6uMtfB5Csvxo=
122,-22,DnmzWiZdC9WY/UWg3zmv570wQz0=,jLSl/yjv2eCoR5I6uMtfB5Csvxo=
123,-24,DnmzWiZdC9WY/UWg3zmv570wQz0=,jLSl/yjv2eCoR5I6uMtfB5Csvxo=
123,-25,DnmzWiZdC9WY/UWg3zmv570wQz0=,fUI25t+y6yEazlnTM5m/WNF+TVg=
121,-22,DnmzWiZdC9WY/UWg3zmv570wQz0=,jLSl/yjv2eCoR5I6uMtfB5Csvxo=
123,-19,DnmzWiZdC9WY/UWg3zmv570wQz0=,jLSl/yjv2eCoR5I6uMtfB5Csvxo=
121,-17,DnmzWiZdC9WY/UWg3zmv570wQz0=,jLSl/yjv2eCoR5I6uMtfB5Csvxo=
126,-20,DnmzWiZdC9WY/UWg3zmv570wQz0=,jLSl/yjv2eCoR5I6uMtfB5Csvxo=
125,-20,DnmzWiZdC9WY/UWg3zmv570wQz0=,jLSl/yjv2eCoR5I6uMtfB5Csvxo=
121,-18,DnmzWiZdC9WY/UWg3zmv570wQz0=,jLSl/yjv2eCoR5I6uMtfB5Csvxo=
127,-25,DnmzWiZdC9WY/UWg3zmv570wQz0=,fUI25t+y6yEazlnTM5m/WNF+TVg=
127,-24,DnmzWiZdC9WY/UWg3zmv570wQz0=,jLSl/yjv2eCoR5I6uMtfB5Csvxo=
127,-31,DnmzWiZdC9WY/UWg3zmv570wQz0=,fUI25t+y6yEazlnTM5m/WNF+TVg=
127,-30,DnmzWiZdC9WY/UWg3zmv570wQz0=,fUI25t+y6yEazlnTM5m/WNF+TVg=
127,-29,DnmzWiZdC9WY/UWg3zmv570wQz0=,fUI25t+y6yEazlnTM5m/WNF+TVg=
127,-27,DnmzWiZdC9WY/UWg3zmv570wQz0=,fUI25t+y6yEazlnTM5m/WNF+TVg=
127,-28,DnmzWiZdC9WY/UWg3zmv570wQz0=,fUI25t+y6yEazlnTM5m/WNF+TVg=
127,-26,DnmzWiZdC9WY/UWg3zmv570wQz0=,fUI25t+y6yEazlnTM5m/WNF+TVg=
127,-32,DnmzWiZdC9WY/UWg3zmv570wQz0=,fUI25t+y6yEazlnTM5m/WNF+TVg=
121,-32,DnmzWiZdC9WY/UWg3zmv570wQz0=,fUI25t+y6yEazlnTM5m/WNF+TVg=
127,-17,DnmzWiZdC9WY/UWg3zmv570wQz0=,jLSl/yjv2eCoR5I6uMtfB5Csvxo=
126,-32,DnmzWiZdC9WY/UWg3zmv570wQz0=,fUI25t+y6yEazlnTM5m/WNF+TVg=
125,-32,DnmzWiZdC9WY/UWg3zmv570wQz0=,fUI25t+y6yEazlnTM5m/WNF+TVg=
122,-32,DnmzWiZdC9WY/UWg3zmv570wQz0=,fUI25t+y6yEazlnTM5m/WNF+TVg=
124,-32,DnmzWiZdC9WY/UWg3zmv570wQz0=,fUI25t+y6yEazlnTM5m/WNF+TVg=
123,-32,DnmzWiZdC9WY/UWg3zmv570wQz0=,fUI25t+y6yEazlnTM5m/WNF+TVg=
116,-21,DnmzWiZdC9WY/UWg3zmv570wQz0=,yj737KhR6wGufcqI6LUajjvWmD0=
120,-18,DnmzWiZdC9WY/UWg3zmv570wQz0=,jLSl/yjv2eCoR5I6uMtfB5Csvxo=
118,-21,DnmzWiZdC9WY/UWg3zmv570wQz0=,yj737KhR6wGufcqI6LUajjvWmD0=
117,-21,DnmzWiZdC9WY/UWg3zmv570wQz0=,yj737KhR6wGufcqI6LUajjvWmD0=
120,-19,DnmzWiZdC9WY/UWg3zmv570wQz0=,jLSl/yjv2eCoR5I6uMtfB5Csvxo=
120,-20,DnmzWiZdC9WY/UWg3zmv570wQz0=,jLSl/yjv2eCoR5I6uMtfB5Csvxo=
119,-21,DnmzWiZdC9WY/UWg3zmv570wQz0=,yj737KhR6wGufcqI6LUajjvWmD0=
112,-20,DnmzWiZdC9WY/UWg3zmv570wQz0=,yj737KhR6wGufcqI6LUajjvWmD0=
120,-23,DnmzWiZdC9WY/UWg3zmv570wQz0=,jLSl/yjv2eCoR5I6uMtfB5Csvxo=
113,-20,DnmzWiZdC9WY/UWg3zmv570wQz0=,yj737KhR6wGufcqI6LUajjvWmD0=
115,-20,DnmzWiZdC9WY/UWg3zmv570wQz0=,yj737KhR6wGufcqI6LUajjvWmD0=
114,-20,DnmzWiZdC9WY/UWg3zmv570wQz0=,yj737KhR6wGufcqI6LUajjvWmD0=
116,-20,DnmzWiZdC9WY/UWg3zmv570wQz0=,yj737KhR6wGufcqI6LUajjvWmD0=
120,-21,DnmzWiZdC9WY/UWg3zmv570wQz0=,jLSl/yjv2eCoR5I6uMtfB5Csvxo=
117,-20,DnmzWiZdC9WY/UWg3zmv570wQz0=,yj737KhR6wGufcqI6LUajjvWmD0=
119,-20,DnmzWiZdC9WY/UWg3zmv570wQz0=,yj737KhR6wGufcqI6LUajjvWmD0=
118,-20,DnmzWiZdC9WY/UWg3zmv570wQz0=,yj737KhR6wGufcqI6LUajjvWmD0=
112,-19,DnmzWiZdC9WY/UWg3zmv570wQz0=,yj737KhR6wGufcqI6LUajjvWmD0=
113,-19,DnmzWiZdC9WY/UWg3zmv570wQz0=,yj737KhR6wGufcqI6LUajjvWmD0=
114,-19,DnmzWiZdC9WY/UWg3zmv570wQz0=,yj737KhR6wGufcqI6LUajjvWmD0=
112,-23,DnmzWiZdC9WY/UWg3zmv570wQz0=,yj737KhR6wGufcqI6LUajjvWmD0=
115,-19,DnmzWiZdC9WY/UWg3zmv570wQz0=,yj737KhR6wGufcqI6LUajjvWmD0=
116,-19,DnmzWiZdC9WY/UWg3zmv570wQz0=,yj737KhR6wGufcqI6LUajjvWmD0=
120,-22,DnmzWiZdC9WY/UWg3zmv570wQz0=,jLSl/yjv2eCoR5I6uMtfB5Csvxo=
117,-19,DnmzWiZdC9WY/UWg3zmv570wQz0=,yj737KhR6wGufcqI6LUajjvWmD0=
118,-19,DnmzWiZdC9WY/UWg3zmv570wQz0=,yj737KhR6wGufcqI6LUajjvWmD0=
119,-19,DnmzWiZdC9WY/UWg3zmv570wQz0=,yj737KhR6wGufcqI6LUajjvWmD0=
113,-23,DnmzWiZdC9WY/UWg3zmv570wQz0=,yj737KhR6wGufcqI6LUajjvWmD0=
112,-18,DnmzWiZdC9WY/UWg3zmv570wQz0=,yj737KhR6wGufcqI6LUajjvWmD0=
114,-23,DnmzWiZdC9WY/UWg3zmv570wQz0=,yj737KhR6wGufcqI6LUajjvWmD0=
113,-18,DnmzWiZdC9WY/UWg3zmv570wQz0=,yj737KhR6wGufcqI6LUajjvWmD0=
115,-23,DnmzWiZdC9WY/UWg3zmv570wQz0=,yj737KhR6wGufcqI6LUajjvWmD0=
114,-18,DnmzWiZdC9WY/UWg3zmv570wQz0=,yj737KhR6wGufcqI6LUajjvWmD0=
116,-18,DnmzWiZdC9WY/UWg3zmv570wQz0=,yj737KhR6wGufcqI6LUajjvWmD0=
115,-18,DnmzWiZdC9WY/UWg3zmv570wQz0=,yj737KhR6wGufcqI6LUajjvWmD0=
116,-23,DnmzWiZdC9WY/UWg3zmv570wQz0=,yj737KhR6wGufcqI6LUajjvWmD0=
117,-18,DnmzWiZdC9WY/UWg3zmv570wQz0=,yj737KhR6wGufcqI6LUajjvWmD0=
117,-23,DnmzWiZdC9WY/UWg3zmv570wQz0=,yj737KhR6wGufcqI6LUajjvWmD0=
118,-23,DnmzWiZdC9WY/UWg3zmv570wQz0=,yj737KhR6wGufcqI6LUajjvWmD0=
118,-18,DnmzWiZdC9WY/UWg3zmv570wQz0=,yj737KhR6wGufcqI6LUajjvWmD0=
119,-18,DnmzWiZdC9WY/UWg3zmv570wQz0=,yj737KhR6wGufcqI6LUajjvWmD0=
119,-23,DnmzWiZdC9WY/UWg3zmv570wQz0=,yj737KhR6wGufcqI6LUajjvWmD0=
112,-22,DnmzWiZdC9WY/UWg3zmv570wQz0=,yj737KhR6wGufcqI6LUajjvWmD0=
112,-17,DnmzWiZdC9WY/UWg3zmv570wQz0=,yj737KhR6wGufcqI6LUajjvWmD0=
113,-22,DnmzWiZdC9WY/UWg3zmv570wQz0=,yj737KhR6wGufcqI6LUajjvWmD0=
114,-22,DnmzWiZdC9WY/UWg3zmv570wQz0=,yj737KhR6wGufcqI6LUajjvWmD0=
113,-17,DnmzWiZdC9WY/UWg3zmv570wQz0=,yj737KhR6wGufcqI6LUajjvWmD0=
114,-17,DnmzWiZdC9WY/UWg3zmv570wQz0=,yj737KhR6wGufcqI6LUajjvWmD0=
115,-22,DnmzWiZdC9WY/UWg3zmv570wQz0=,yj737KhR6wGufcqI6LUajjvWmD0=
116,-22,DnmzWiZdC9WY/UWg3zmv570wQz0=,yj737KhR6wGufcqI6LUajjvWmD0=
117,-22,DnmzWiZdC9WY/UWg3zmv570wQz0=,yj737KhR6wGufcqI6LUajjvWmD0=
118,-22,DnmzWiZdC9WY/UWg3zmv570wQz0=,yj737KhR6wGufcqI6LUajjvWmD0=
115,-17,DnmzWiZdC9WY/UWg3zmv570wQz0=,yj737KhR6wGufcqI6LUajjvWmD0=
116,-17,DnmzWiZdC9WY/UWg3zmv570wQz0=,yj737KhR6wGufcqI6LUajjvWmD0=
119,-22,DnmzWiZdC9WY/UWg3zmv570wQz0=,yj737KhR6wGufcqI6LUajjvWmD0=
120,-17,DnmzWiZdC9WY/UWg3zmv570wQz0=,jLSl/yjv2eCoR5I6uMtfB5Csvxo=
113,-21,DnmzWiZdC9WY/UWg3zmv570wQz0=,yj737KhR6wGufcqI6LUajjvWmD0=
112,-21,DnmzWiZdC9WY/UWg3zmv570wQz0=,yj737KhR6wGufcqI6LUajjvWmD0=
117,-17,DnmzWiZdC9WY/UWg3zmv570wQz0=,yj737KhR6wGufcqI6LUajjvWmD0=
118,-17,DnmzWiZdC9WY/UWg3zmv570wQz0=,yj737KhR6wGufcqI6LUajjvWmD0=
119,-17,DnmzWiZdC9WY/UWg3zmv570wQz0=,yj737KhR6wGufcqI6LUajjvWmD0=
114,-21,DnmzWiZdC9WY/UWg3zmv570wQz0=,yj737KhR6wGufcqI6LUajjvWmD0=
115,-21,DnmzWiZdC9WY/UWg3zmv570wQz0=,yj737KhR6wGufcqI6LUajjvWmD0=
116,-27,DnmzWiZdC9WY/UWg3zmv570wQz0=,u6bHIBf2Ir6FyFMRaJp3uuE+f9s=
118,-27,DnmzWiZdC9WY/UWg3zmv570wQz0=,u6bHIBf2Ir6FyFMRaJp3uuE+f9s=
117,-27,DnmzWiZdC9WY/UWg3zmv570wQz0=,u6bHIBf2Ir6FyFMRaJp3uuE+f9s=
119,-27,DnmzWiZdC9WY/UWg3zmv570wQz0=,u6bHIBf2Ir6FyFMRaJp3uuE+f9s=
115,-27,DnmzWiZdC9WY/UWg3zmv570wQz0=,u6bHIBf2Ir6FyFMRaJp3uuE+f9s=
114,-27,DnmzWiZdC9WY/UWg3zmv570wQz0=,u6bHIBf2Ir6FyFMRaJp3uuE+f9s=
120,-25,DnmzWiZdC9WY/UWg3zmv570wQz0=,fUI25t+y6yEazlnTM5m/WNF+TVg=
112,-26,DnmzWiZdC9WY/UWg3zmv570wQz0=,u6bHIBf2Ir6FyFMRaJp3uuE+f9s=
113,-27,DnmzWiZdC9WY/UWg3zmv570wQz0=,u6bHIBf2Ir6FyFMRaJp3uuE+f9s=
113,-26,DnmzWiZdC9WY/UWg3zmv570wQz0=,u6bHIBf2Ir6FyFMRaJp3uuE+f9s=
112,-27,DnmzWiZdC9WY/UWg3zmv570wQz0=,u6bHIBf2Ir6FyFMRaJp3uuE+f9s=
119,-28,DnmzWiZdC9WY/UWg3zmv570wQz0=,u6bHIBf2Ir6FyFMRaJp3uuE+f9s=
118,-28,DnmzWiZdC9WY/UWg3zmv570wQz0=,u6bHIBf2Ir6FyFMRaJp3uuE+f9s=
117,-28,DnmzWiZdC9WY/UWg3zmv570wQz0=,u6bHIBf2Ir6FyFMRaJp3uuE+f9s=
116,-28,DnmzWiZdC9WY/UWg3zmv570wQz0=,u6bHIBf2Ir6FyFMRaJp3uuE+f9s=
114,-26,DnmzWiZdC9WY/UWg3zmv570wQz0=,u6bHIBf2Ir6FyFMRaJp3uuE+f9s=
115,-28,DnmzWiZdC9WY/UWg3zmv570wQz0=,u6bHIBf2Ir6FyFMRaJp3uuE+f9s=
120,-26,DnmzWiZdC9WY/UWg3zmv570wQz0=,fUI25t+y6yEazlnTM5m/WNF+TVg=
115,-26,DnmzWiZdC9WY/UWg3zmv570wQz0=,u6bHIBf2Ir6FyFMRaJp3uuE+f9s=
114,-28,DnmzWiZdC9WY/UWg3zmv570wQz0=,u6bHIBf2Ir6FyFMRaJp3uuE+f9s=
120,-32,DnmzWiZdC9WY/UWg3zmv570wQz0=,fUI25t+y6yEazlnTM5m/WNF+TVg=
112,-32,DnmzWiZdC9WY/UWg3zmv570wQz0=,u6bHIBf2Ir6FyFMRaJp3uuE+f9s=
113,-28,DnmzWiZdC9WY/UWg3zmv570wQz0=,u6bHIBf2Ir6FyFMRaJp3uuE+f9s=
116,-26,DnmzWiZdC9WY/UWg3zmv570wQz0=,u6bHIBf2Ir6FyFMRaJp3uuE+f9s=
117,-26,DnmzWiZdC9WY/UWg3zmv570wQz0=,u6bHIBf2Ir6FyFMRaJp3uuE+f9s=
120,-24,DnmzWiZdC9WY/UWg3zmv570wQz0=,jLSl/yjv2eCoR5I6uMtfB5Csvxo=
118,-26,DnmzWiZdC9WY/UWg3zmv570wQz0=,u6bHIBf2Ir6FyFMRaJp3uuE+f9s=
119,-26,DnmzWiZdC9WY/UWg3zmv570wQz0=,u6bHIBf2Ir6FyFMRaJp3uuE+f9s=
113,-32,DnmzWiZdC9WY/UWg3zmv570wQz0=,u6bHIBf2Ir6FyFMRaJp3uuE+f9s=
115,-32,DnmzWiZdC9WY/UWg3zmv570wQz0=,u6bHIBf2Ir6FyFMRaJp3uuE+f9s=
114,-32,DnmzWiZdC9WY/UWg3zmv570wQz0=,u6bHIBf2Ir6FyFMRaJp3uuE+f9s=
112,-25,DnmzWiZdC9WY/UWg3zmv570wQz0=,u6bHIBf2Ir6FyFMRaJp3uuE+f9s=
112,-28,DnmzWiZdC9WY/UWg3zmv570wQz0=,u6bHIBf2Ir6FyFMRaJp3uuE+f9s=
119,-29,DnmzWiZdC9WY/UWg3zmv570wQz0=,u6bHIBf2Ir6FyFMRaJp3uuE+f9s=
118,-29,DnmzWiZdC9WY/UWg3zmv570wQz0=,u6bHIBf2Ir6FyFMRaJp3uuE+f9s=
120,-27,DnmzWiZdC9WY/UWg3zmv570wQz0=,fUI25t+y6yEazlnTM5m/WNF+TVg=
117,-29,DnmzWiZdC9WY/UWg3zmv570wQz0=,u6bHIBf2Ir6FyFMRaJp3uuE+f9s=
116,-29,DnmzWiZdC9WY/UWg3zmv570wQz0=,u6bHIBf2Ir6FyFMRaJp3uuE+f9s=
115,-29,DnmzWiZdC9WY/UWg3zmv570wQz0=,u6bHIBf2Ir6FyFMRaJp3uuE+f9s=
114,-29,DnmzWiZdC9WY/UWg3zmv570wQz0=,u6bHIBf2Ir6FyFMRaJp3uuE+f9s=
112,-29,DnmzWiZdC9WY/UWg3zmv570wQz0=,u6bHIBf2Ir6FyFMRaJp3uuE+f9s=
113,-29,DnmzWiZdC9WY/UWg3zmv570wQz0=,u6bHIBf2Ir6FyFMRaJp3uuE+f9s=
119,-30,DnmzWiZdC9WY/UWg3zmv570wQz0=,u6bHIBf2Ir6FyFMRaJp3uuE+f9s=
118,-30,DnmzWiZdC9WY/UWg3zmv570wQz0=,u6bHIBf2Ir6FyFMRaJp3uuE+f9s=
120,-28,DnmzWiZdC9WY/UWg3zmv570wQz0=,fUI25t+y6yEazlnTM5m/WNF+TVg=
117,-30,DnmzWiZdC9WY/UWg3zmv570wQz0=,u6bHIBf2Ir6FyFMRaJp3uuE+f9s=
116,-30,DnmzWiZdC9WY/UWg3zmv570wQz0=,u6bHIBf2Ir6FyFMRaJp3uuE+f9s=
115,-30,DnmzWiZdC9WY/UWg3zmv570wQz0=,u6bHIBf2Ir6FyFMRaJp3uuE+f9s=
113,-30,DnmzWiZdC9WY/UWg3zmv570wQz0=,u6bHIBf2Ir6FyFMRaJp3uuE+f9s=
114,-30,DnmzWiZdC9WY/UWg3zmv570wQz0=,u6bHIBf2Ir6FyFMRaJp3uuE+f9s=
112,-30,DnmzWiZdC9WY/UWg3zmv570wQz0=,u6bHIBf2Ir6FyFMRaJp3uuE+f9s=
119,-31,DnmzWiZdC9WY/UWg3zmv570wQz0=,u6bHIBf2Ir6FyFMRaJp3uuE+f9s=
119,-24,DnmzWiZdC9WY/UWg3zmv570wQz0=,yj737KhR6wGufcqI6LUajjvWmD0=
118,-24,DnmzWiZdC9WY/UWg3zmv570wQz0=,yj737KhR6wGufcqI6LUajjvWmD0=
118,-31,DnmzWiZdC9WY/UWg3zmv570wQz0=,u6bHIBf2Ir6FyFMRaJp3uuE+f9s=
117,-24,DnmzWiZdC9WY/UWg3zmv570wQz0=,yj737KhR6wGufcqI6LUajjvWmD0=
116,-24,DnmzWiZdC9WY/UWg3zmv570wQz0=,yj737KhR6wGufcqI6LUajjvWmD0=
117,-31,DnmzWiZdC9WY/UWg3zmv570wQz0=,u6bHIBf2Ir6FyFMRaJp3uuE+f9s=
116,-31,DnmzWiZdC9WY/UWg3zmv570wQz0=,u6bHIBf2Ir6FyFMRaJp3uuE+f9s=
115,-31,DnmzWiZdC9WY/UWg3zmv570wQz0=,u6bHIBf2Ir6FyFMRaJp3uuE+f9s=
115,-24,DnmzWiZdC9WY/UWg3zmv570wQz0=,yj737KhR6wGufcqI6LUajjvWmD0=
113,-31,DnmzWiZdC9WY/UWg3zmv570wQz0=,u6bHIBf2Ir6FyFMRaJp3uuE+f9s=
114,-31,DnmzWiZdC9WY/UWg3zmv570wQz0=,u6bHIBf2Ir6FyFMRaJp3uuE+f9s=
112,-31,DnmzWiZdC9WY/UWg3zmv570wQz0=,u6bHIBf2Ir6FyFMRaJp3uuE+f9s=
114,-24,DnmzWiZdC9WY/UWg3zmv570wQz0=,yj737KhR6wGufcqI6LUajjvWmD0=
113,-25,DnmzWiZdC9WY/UWg3zmv570wQz0=,u6bHIBf2Ir6FyFMRaJp3uuE+f9s=
114,-25,DnmzWiZdC9WY/UWg3zmv570wQz0=,u6bHIBf2Ir6FyFMRaJp3uuE+f9s=
120,-31,DnmzWiZdC9WY/UWg3zmv570wQz0=,fUI25t+y6yEazlnTM5m/WNF+TVg=
115,-25,DnmzWiZdC9WY/UWg3zmv570wQz0=,u6bHIBf2Ir6FyFMRaJp3uuE+f9s=
116,-32,DnmzWiZdC9WY/UWg3zmv570wQz0=,u6bHIBf2Ir6FyFMRaJp3uuE+f9s=
116,-25,DnmzWiZdC9WY/UWg3zmv570wQz0=,u6bHIBf2Ir6FyFMRaJp3uuE+f9s=
117,-25,DnmzWiZdC9WY/UWg3zmv570wQz0=,u6bHIBf2Ir6FyFMRaJp3uuE+f9s=
117,-32,DnmzWiZdC9WY/UWg3zmv570wQz0=,u6bHIBf2Ir6FyFMRaJp3uuE+f9s=
120,-30,DnmzWiZdC9WY/UWg3zmv570wQz0=,fUI25t+y6yEazlnTM5m/WNF+TVg=
118,-25,DnmzWiZdC9WY/UWg3zmv570wQz0=,u6bHIBf2Ir6FyFMRaJp3uuE+f9s=
119,-32,DnmzWiZdC9WY/UWg3zmv570wQz0=,u6bHIBf2Ir6FyFMRaJp3uuE+f9s=
118,-32,DnmzWiZdC9WY/UWg3zmv570wQz0=,u6bHIBf2Ir6FyFMRaJp3uuE+f9s=
119,-25,DnmzWiZdC9WY/UWg3zmv570wQz0=,u6bHIBf2Ir6FyFMRaJp3uuE+f9s=
113,-24,DnmzWiZdC9WY/UWg3zmv570wQz0=,yj737KhR6wGufcqI6LUajjvWmD0=
120,-29,DnmzWiZdC9WY/UWg3zmv570wQz0=,fUI25t+y6yEazlnTM5m/WNF+TVg=
112,-24,DnmzWiZdC9WY/UWg3zmv570wQz0=,yj737KhR6wGufcqI6LUajjvWmD0=
